{
"phas.inside": {"category":"hostile", "sounds": ["phas/ambient_inside"]},
"phas.outside": {"category":"hostile", "sounds": ["phas/ambient_outside"]},
"phas.adult": {"category":"hostile", "sounds": ["phas/adult"]},
"phas.attack": {"category":"hostile", "sounds": ["phas/attack"]},
"phas.away": {"category":"hostile", "sounds": ["phas/away"]},
"phas.behind": {"category":"hostile", "sounds": ["phas/behind"]},
"phas.child": {"category":"hostile", "sounds": ["phas/child"]},
"phas.close": {"category":"hostile", "sounds": ["phas/close"]},
"phas.death": {"category":"hostile", "sounds": ["phas/death"]},
"phas.die": {"category":"hostile", "sounds": ["phas/die"]},
"phas.far": {"category":"hostile", "sounds": ["phas/far"]},
"phas.hate": {"category":"hostile", "sounds": ["phas/hate"]},
"phas.here": {"category":"hostile", "sounds": ["phas/here"]},
"phas.hurt": {"category":"hostile", "sounds": ["phas/hurt"]},
"phas.kid": {"category":"hostile", "sounds": ["phas/kid"]},
"phas.kill": {"category":"hostile", "sounds": ["phas/kill"]},
"phas.next": {"category":"hostile", "sounds": ["phas/next"]},
"phas.old": {"category":"hostile", "sounds": ["phas/old"]},
"phas.choke": {"category":"hostile", "sounds": ["phas/choke"]},
"phas.ghostkill": {"category":"hostile", "sounds": ["phas/ghost_kill"]},
"phas.ghostuhh": {"category":"hostile", "sounds": ["phas/ghost_uhh"]},
"phas.heartbeat": {"category":"hostile", "sounds": ["phas/ghost_heartbeat"]},
"phas.emf2": {"category":"hostile", "sounds": ["phas/emf_2"]},
"phas.emf3": {"category":"hostile", "sounds": ["phas/emf_3"]},
"phas.emf4": {"category":"hostile", "sounds": ["phas/emf_4"]},
"phas.emf5": {"category":"hostile", "sounds": ["phas/emf_5"]},
"phas.click": {"category":"hostile", "sounds": ["phas/click"]},
"phas.pills": {"category":"hostile", "sounds": ["phas/pills"]},
"phas.ghosthey": {"category":"hostile", "sounds": ["phas/ghost_hey"]},
"phas.door1": {"category":"hostile", "sounds": ["phas/door1"]},
"phas.door2": {"category":"hostile", "sounds": ["phas/door2"]},
"phas.door3": {"category":"hostile", "sounds": ["phas/door3"]},
"phas.door4": {"category":"hostile", "sounds": ["phas/door4"]},
"phas.door5": {"category":"hostile", "sounds": ["phas/door5"]},
"phas.screwnether": {"category":"hostile", "sounds": ["phas/screwnether"]},
"phas.dontmine": {"category":"hostile", "sounds": ["phas/dontmine"]},
"phas.modageddon": {"category":"hostile", "sounds": ["phas/modageddon"]},
"phas.revenge": {"category":"hostile", "sounds": ["phas/revenge"]},
"phas.babycrying": {"category":"hostile", "sounds": ["phas/babycrying"]},
"phas.phone": {"category":"hostile", "sounds": ["phas/phone"]},
"phas.plate": {"category":"hostile", "sounds": ["phas/plate"]},
"phas.discord": {"category":"hostile", "sounds": ["phas/discord"]},
"phas.dryer": {"category":"hostile", "sounds": ["phas/dryer"]},
"phas.win10": {"category":"hostile", "sounds": ["phas/win10"]},
"phas.carhonk": {"category":"hostile", "sounds": ["phas/carhonk"]},
"phas.microwave": {"category":"hostile", "sounds": ["phas/microwave"]},
"phas.static": {"category":"hostile", "sounds": ["phas/static"]},
"phas.caralarm": {"category":"hostile", "sounds": ["phas/caralarm"]},
"phas.skullcrash": {"category":"hostile", "sounds": ["phas/skullcrash"]},
"phas.spiritbox": {"category":"hostile", "sounds": ["phas/spiritbox"]},
"phas.truck": {"category":"hostile", "sounds": ["phas/truck"]},
"phas.step1": {"category":"hostile", "sounds": ["phas/ghost_step1"]},
"phas.step2": {"category":"hostile", "sounds": ["phas/ghost_step2"]},
"phas.step3": {"category":"hostile", "sounds": ["phas/ghost_step3"]},
"phas.step4": {"category":"hostile", "sounds": ["phas/ghost_step4"]},
"phas.step5": {"category":"hostile", "sounds": ["phas/ghost_step5"]},
"phas.step6": {"category":"hostile", "sounds": ["phas/ghost_step6"]},
"phas.step7": {"category":"hostile", "sounds": ["phas/ghost_step7"]},
"phas.step8": {"category":"hostile", "sounds": ["phas/ghost_step8"]},
"phas.motorcycle": {"category":"hostile", "sounds": ["phas/motorcycle"]},
"phas.va1_1": {"category":"hostile", "sounds": ["phas/va11"]},
"phas.va1_2": {"category":"hostile", "sounds": ["phas/va12"]},
"phas.va1_3": {"category":"hostile", "sounds": ["phas/va13"]},
"phas.va1_4": {"category":"hostile", "sounds": ["phas/va14"]},
"phas.va1_5": {"category":"hostile", "sounds": ["phas/va15"]},
"phas.va1_6": {"category":"hostile", "sounds": ["phas/va16"]},
"phas.va1_7": {"category":"hostile", "sounds": ["phas/va17"]},
"phas.va1_8": {"category":"hostile", "sounds": ["phas/va18"]},
"phas.va1_9": {"category":"hostile", "sounds": ["phas/va19"]},
"phas.va1_10": {"category":"hostile", "sounds": ["phas/va20"]},
"phas.va2_1": {"category":"hostile", "sounds": ["phas/va31"]},
"phas.va2_2": {"category":"hostile", "sounds": ["phas/va32"]},
"phas.va2_3": {"category":"hostile", "sounds": ["phas/va33"]},
"phas.va3_1": {"category":"hostile", "sounds": ["phas/va41"]},
"phas.va3_2": {"category":"hostile", "sounds": ["phas/va42"]},
"phas.va3_3": {"category":"hostile", "sounds": ["phas/va43"]},
"phas.va3_4": {"category":"hostile", "sounds": ["phas/va44"]},
"phas.va3_5": {"category":"hostile", "sounds": ["phas/va45"]},
"phas.va3_6": {"category":"hostile", "sounds": ["phas/va46"]},
"phas.va3_7": {"category":"hostile", "sounds": ["phas/va47"]},
"phas.va3_8": {"category":"hostile", "sounds": ["phas/va48"]},
"phas.va3_9": {"category":"hostile", "sounds": ["phas/va49"]},
"phas.va3_10": {"category":"hostile", "sounds": ["phas/va50"]},
"phas.va4_1": {"category":"hostile", "sounds": ["phas/va61"]},
"phas.va4_2": {"category":"hostile", "sounds": ["phas/va62"]},
"phas.va4_3": {"category":"hostile", "sounds": ["phas/va63"]},
"phas.va4_4": {"category":"hostile", "sounds": ["phas/va64"]},
"phas.va4_5": {"category":"hostile", "sounds": ["phas/va65"]},
"phas.va4_6": {"category":"hostile", "sounds": ["phas/va66"]},
"phas.va4_7": {"category":"hostile", "sounds": ["phas/va67"]},
"phas.va4_8": {"category":"hostile", "sounds": ["phas/va68"]},
"phas.va4_9": {"category":"hostile", "sounds": ["phas/va69"]},
"phas.va4_10": {"category":"hostile", "sounds": ["phas/va70"]},
"phas.va1_11": {"category":"hostile", "sounds": ["phas/va71"]},
"phas.va1_12": {"category":"hostile", "sounds": ["phas/va72"]},
"phas.va1_13": {"category":"hostile", "sounds": ["phas/va73"]},
"phas.va1_14": {"category":"hostile", "sounds": ["phas/va74"]},
"phas.va1_15": {"category":"hostile", "sounds": ["phas/va75"]},
"phas.va2_4": {"category":"hostile", "sounds": ["phas/va76"]},
"phas.va2_7": {"category":"hostile", "sounds": ["phas/va77"]},
"phas.va2_5": {"category":"hostile", "sounds": ["phas/va78"]},
"phas.va2_6": {"category":"hostile", "sounds": ["phas/va79"]},
"phas.va3_11": {"category":"hostile", "sounds": ["phas/va80"]},
"phas.va3_12": {"category":"hostile", "sounds": ["phas/va81"]},
"phas.va3_13": {"category":"hostile", "sounds": ["phas/va82"]},
"phas.va3_14": {"category":"hostile", "sounds": ["phas/va83"]},
"phas.va3_15": {"category":"hostile", "sounds": ["phas/va84"]},
"phas.va4_11": {"category":"hostile", "sounds": ["phas/va85"]},
"phas.va4_12": {"category":"hostile", "sounds": ["phas/va86"]},
"phas.va4_13": {"category":"hostile", "sounds": ["phas/va87"]},
"phas.va4_14": {"category":"hostile", "sounds": ["phas/va88"]},
"phas.va4_15": {"category":"hostile", "sounds": ["phas/va89"]}
}