{
	"credit": "Made with Blockbench",
	"texture_size": [64, 64],
	"textures": {
		"3": "block/butcher-aggressive",
		"4": "block/blast_furnace_top",
		"6": "block/polished_blackstone",
		"particle": "butcher/butcher"
	},
	"elements": [
		{
			"name": "Head",
			"from": [4, 24, 4],
			"to": [12, 32, 12],
			"rotation": {"angle": 0, "axis": "y", "origin": [8, 28, 8]},
			"faces": {
				"north": {"uv": [2, 2, 4, 4], "texture": "#3"},
				"east": {"uv": [0, 2, 2, 4], "texture": "#3"},
				"south": {"uv": [6, 2, 8, 4], "texture": "#3"},
				"west": {"uv": [4, 2, 6, 4], "texture": "#3"},
				"up": {"uv": [4, 2, 2, 0], "texture": "#3"},
				"down": {"uv": [6, 0, 4, 2], "texture": "#3"}
			}
		},
		{
			"name": "Body",
			"from": [4, 12, 6],
			"to": [12, 24, 10],
			"rotation": {"angle": 0, "axis": "y", "origin": [8, 0, 8]},
			"faces": {
				"north": {"uv": [5, 5, 7, 8], "texture": "#3"},
				"east": {"uv": [4, 5, 5, 8], "texture": "#3"},
				"south": {"uv": [8, 5, 10, 8], "texture": "#3"},
				"west": {"uv": [7, 5, 8, 8], "texture": "#3"},
				"up": {"uv": [7, 5, 5, 4], "texture": "#3"},
				"down": {"uv": [9, 4, 7, 5], "texture": "#3"}
			}
		},
		{
			"name": "Right Arm",
			"from": [11.55469, 23.20313, -1.89844],
			"to": [15.55469, 27.20313, 10.10156],
			"rotation": {"angle": 22.5, "axis": "z", "origin": [21, 25.20313, -2.19531]},
			"faces": {
				"north": {"uv": [13, 4, 12, 5], "rotation": 90, "texture": "#3"},
				"east": {"uv": [11, 5, 12, 8], "rotation": 270, "texture": "#3"},
				"south": {"uv": [12, 5, 11, 4], "rotation": 90, "texture": "#3"},
				"west": {"uv": [13, 5, 14, 8], "rotation": 90, "texture": "#3"},
				"up": {"uv": [12, 5, 13, 8], "rotation": 180, "texture": "#3"},
				"down": {"uv": [10, 5, 11, 8], "texture": "#3"}
			}
		},
		{
			"from": [14.76004, 24.70313, -0.83594],
			"to": [19.51004, 25.70313, 0.16406],
			"rotation": {"angle": 22.5, "axis": "z", "origin": [21, 25.20313, -2.19531]},
			"faces": {
				"north": {"uv": [1, 1, 4, 16], "rotation": 270, "texture": "#6"},
				"east": {"uv": [2, 3, 5, 6], "rotation": 90, "texture": "#6"},
				"south": {"uv": [5, 1, 8, 16], "rotation": 90, "texture": "#6"},
				"west": {"uv": [11.75, 6, 14.75, 9], "rotation": 90, "texture": "#6"},
				"up": {"uv": [13, 1, 16, 16], "rotation": 90, "texture": "#6"},
				"down": {"uv": [10, 1, 13, 16], "rotation": 90, "texture": "#6"}
			}
		},
		{
			"from": [19.51004, 24.82813, -3.33594],
			"to": [26.26004, 25.57813, 0.16406],
			"rotation": {"angle": 22.5, "axis": "z", "origin": [21, 25.20313, -2.19531]},
			"faces": {
				"north": {"uv": [8, 1, 9, 15], "rotation": 270, "texture": "#4"},
				"east": {"uv": [2, 1, 4, 15], "rotation": 90, "texture": "#4"},
				"south": {"uv": [8, 1, 10, 15], "rotation": 90, "texture": "#4"},
				"west": {"uv": [2, 1, 4, 15], "rotation": 90, "texture": "#4"},
				"up": {"uv": [2, 1, 14, 15], "rotation": 90, "texture": "#4"},
				"down": {"uv": [2, 1, 14, 15], "rotation": 90, "texture": "#4"}
			}
		},
		{
			"from": [19.51004, 24.89063, -3.58594],
			"to": [26.26004, 25.51563, -3.33594],
			"rotation": {"angle": 22.5, "axis": "z", "origin": [21, 25.20313, -2.19531]},
			"faces": {
				"north": {"uv": [8, 1, 9, 15], "rotation": 270, "texture": "#4"},
				"east": {"uv": [9, 13, 12, 14], "rotation": 90, "texture": "#4"},
				"south": {"uv": [0, 0, 0.15625, 1.6875], "rotation": 90, "texture": "#missing"},
				"west": {"uv": [9, 13, 12, 14], "rotation": 90, "texture": "#4"},
				"up": {"uv": [9, 1, 10, 15], "rotation": 90, "texture": "#4"},
				"down": {"uv": [9, 1, 10, 15], "rotation": 90, "texture": "#4"}
			}
		},
		{
			"from": [19.51004, 24.95313, -3.83594],
			"to": [26.26004, 25.45313, -3.58594],
			"rotation": {"angle": 22.5, "axis": "z", "origin": [21, 25.20313, -2.19531]},
			"faces": {
				"north": {"uv": [8, 1, 9, 15], "rotation": 270, "texture": "#4"},
				"east": {"uv": [12, 9, 14, 10], "rotation": 90, "texture": "#4"},
				"south": {"uv": [0, 0, 0.125, 1.6875], "rotation": 90, "texture": "#missing"},
				"west": {"uv": [12, 9, 14, 10], "rotation": 90, "texture": "#4"},
				"up": {"uv": [10, 1, 11, 15], "rotation": 90, "texture": "#4"},
				"down": {"uv": [10, 1, 11, 15], "rotation": 90, "texture": "#4"}
			}
		},
		{
			"from": [19.51004, 25.01563, -4.08594],
			"to": [26.26004, 25.39063, -3.83594],
			"rotation": {"angle": 22.5, "axis": "z", "origin": [21, 25.20313, -2.19531]},
			"faces": {
				"north": {"uv": [8, 1, 9, 15], "rotation": 270, "texture": "#4"},
				"east": {"uv": [12, 8, 14, 9], "rotation": 90, "texture": "#4"},
				"south": {"uv": [0, 0, 0.09375, 1.6875], "rotation": 90, "texture": "#missing"},
				"west": {"uv": [12, 8, 14, 9], "rotation": 90, "texture": "#4"},
				"up": {"uv": [11, 1, 12, 15], "rotation": 90, "texture": "#4"},
				"down": {"uv": [11, 1, 12, 15], "rotation": 90, "texture": "#4"}
			}
		},
		{
			"from": [19.51004, 25.07813, -4.33594],
			"to": [26.26004, 25.32813, -4.08594],
			"rotation": {"angle": 22.5, "axis": "z", "origin": [21, 25.20313, -2.19531]},
			"faces": {
				"north": {"uv": [8, 1, 9, 15], "rotation": 270, "texture": "#4"},
				"east": {"uv": [13, 6, 14, 7], "rotation": 90, "texture": "#4"},
				"south": {"uv": [0, 0, 0.0625, 1.6875], "rotation": 90, "texture": "#missing"},
				"west": {"uv": [13, 6, 14, 7], "rotation": 90, "texture": "#4"},
				"up": {"uv": [12, 1, 13, 15], "rotation": 90, "texture": "#4"},
				"down": {"uv": [12, 1, 13, 15], "rotation": 90, "texture": "#4"}
			}
		},
		{
			"from": [19.51004, 25.14063, -4.46094],
			"to": [26.26004, 25.26563, -4.33594],
			"rotation": {"angle": 22.5, "axis": "z", "origin": [21, 25.20313, -2.19531]},
			"faces": {
				"north": {"uv": [8, 1, 9, 15], "rotation": 270, "texture": "#4"},
				"east": {"uv": [13, 5, 14, 6], "rotation": 90, "texture": "#4"},
				"south": {"uv": [0, 0, 0.03125, 1.6875], "rotation": 90, "texture": "#missing"},
				"west": {"uv": [13, 5, 14, 6], "rotation": 90, "texture": "#4"},
				"up": {"uv": [13, 1, 14, 15], "rotation": 90, "texture": "#4"},
				"down": {"uv": [13, 1, 14, 15], "rotation": 90, "texture": "#4"}
			}
		},
		{
			"name": "Left Arm",
			"from": [1.25, 19.25, 1.5],
			"to": [13.25, 23.25, 5.5],
			"rotation": {"angle": 45, "axis": "y", "origin": [7.25, 21.25, 3.5]},
			"faces": {
				"north": {"uv": [9, 13, 10, 16], "rotation": 90, "texture": "#3"},
				"east": {"uv": [11, 12, 10, 13], "rotation": 270, "texture": "#3"},
				"south": {"uv": [11, 13, 12, 16], "rotation": 270, "texture": "#3"},
				"west": {"uv": [10, 13, 9, 12], "rotation": 270, "texture": "#3"},
				"up": {"uv": [8, 13, 9, 16], "rotation": 270, "texture": "#3"},
				"down": {"uv": [10, 13, 11, 16], "rotation": 270, "texture": "#3"}
			}
		},
		{
			"name": "Right Leg",
			"from": [7.9625, 0, 3.75],
			"to": [11.9625, 12, 7.75],
			"rotation": {"angle": 22.5, "axis": "x", "origin": [9.9625, 6, 5.75]},
			"faces": {
				"north": {"uv": [1, 5, 2, 8], "texture": "#3"},
				"east": {"uv": [0, 5, 1, 8], "texture": "#3"},
				"south": {"uv": [3, 5, 4, 8], "texture": "#3"},
				"west": {"uv": [2, 5, 3, 8], "texture": "#3"},
				"up": {"uv": [2, 5, 1, 4], "texture": "#3"},
				"down": {"uv": [3, 4, 2, 5], "texture": "#3"}
			}
		},
		{
			"name": "Left Leg",
			"from": [3.975, 1.25, 8.1875],
			"to": [7.975, 13.25, 12.1875],
			"rotation": {"angle": -22.5, "axis": "x", "origin": [5.975, 7.25, 10.1875]},
			"faces": {
				"north": {"uv": [5, 13, 6, 16], "texture": "#3"},
				"east": {"uv": [4, 13, 5, 16], "texture": "#3"},
				"south": {"uv": [7, 13, 8, 16], "texture": "#3"},
				"west": {"uv": [6, 13, 7, 16], "texture": "#3"},
				"up": {"uv": [6, 13, 5, 12], "texture": "#3"},
				"down": {"uv": [7, 12, 6, 13], "texture": "#3"}
			}
		}
	],
	"display": {
		"thirdperson_righthand": {
			"rotation": [3, -180, 0],
			"translation": [0, 1, 1.5],
			"scale": [0.2, 0.2, 0.2]
		},
		"thirdperson_lefthand": {
			"scale": [0, 0, 0]
		},
		"firstperson_righthand": {
			"rotation": [0, 140, -2],
			"translation": [1.25, 0, 0],
			"scale": [0.3, 0.3, 0.3]
		},
		"firstperson_lefthand": {
			"scale": [0, 0, 0]
		},
		"ground": {
			"translation": [0, -1.25, 0],
			"scale": [0.15, 0.15, 0.15]
		},
		"gui": {
			"rotation": [-6, -156, 0],
			"translation": [0, -3.75, 0],
			"scale": [0.45, 0.45, 0.45]
		},
		"head": {
			"translation": [0, -30.25, 0],
			"scale": [1.6, 1.6, 1.6]
		}
	},
	"groups": [
		{
			"name": "root",
			"origin": [0, 0, 0],
			"children": [
				{
					"name": "Head",
					"origin": [0, 24, 0],
					"children": [0]
				},
				{
					"name": "Body",
					"origin": [0, 24, 0],
					"children": [1]
				},
				{
					"name": "RightArm",
					"origin": [6.25, 18, 0],
					"children": [2,
						{
							"name": "cleaver",
							"origin": [21.25, 20.75, 8],
							"children": [3, 4, 5, 6, 7, 8, 9]
						}
					]
				},
				{
					"name": "LeftArm",
					"origin": [-6.25, 18, 0],
					"children": [10]
				},
				{
					"name": "RightLeg",
					"origin": [1.9, 6, 0],
					"children": [11]
				},
				{
					"name": "LeftLeg",
					"origin": [-1.9, 6, 0],
					"children": [12]
				}
			]
		}
	]
}