{
	"credit": "Made with Blockbench",
	"texture_size": [64, 64],
	"textures": {
		"3": "block/butcher-aggressive",
		"4": "block/blast_furnace_top",
		"6": "block/polished_blackstone",
		"particle": "butcher/butcher"
	},
	"elements": [
		{
			"name": "Head",
			"from": [4, 22.75, 4],
			"to": [12, 30.75, 12],
			"rotation": {"angle": 0, "axis": "y", "origin": [8, 26.75, 8]},
			"faces": {
				"north": {"uv": [2, 2, 4, 4], "texture": "#3"},
				"east": {"uv": [0, 2, 2, 4], "texture": "#3"},
				"south": {"uv": [6, 2, 8, 4], "texture": "#3"},
				"west": {"uv": [4, 2, 6, 4], "texture": "#3"},
				"up": {"uv": [4, 2, 2, 0], "texture": "#3"},
				"down": {"uv": [6, 0, 4, 2], "texture": "#3"}
			}
		},
		{
			"name": "Body",
			"from": [4, 10.75, 6],
			"to": [12, 22.75, 10],
			"rotation": {"angle": 0, "axis": "y", "origin": [8, -1.25, 8]},
			"faces": {
				"north": {"uv": [5, 5, 7, 8], "texture": "#3"},
				"east": {"uv": [4, 5, 5, 8], "texture": "#3"},
				"south": {"uv": [8, 5, 10, 8], "texture": "#3"},
				"west": {"uv": [7, 5, 8, 8], "texture": "#3"},
				"up": {"uv": [7, 5, 5, 4], "texture": "#3"},
				"down": {"uv": [9, 4, 7, 5], "texture": "#3"}
			}
		},
		{
			"name": "Right Arm",
			"from": [12, 14.75, 2.25],
			"to": [16, 26.75, 6.25],
			"rotation": {"angle": 22.5, "axis": "x", "origin": [14, 14.45313, -3.19531]},
			"faces": {
				"north": {"uv": [11, 5, 12, 8], "texture": "#3"},
				"east": {"uv": [10, 5, 11, 8], "texture": "#3"},
				"south": {"uv": [13, 5, 14, 8], "texture": "#3"},
				"west": {"uv": [12, 5, 13, 8], "texture": "#3"},
				"up": {"uv": [12, 5, 11, 4], "texture": "#3"},
				"down": {"uv": [13, 4, 12, 5], "texture": "#3"}
			}
		},
		{
			"from": [13.5, 15.8125, -1.70536],
			"to": [14.5, 16.8125, 3.04464],
			"rotation": {"angle": 22.5, "axis": "x", "origin": [14, 14.45313, -3.19531]},
			"faces": {
				"north": {"uv": [2, 3, 5, 6], "rotation": 180, "texture": "#6"},
				"east": {"uv": [10, 1, 13, 16], "rotation": 90, "texture": "#6"},
				"south": {"uv": [11.75, 6, 14.75, 9], "texture": "#6"},
				"west": {"uv": [13, 1, 16, 16], "rotation": 270, "texture": "#6"},
				"up": {"uv": [5, 1, 8, 16], "texture": "#6"},
				"down": {"uv": [1, 1, 4, 16], "rotation": 180, "texture": "#6"}
			}
		},
		{
			"from": [13.625, 13.3125, -8.45536],
			"to": [14.375, 16.8125, -1.70536],
			"rotation": {"angle": 22.5, "axis": "x", "origin": [14, 14.45313, -3.19531]},
			"faces": {
				"north": {"uv": [2, 1, 4, 15], "rotation": 180, "texture": "#4"},
				"east": {"uv": [2, 1, 14, 15], "rotation": 90, "texture": "#4"},
				"south": {"uv": [2, 1, 4, 15], "texture": "#4"},
				"west": {"uv": [2, 1, 14, 15], "rotation": 270, "texture": "#4"},
				"up": {"uv": [8, 1, 10, 15], "texture": "#4"},
				"down": {"uv": [8, 1, 9, 15], "rotation": 180, "texture": "#4"}
			}
		},
		{
			"from": [13.6875, 13.0625, -8.45536],
			"to": [14.3125, 13.3125, -1.70536],
			"rotation": {"angle": 22.5, "axis": "x", "origin": [14, 14.45313, -3.19531]},
			"faces": {
				"north": {"uv": [9, 13, 12, 14], "rotation": 180, "texture": "#4"},
				"east": {"uv": [9, 1, 10, 15], "rotation": 90, "texture": "#4"},
				"south": {"uv": [9, 13, 12, 14], "texture": "#4"},
				"west": {"uv": [9, 1, 10, 15], "rotation": 270, "texture": "#4"},
				"up": {"uv": [0, 0, 0.15625, 1.6875], "texture": "#missing"},
				"down": {"uv": [8, 1, 9, 15], "rotation": 180, "texture": "#4"}
			}
		},
		{
			"from": [13.75, 12.8125, -8.45536],
			"to": [14.25, 13.0625, -1.70536],
			"rotation": {"angle": 22.5, "axis": "x", "origin": [14, 14.45313, -3.19531]},
			"faces": {
				"north": {"uv": [12, 9, 14, 10], "rotation": 180, "texture": "#4"},
				"east": {"uv": [10, 1, 11, 15], "rotation": 90, "texture": "#4"},
				"south": {"uv": [12, 9, 14, 10], "texture": "#4"},
				"west": {"uv": [10, 1, 11, 15], "rotation": 270, "texture": "#4"},
				"up": {"uv": [0, 0, 0.125, 1.6875], "texture": "#missing"},
				"down": {"uv": [8, 1, 9, 15], "rotation": 180, "texture": "#4"}
			}
		},
		{
			"from": [13.8125, 12.5625, -8.45536],
			"to": [14.1875, 12.8125, -1.70536],
			"rotation": {"angle": 22.5, "axis": "x", "origin": [14, 14.45313, -3.19531]},
			"faces": {
				"north": {"uv": [12, 8, 14, 9], "rotation": 180, "texture": "#4"},
				"east": {"uv": [11, 1, 12, 15], "rotation": 90, "texture": "#4"},
				"south": {"uv": [12, 8, 14, 9], "texture": "#4"},
				"west": {"uv": [11, 1, 12, 15], "rotation": 270, "texture": "#4"},
				"up": {"uv": [0, 0, 0.09375, 1.6875], "texture": "#missing"},
				"down": {"uv": [8, 1, 9, 15], "rotation": 180, "texture": "#4"}
			}
		},
		{
			"from": [13.875, 12.3125, -8.45536],
			"to": [14.125, 12.5625, -1.70536],
			"rotation": {"angle": 22.5, "axis": "x", "origin": [14, 14.45313, -3.19531]},
			"faces": {
				"north": {"uv": [13, 6, 14, 7], "rotation": 180, "texture": "#4"},
				"east": {"uv": [12, 1, 13, 15], "rotation": 90, "texture": "#4"},
				"south": {"uv": [13, 6, 14, 7], "texture": "#4"},
				"west": {"uv": [12, 1, 13, 15], "rotation": 270, "texture": "#4"},
				"up": {"uv": [0, 0, 0.0625, 1.6875], "texture": "#missing"},
				"down": {"uv": [8, 1, 9, 15], "rotation": 180, "texture": "#4"}
			}
		},
		{
			"from": [13.9375, 12.1875, -8.45536],
			"to": [14.0625, 12.3125, -1.70536],
			"rotation": {"angle": 22.5, "axis": "x", "origin": [14, 14.45313, -3.19531]},
			"faces": {
				"north": {"uv": [13, 5, 14, 6], "rotation": 180, "texture": "#4"},
				"east": {"uv": [13, 1, 14, 15], "rotation": 90, "texture": "#4"},
				"south": {"uv": [13, 5, 14, 6], "texture": "#4"},
				"west": {"uv": [13, 1, 14, 15], "rotation": 270, "texture": "#4"},
				"up": {"uv": [0, 0, 0.03125, 1.6875], "texture": "#missing"},
				"down": {"uv": [8, 1, 9, 15], "rotation": 180, "texture": "#4"}
			}
		},
		{
			"name": "Left Arm",
			"from": [0, 12, 9.5],
			"to": [4, 24, 13.5],
			"rotation": {"angle": -45, "axis": "x", "origin": [2, 18, 11.5]},
			"faces": {
				"north": {"uv": [8, 13, 9, 16], "texture": "#3"},
				"east": {"uv": [11, 13, 12, 16], "texture": "#3"},
				"south": {"uv": [10, 13, 11, 16], "texture": "#3"},
				"west": {"uv": [9, 13, 10, 16], "texture": "#3"},
				"up": {"uv": [10, 13, 9, 12], "rotation": 270, "texture": "#3"},
				"down": {"uv": [11, 12, 10, 13], "rotation": 90, "texture": "#3"}
			}
		},
		{
			"name": "Right Leg",
			"from": [7.9625, -0.5, 1.5],
			"to": [11.9625, 11.5, 5.5],
			"rotation": {"angle": 45, "axis": "x", "origin": [9.9625, 5.5, 3.5]},
			"faces": {
				"north": {"uv": [1, 5, 2, 8], "texture": "#3"},
				"east": {"uv": [0, 5, 1, 8], "texture": "#3"},
				"south": {"uv": [3, 5, 4, 8], "texture": "#3"},
				"west": {"uv": [2, 5, 3, 8], "texture": "#3"},
				"up": {"uv": [2, 5, 1, 4], "texture": "#3"},
				"down": {"uv": [3, 4, 2, 5], "texture": "#3"}
			}
		},
		{
			"name": "Left Leg",
			"from": [3.975, 6, 5.6875],
			"to": [7.975, 10, 17.6875],
			"rotation": {"angle": 45, "axis": "x", "origin": [5.975, 8, 11.6875]},
			"faces": {
				"north": {"uv": [6, 13, 5, 12], "rotation": 180, "texture": "#3"},
				"east": {"uv": [4, 13, 5, 16], "rotation": 90, "texture": "#3"},
				"south": {"uv": [7, 12, 6, 13], "texture": "#3"},
				"west": {"uv": [6, 13, 7, 16], "rotation": 270, "texture": "#3"},
				"up": {"uv": [7, 13, 8, 16], "texture": "#3"},
				"down": {"uv": [5, 13, 6, 16], "rotation": 180, "texture": "#3"}
			}
		}
	],
	"display": {
		"thirdperson_righthand": {
			"rotation": [3, -180, 0],
			"translation": [0, 1, 1.5],
			"scale": [0.2, 0.2, 0.2]
		},
		"thirdperson_lefthand": {
			"scale": [0, 0, 0]
		},
		"firstperson_righthand": {
			"rotation": [0, 140, -2],
			"translation": [1.25, 0, 0],
			"scale": [0.3, 0.3, 0.3]
		},
		"firstperson_lefthand": {
			"scale": [0, 0, 0]
		},
		"ground": {
			"translation": [0, -1.25, 0],
			"scale": [0.15, 0.15, 0.15]
		},
		"gui": {
			"rotation": [-6, -156, 0],
			"translation": [0, -3.75, 0],
			"scale": [0.45, 0.45, 0.45]
		},
		"head": {
			"translation": [0, -30.25, 0],
			"scale": [1.6, 1.6, 1.6]
		}
	},
	"groups": [
		{
			"name": "root",
			"origin": [0, 0, 0],
			"children": [
				{
					"name": "Head",
					"origin": [0, 24, 0],
					"children": [0]
				},
				{
					"name": "Body",
					"origin": [0, 24, 0],
					"children": [1]
				},
				{
					"name": "RightArm",
					"origin": [6.25, 18, 0],
					"children": [2,
						{
							"name": "cleaver",
							"origin": [21.25, 20.75, 8],
							"children": [3, 4, 5, 6, 7, 8, 9]
						}
					]
				},
				{
					"name": "LeftArm",
					"origin": [-6.25, 18, 0],
					"children": [10]
				},
				{
					"name": "RightLeg",
					"origin": [1.9, 6, 0],
					"children": [11]
				},
				{
					"name": "LeftLeg",
					"origin": [-1.9, 6, 0],
					"children": [12]
				}
			]
		}
	]
}