{
	"credit": "Made with Blockbench",
	"texture_size": [64, 64],
	"textures": {
		"3": "block/butcher-aggressive",
		"4": "block/blast_furnace_top",
		"6": "block/polished_blackstone",
		"particle": "butcher/butcher"
	},
	"elements": [
		{
			"name": "Head",
			"from": [4, 23.5, 4],
			"to": [12, 31.5, 12],
			"rotation": {"angle": 0, "axis": "y", "origin": [8.55594, 22.6042, 1.53282]},
			"faces": {
				"north": {"uv": [2, 2, 4, 4], "texture": "#3"},
				"east": {"uv": [0, 2, 2, 4], "texture": "#3"},
				"south": {"uv": [6, 2, 8, 4], "texture": "#3"},
				"west": {"uv": [4, 2, 6, 4], "texture": "#3"},
				"up": {"uv": [4, 2, 2, 0], "texture": "#3"},
				"down": {"uv": [6, 0, 4, 2], "texture": "#3"}
			}
		},
		{
			"name": "Body",
			"from": [4, 11.5, 6],
			"to": [12, 23.5, 10],
			"rotation": {"angle": 0, "axis": "y", "origin": [8.55594, 22.6042, 1.53282]},
			"faces": {
				"north": {"uv": [5, 5, 7, 8], "texture": "#3"},
				"east": {"uv": [4, 5, 5, 8], "texture": "#3"},
				"south": {"uv": [8, 5, 10, 8], "texture": "#3"},
				"west": {"uv": [7, 5, 8, 8], "texture": "#3"},
				"up": {"uv": [7, 5, 5, 4], "texture": "#3"},
				"down": {"uv": [9, 4, 7, 5], "texture": "#3"}
			}
		},
		{
			"name": "Right Arm",
			"from": [12, 19.62692, -1.82243],
			"to": [16, 23.62692, 10.17757],
			"rotation": {"angle": 0, "axis": "x", "origin": [8.55594, 22.6042, 1.53282]},
			"faces": {
				"north": {"uv": [13, 4, 12, 5], "rotation": 180, "texture": "#3"},
				"east": {"uv": [10, 5, 11, 8], "rotation": 270, "texture": "#3"},
				"south": {"uv": [12, 5, 11, 4], "texture": "#3"},
				"west": {"uv": [12, 5, 13, 8], "rotation": 90, "texture": "#3"},
				"up": {"uv": [11, 5, 12, 8], "rotation": 180, "texture": "#3"},
				"down": {"uv": [13, 5, 14, 8], "texture": "#3"}
			}
		},
		{
			"from": [12.38914, 18.89678, -0.37514],
			"to": [13.38914, 23.64678, 0.62486],
			"rotation": {"angle": 45, "axis": "z", "origin": [8.55594, 22.6042, 1.53282]},
			"faces": {
				"north": {"uv": [1, 1, 4, 16], "texture": "#6"},
				"east": {"uv": [10, 1, 13, 16], "texture": "#6"},
				"south": {"uv": [5, 1, 8, 16], "texture": "#6"},
				"west": {"uv": [13, 1, 16, 16], "texture": "#6"},
				"up": {"uv": [2, 3, 5, 6], "texture": "#6"},
				"down": {"uv": [11.75, 6, 14.75, 9], "texture": "#6"}
			}
		},
		{
			"from": [12.51414, 23.64678, -2.87514],
			"to": [13.26414, 30.39678, 0.62486],
			"rotation": {"angle": 45, "axis": "z", "origin": [8.55594, 22.6042, 1.53282]},
			"faces": {
				"north": {"uv": [8, 1, 9, 15], "texture": "#4"},
				"east": {"uv": [2, 1, 14, 15], "texture": "#4"},
				"south": {"uv": [8, 1, 10, 15], "texture": "#4"},
				"west": {"uv": [2, 1, 14, 15], "texture": "#4"},
				"up": {"uv": [2, 1, 4, 15], "texture": "#4"},
				"down": {"uv": [2, 1, 4, 15], "texture": "#4"}
			}
		},
		{
			"from": [12.57664, 23.64678, -3.12514],
			"to": [13.20164, 30.39678, -2.87514],
			"rotation": {"angle": 45, "axis": "z", "origin": [8.55594, 22.6042, 1.53282]},
			"faces": {
				"north": {"uv": [8, 1, 9, 15], "texture": "#4"},
				"east": {"uv": [9, 1, 10, 15], "texture": "#4"},
				"south": {"uv": [0, 0, 0.15625, 1.6875], "texture": "#missing"},
				"west": {"uv": [9, 1, 10, 15], "texture": "#4"},
				"up": {"uv": [9, 13, 12, 14], "texture": "#4"},
				"down": {"uv": [9, 13, 12, 14], "texture": "#4"}
			}
		},
		{
			"from": [12.63914, 23.64678, -3.37514],
			"to": [13.13914, 30.39678, -3.12514],
			"rotation": {"angle": 45, "axis": "z", "origin": [8.55594, 22.6042, 1.53282]},
			"faces": {
				"north": {"uv": [8, 1, 9, 15], "texture": "#4"},
				"east": {"uv": [10, 1, 11, 15], "texture": "#4"},
				"south": {"uv": [0, 0, 0.125, 1.6875], "texture": "#missing"},
				"west": {"uv": [10, 1, 11, 15], "texture": "#4"},
				"up": {"uv": [12, 9, 14, 10], "texture": "#4"},
				"down": {"uv": [12, 9, 14, 10], "texture": "#4"}
			}
		},
		{
			"from": [12.70164, 23.64678, -3.62514],
			"to": [13.07664, 30.39678, -3.37514],
			"rotation": {"angle": 45, "axis": "z", "origin": [8.55594, 22.6042, 1.53282]},
			"faces": {
				"north": {"uv": [8, 1, 9, 15], "texture": "#4"},
				"east": {"uv": [11, 1, 12, 15], "texture": "#4"},
				"south": {"uv": [0, 0, 0.09375, 1.6875], "texture": "#missing"},
				"west": {"uv": [11, 1, 12, 15], "texture": "#4"},
				"up": {"uv": [12, 8, 14, 9], "texture": "#4"},
				"down": {"uv": [12, 8, 14, 9], "texture": "#4"}
			}
		},
		{
			"from": [12.76414, 23.64678, -3.87514],
			"to": [13.01414, 30.39678, -3.62514],
			"rotation": {"angle": 45, "axis": "z", "origin": [8.55594, 22.6042, 1.53282]},
			"faces": {
				"north": {"uv": [8, 1, 9, 15], "texture": "#4"},
				"east": {"uv": [12, 1, 13, 15], "texture": "#4"},
				"south": {"uv": [0, 0, 0.0625, 1.6875], "texture": "#missing"},
				"west": {"uv": [12, 1, 13, 15], "texture": "#4"},
				"up": {"uv": [13, 6, 14, 7], "texture": "#4"},
				"down": {"uv": [13, 6, 14, 7], "texture": "#4"}
			}
		},
		{
			"from": [12.82664, 23.64678, -4.00014],
			"to": [12.95164, 30.39678, -3.87514],
			"rotation": {"angle": 45, "axis": "z", "origin": [8.55594, 22.6042, 1.53282]},
			"faces": {
				"north": {"uv": [8, 1, 9, 15], "texture": "#4"},
				"east": {"uv": [13, 1, 14, 15], "texture": "#4"},
				"south": {"uv": [0, 0, 0.03125, 1.6875], "texture": "#missing"},
				"west": {"uv": [13, 1, 14, 15], "texture": "#4"},
				"up": {"uv": [13, 5, 14, 6], "texture": "#4"},
				"down": {"uv": [13, 5, 14, 6], "texture": "#4"}
			}
		},
		{
			"name": "Left Arm",
			"from": [-0.25, 15.78075, -5.0944],
			"to": [3.75, 19.78075, 6.9056],
			"rotation": {"angle": -45, "axis": "x", "origin": [8.55594, 22.6042, 1.53282]},
			"faces": {
				"north": {"uv": [11, 12, 10, 13], "rotation": 270, "texture": "#3"},
				"east": {"uv": [11, 13, 12, 16], "rotation": 270, "texture": "#3"},
				"south": {"uv": [10, 13, 9, 12], "rotation": 270, "texture": "#3"},
				"west": {"uv": [9, 13, 10, 16], "rotation": 90, "texture": "#3"},
				"up": {"uv": [8, 13, 9, 16], "rotation": 180, "texture": "#3"},
				"down": {"uv": [10, 13, 11, 16], "texture": "#3"}
			}
		},
		{
			"name": "Right Leg",
			"from": [7.9625, 2.41583, 9.97448],
			"to": [11.9625, 14.41583, 13.97448],
			"rotation": {"angle": 22.5, "axis": "x", "origin": [8.55594, 22.6042, 1.53282]},
			"faces": {
				"north": {"uv": [1, 5, 2, 8], "texture": "#3"},
				"east": {"uv": [0, 5, 1, 8], "texture": "#3"},
				"south": {"uv": [3, 5, 4, 8], "texture": "#3"},
				"west": {"uv": [2, 5, 3, 8], "texture": "#3"},
				"up": {"uv": [2, 5, 1, 4], "texture": "#3"},
				"down": {"uv": [3, 4, 2, 5], "texture": "#3"}
			}
		},
		{
			"name": "Left Leg",
			"from": [3.975, -0.5, 5.9375],
			"to": [7.975, 11.5, 9.9375],
			"rotation": {"angle": 0, "axis": "x", "origin": [8.55594, 22.6042, 1.53282]},
			"faces": {
				"north": {"uv": [5, 13, 6, 16], "texture": "#3"},
				"east": {"uv": [4, 13, 5, 16], "texture": "#3"},
				"south": {"uv": [7, 13, 8, 16], "texture": "#3"},
				"west": {"uv": [6, 13, 7, 16], "texture": "#3"},
				"up": {"uv": [6, 13, 5, 12], "texture": "#3"},
				"down": {"uv": [7, 12, 6, 13], "texture": "#3"}
			}
		}
	],
	"display": {
		"thirdperson_righthand": {
			"rotation": [3, -180, 0],
			"translation": [0, 1, 1.5],
			"scale": [0.2, 0.2, 0.2]
		},
		"thirdperson_lefthand": {
			"scale": [0, 0, 0]
		},
		"firstperson_righthand": {
			"rotation": [0, 140, -2],
			"translation": [1.25, 0, 0],
			"scale": [0.3, 0.3, 0.3]
		},
		"firstperson_lefthand": {
			"scale": [0, 0, 0]
		},
		"ground": {
			"translation": [0, -1.25, 0],
			"scale": [0.15, 0.15, 0.15]
		},
		"gui": {
			"rotation": [-6, -156, 0],
			"translation": [0, -3.75, 0],
			"scale": [0.45, 0.45, 0.45]
		},
		"head": {
			"translation": [0, -30.25, 0],
			"scale": [1.6, 1.6, 1.6]
		}
	},
	"groups": [
		{
			"name": "root",
			"origin": [0, 0, 0],
			"children": [
				{
					"name": "Head",
					"origin": [0, 24, 0],
					"children": [0]
				},
				{
					"name": "Body",
					"origin": [0, 24, 0],
					"children": [1]
				},
				{
					"name": "RightArm",
					"origin": [6.25, 18, 0],
					"children": [2,
						{
							"name": "cleaver",
							"origin": [21.25, 20.75, 8],
							"children": [3, 4, 5, 6, 7, 8, 9]
						}
					]
				},
				{
					"name": "LeftArm",
					"origin": [-6.25, 18, 0],
					"children": [10]
				},
				{
					"name": "RightLeg",
					"origin": [1.9, 6, 0],
					"children": [11]
				},
				{
					"name": "LeftLeg",
					"origin": [-1.9, 6, 0],
					"children": [12]
				}
			]
		}
	]
}