{
	"credit": "Made with Blockbench",
	"texture_size": [64, 64],
	"textures": {
		"3": "block/cursed-angry",
		"particle": "block/cursed"
	},
	"elements": [
		{
			"name": "Head",
			"from": [9, 20.25, 4.0625],
			"to": [17, 28.25, 12.0625],
			"rotation": {"angle": -22.5, "axis": "z", "origin": [13, 24.25, 8.0625]},
			"faces": {
				"north": {"uv": [2, 2, 4, 4], "texture": "#3"},
				"east": {"uv": [0, 2, 2, 4], "texture": "#3"},
				"south": {"uv": [6, 2, 8, 4], "texture": "#3"},
				"west": {"uv": [4, 2, 6, 4], "texture": "#3"},
				"up": {"uv": [4, 2, 2, 0], "texture": "#3"},
				"down": {"uv": [6, 0, 4, 2], "texture": "#3"}
			}
		},
		{
			"name": "Body",
			"from": [5.25, 9.25, 6],
			"to": [13.25, 21.25, 10],
			"rotation": {"angle": -22.5, "axis": "z", "origin": [9.25, 15.25, 8]},
			"faces": {
				"north": {"uv": [5, 5, 7, 8], "texture": "#3"},
				"east": {"uv": [4, 5, 5, 8], "texture": "#3"},
				"south": {"uv": [8, 5, 10, 8], "texture": "#3"},
				"west": {"uv": [7, 5, 8, 8], "texture": "#3"},
				"up": {"uv": [7, 5, 5, 4], "texture": "#3"},
				"down": {"uv": [9, 4, 7, 5], "texture": "#3"}
			}
		},
		{
			"name": "Right Arm",
			"from": [13.75, 13.1875, 6.0625],
			"to": [25.75, 17.1875, 10.0625],
			"rotation": {"angle": -22.5, "axis": "z", "origin": [19.75, 15.1875, 8.0625]},
			"faces": {
				"north": {"uv": [11, 5, 12, 8], "rotation": 90, "texture": "#3"},
				"east": {"uv": [13, 4, 12, 5], "rotation": 270, "texture": "#3"},
				"south": {"uv": [13, 5, 14, 8], "rotation": 270, "texture": "#3"},
				"west": {"uv": [12, 5, 11, 4], "rotation": 270, "texture": "#3"},
				"up": {"uv": [10, 5, 11, 8], "rotation": 270, "texture": "#3"},
				"down": {"uv": [12, 5, 13, 8], "rotation": 270, "texture": "#3"}
			}
		},
		{
			"name": "Left Arm",
			"from": [-4.5, 20.75, 6.0625],
			"to": [7.5, 24.75, 10.0625],
			"rotation": {"angle": -22.5, "axis": "z", "origin": [1.5, 22.75, 8.0625]},
			"faces": {
				"north": {"uv": [9, 13, 10, 16], "rotation": 270, "texture": "#3"},
				"east": {"uv": [10, 13, 9, 12], "rotation": 90, "texture": "#3"},
				"south": {"uv": [11, 13, 12, 16], "rotation": 90, "texture": "#3"},
				"west": {"uv": [11, 12, 10, 13], "rotation": 90, "texture": "#3"},
				"up": {"uv": [10, 13, 11, 16], "rotation": 90, "texture": "#3"},
				"down": {"uv": [8, 13, 9, 16], "rotation": 90, "texture": "#3"}
			}
		},
		{
			"name": "Right Leg",
			"from": [9.9625, 4, 6.0625],
			"to": [21.9625, 8, 10.0625],
			"rotation": {"angle": -22.5, "axis": "z", "origin": [15.9625, 6, 8.0625]},
			"faces": {
				"north": {"uv": [1, 5, 2, 8], "rotation": 90, "texture": "#3"},
				"east": {"uv": [3, 4, 2, 5], "rotation": 270, "texture": "#3"},
				"south": {"uv": [3, 5, 4, 8], "rotation": 270, "texture": "#3"},
				"west": {"uv": [2, 5, 1, 4], "rotation": 270, "texture": "#3"},
				"up": {"uv": [0, 5, 1, 8], "rotation": 270, "texture": "#3"},
				"down": {"uv": [2, 5, 3, 8], "rotation": 270, "texture": "#3"}
			}
		},
		{
			"name": "Left Leg",
			"from": [-8.025, 11.5, 6.0625],
			"to": [3.975, 15.5, 10.0625],
			"rotation": {"angle": -22.5, "axis": "z", "origin": [-2.025, 13.5, 8.0625]},
			"faces": {
				"north": {"uv": [5, 13, 6, 16], "rotation": 270, "texture": "#3"},
				"east": {"uv": [6, 13, 5, 12], "rotation": 90, "texture": "#3"},
				"south": {"uv": [7, 13, 8, 16], "rotation": 90, "texture": "#3"},
				"west": {"uv": [7, 12, 6, 13], "rotation": 90, "texture": "#3"},
				"up": {"uv": [6, 13, 7, 16], "rotation": 90, "texture": "#3"},
				"down": {"uv": [4, 13, 5, 16], "rotation": 90, "texture": "#3"}
			}
		}
	],
	"display": {
		"thirdperson_righthand": {
			"rotation": [3, -180, 0],
			"translation": [0, 1, 1.5],
			"scale": [0.2, 0.2, 0.2]
		},
		"thirdperson_lefthand": {
			"scale": [0, 0, 0]
		},
		"firstperson_righthand": {
			"rotation": [0, 140, -2],
			"translation": [1.25, 0, 0],
			"scale": [0.3, 0.3, 0.3]
		},
		"firstperson_lefthand": {
			"scale": [0, 0, 0]
		},
		"ground": {
			"translation": [0, -1.25, 0],
			"scale": [0.15, 0.15, 0.15]
		},
		"gui": {
			"rotation": [-6, -156, 0],
			"translation": [0, -3.75, 0],
			"scale": [0.45, 0.45, 0.45]
		},
		"head": {
			"translation": [0, -30.25, 0],
			"scale": [1.6, 1.6, 1.6]
		}
	},
	"groups": [
		{
			"name": "root",
			"origin": [0, 0, 0],
			"children": [
				{
					"name": "Head",
					"origin": [0, 24, 0],
					"children": [0]
				},
				{
					"name": "Body",
					"origin": [0, 24, 0],
					"children": [1]
				},
				{
					"name": "RightArm",
					"origin": [6.25, 18, 0],
					"children": [2]
				},
				{
					"name": "LeftArm",
					"origin": [-6.25, 18, 0],
					"children": [3]
				},
				{
					"name": "RightLeg",
					"origin": [1.9, 6, 0],
					"children": [4]
				},
				{
					"name": "LeftLeg",
					"origin": [-1.9, 6, 0],
					"children": [5]
				}
			]
		}
	]
}