{
	"credit": "Made with Blockbench",
	"texture_size": [64, 64],
	"textures": {
		"3": "block/hiker-angry",
		"4": "block/dark_oak_log",
		"particle": "block/hiker"
	},
	"elements": [
		{
			"name": "Head",
			"from": [4, 23, 4],
			"to": [12, 31, 12],
			"rotation": {"angle": 0, "axis": "y", "origin": [8, 27, 8]},
			"faces": {
				"north": {"uv": [2, 2, 4, 4], "texture": "#3"},
				"east": {"uv": [0, 2, 2, 4], "texture": "#3"},
				"south": {"uv": [6, 2, 8, 4], "texture": "#3"},
				"west": {"uv": [4, 2, 6, 4], "texture": "#3"},
				"up": {"uv": [4, 2, 2, 0], "texture": "#3"},
				"down": {"uv": [6, 0, 4, 2], "texture": "#3"}
			}
		},
		{
			"name": "Head",
			"from": [4, 23, 12.125],
			"to": [12, 31, 12.125],
			"rotation": {"angle": 0, "axis": "y", "origin": [8, 27, 16.125]},
			"faces": {
				"north": {"uv": [2, 2, 4, 4], "texture": "#3"},
				"east": {"uv": [0, 2, 2, 4], "texture": "#3"},
				"south": {"uv": [14, 2, 16, 4], "texture": "#3"},
				"west": {"uv": [4, 2, 6, 4], "texture": "#3"},
				"up": {"uv": [4, 2, 2, 0], "texture": "#3"},
				"down": {"uv": [6, 0, 4, 2], "texture": "#3"}
			}
		},
		{
			"name": "Body",
			"from": [4, 11, 6],
			"to": [12, 23, 10],
			"rotation": {"angle": 0, "axis": "y", "origin": [8, -1, 8]},
			"faces": {
				"north": {"uv": [5, 5, 7, 8], "texture": "#3"},
				"east": {"uv": [4, 5, 5, 8], "texture": "#3"},
				"south": {"uv": [8, 5, 10, 8], "texture": "#3"},
				"west": {"uv": [7, 5, 8, 8], "texture": "#3"},
				"up": {"uv": [7, 5, 5, 4], "texture": "#3"},
				"down": {"uv": [9, 4, 7, 5], "texture": "#3"}
			}
		},
		{
			"name": "Right Arm",
			"from": [12, 10.75, 3.75],
			"to": [16, 22.75, 7.75],
			"rotation": {"angle": 22.5, "axis": "x", "origin": [14, 16.75, 5.75]},
			"faces": {
				"north": {"uv": [11, 5, 12, 8], "texture": "#3"},
				"east": {"uv": [10, 5, 11, 8], "texture": "#3"},
				"south": {"uv": [13, 5, 14, 8], "texture": "#3"},
				"west": {"uv": [12, 5, 13, 8], "texture": "#3"},
				"up": {"uv": [12, 5, 11, 4], "texture": "#3"},
				"down": {"uv": [13, 4, 12, 5], "texture": "#3"}
			}
		},
		{
			"name": "Left Arm",
			"from": [0, 11.25, 9.75],
			"to": [4, 23.25, 13.75],
			"rotation": {"angle": -45, "axis": "x", "origin": [2, 17.25, 11.75]},
			"faces": {
				"north": {"uv": [9, 13, 10, 16], "texture": "#3"},
				"east": {"uv": [8, 13, 9, 16], "texture": "#3"},
				"south": {"uv": [11, 13, 12, 16], "texture": "#3"},
				"west": {"uv": [10, 13, 11, 16], "texture": "#3"},
				"up": {"uv": [10, 13, 9, 12], "texture": "#3"},
				"down": {"uv": [11, 12, 10, 13], "texture": "#3"}
			}
		},
		{
			"name": "Right Leg",
			"from": [7.9625, 2.1875, 9.75],
			"to": [11.9625, 14.1875, 13.75],
			"rotation": {"angle": -45, "axis": "x", "origin": [9.9625, 8.1875, 11.75]},
			"faces": {
				"north": {"uv": [1, 5, 2, 8], "texture": "#3"},
				"east": {"uv": [0, 5, 1, 8], "texture": "#3"},
				"south": {"uv": [3, 5, 4, 8], "texture": "#3"},
				"west": {"uv": [2, 5, 3, 8], "texture": "#3"},
				"up": {"uv": [2, 5, 1, 4], "texture": "#3"},
				"down": {"uv": [3, 4, 2, 5], "texture": "#3"}
			}
		},
		{
			"name": "Left Leg",
			"from": [3.975, -0.5, 1.5],
			"to": [7.975, 11.5, 5.5],
			"rotation": {"angle": 45, "axis": "x", "origin": [5.975, 5.5, 3.5]},
			"faces": {
				"north": {"uv": [5, 13, 6, 16], "texture": "#3"},
				"east": {"uv": [4, 13, 5, 16], "texture": "#3"},
				"south": {"uv": [7, 13, 8, 16], "texture": "#3"},
				"west": {"uv": [6, 13, 7, 16], "texture": "#3"},
				"up": {"uv": [6, 13, 5, 12], "texture": "#3"},
				"down": {"uv": [7, 12, 6, 13], "texture": "#3"}
			}
		},
		{
			"from": [13.5, 11.25, 2.5],
			"to": [14.5, 12.25, 12.5],
			"rotation": {"angle": 22.5, "axis": "x", "origin": [14, 11.75, 7.5]},
			"faces": {
				"north": {"uv": [4, 12, 8, 16], "rotation": 180, "texture": "#4"},
				"east": {"uv": [0, 0, 4, 16], "rotation": 270, "texture": "#4"},
				"south": {"uv": [0, 12, 4, 16], "texture": "#4"},
				"west": {"uv": [0, 0, 4, 16], "rotation": 90, "texture": "#4"},
				"up": {"uv": [0, 0, 4, 16], "rotation": 180, "texture": "#4"},
				"down": {"uv": [0, 0, 4, 16], "texture": "#4"}
			}
		},
		{
			"from": [13.5, 11.25, 12.5],
			"to": [14.5, 12.25, 22.5],
			"rotation": {"angle": 22.5, "axis": "x", "origin": [14, 11.75, 7.5]},
			"faces": {
				"north": {"uv": [4, 12, 8, 16], "rotation": 180, "texture": "#4"},
				"east": {"uv": [0, 0, 4, 16], "rotation": 270, "texture": "#4"},
				"south": {"uv": [0, 12, 4, 16], "texture": "#4"},
				"west": {"uv": [0, 0, 4, 16], "rotation": 90, "texture": "#4"},
				"up": {"uv": [0, 0, 4, 16], "rotation": 180, "texture": "#4"},
				"down": {"uv": [0, 0, 4, 16], "texture": "#4"}
			}
		},
		{
			"from": [13.5, 11.25, -7.5],
			"to": [14.5, 12.25, 2.5],
			"rotation": {"angle": 22.5, "axis": "x", "origin": [14, 11.75, 7.5]},
			"faces": {
				"north": {"uv": [4, 12, 8, 16], "rotation": 180, "texture": "#4"},
				"east": {"uv": [0, 0, 4, 16], "rotation": 270, "texture": "#4"},
				"south": {"uv": [0, 12, 4, 16], "texture": "#4"},
				"west": {"uv": [0, 0, 4, 16], "rotation": 90, "texture": "#4"},
				"up": {"uv": [0, 0, 4, 16], "rotation": 180, "texture": "#4"},
				"down": {"uv": [0, 0, 4, 16], "texture": "#4"}
			}
		}
	],
	"display": {
		"thirdperson_righthand": {
			"rotation": [3, -180, 0],
			"translation": [0, 1, 1.5],
			"scale": [0.2, 0.2, 0.2]
		},
		"thirdperson_lefthand": {
			"scale": [0, 0, 0]
		},
		"firstperson_righthand": {
			"rotation": [0, 140, -2],
			"translation": [1.25, 0, 0],
			"scale": [0.3, 0.3, 0.3]
		},
		"firstperson_lefthand": {
			"scale": [0, 0, 0]
		},
		"ground": {
			"translation": [0, -1.25, 0],
			"scale": [0.15, 0.15, 0.15]
		},
		"gui": {
			"rotation": [-6, -156, 0],
			"translation": [0, -3.75, 0],
			"scale": [0.45, 0.45, 0.45]
		},
		"head": {
			"translation": [0, -30.25, 0],
			"scale": [1.6, 1.6, 1.6]
		}
	},
	"groups": [
		{
			"name": "root",
			"origin": [0, 0, 0],
			"children": [
				{
					"name": "Head",
					"origin": [0, 24, 0],
					"children": [0, 1]
				},
				{
					"name": "Body",
					"origin": [0, 24, 0],
					"children": [2]
				},
				{
					"name": "RightArm",
					"origin": [6.25, 18, 0],
					"children": [3]
				},
				{
					"name": "LeftArm",
					"origin": [-6.25, 18, 0],
					"children": [4]
				},
				{
					"name": "RightLeg",
					"origin": [1.9, 6, 0],
					"children": [5]
				},
				{
					"name": "LeftLeg",
					"origin": [-1.9, 6, 0],
					"children": [6]
				}
			]
		},
		{
			"name": "group",
			"origin": [8, 8, 8],
			"children": [7, 8, 9]
		}
	]
}