{
	"credit": "Made with Blockbench",
	"texture_size": [64, 64],
	"textures": {
		"5": "block/bloodymary-angry",
		"6": "block/campfire_fire",
		"9": "block/magma",
		"particle": "ring/ring"
	},
	"elements": [
		{
			"name": "Head",
			"from": [3.9757, 24, 3.90067],
			"to": [11.9757, 32, 11.90067],
			"rotation": {"angle": 0, "axis": "y", "origin": [7.98412, 28, 5.87901]},
			"faces": {
				"north": {"uv": [2, 2, 4, 4], "texture": "#5"},
				"east": {"uv": [0, 2, 2, 4], "texture": "#5"},
				"south": {"uv": [6, 2, 8, 4], "texture": "#5"},
				"west": {"uv": [4, 2, 6, 4], "texture": "#5"},
				"up": {"uv": [4, 2, 2, 0], "texture": "#5"},
				"down": {"uv": [6, 0, 4, 2], "texture": "#5"}
			}
		},
		{
			"name": "Head",
			"from": [3.99253, 24, 3.85735],
			"to": [11.99253, 32, 3.85735],
			"rotation": {"angle": 0, "axis": "y", "origin": [7.98412, 28, 5.87901]},
			"faces": {
				"north": {"uv": [10, 2, 12, 4], "texture": "#5"},
				"east": {"uv": [0, 11.375, 2, 13.375], "texture": "#5"},
				"south": {"uv": [0, 11.375, 2, 13.375], "texture": "#5"},
				"west": {"uv": [0, 11.375, 2, 13.375], "texture": "#5"},
				"up": {"uv": [0, 11.375, 2, 13.375], "texture": "#5"},
				"down": {"uv": [14, 0, 16, 2], "texture": "#5"}
			}
		},
		{
			"name": "Body",
			"from": [4, 12, 6],
			"to": [12, 24, 10],
			"rotation": {"angle": 0, "axis": "y", "origin": [8, 18, 8]},
			"faces": {
				"north": {"uv": [5, 5, 7, 8], "texture": "#5"},
				"east": {"uv": [4, 5, 5, 8], "texture": "#5"},
				"south": {"uv": [8, 5, 10, 8], "texture": "#5"},
				"west": {"uv": [7, 5, 8, 8], "texture": "#5"},
				"up": {"uv": [7, 5, 5, 4], "texture": "#5"},
				"down": {"uv": [9, 4, 7, 5], "texture": "#5"}
			}
		},
		{
			"name": "Right Arm",
			"from": [13, 20, -1.6875],
			"to": [17, 24, 10.3125],
			"rotation": {"angle": -22.5, "axis": "y", "origin": [15, 22, 4.3125]},
			"faces": {
				"north": {"uv": [13, 4, 12, 5], "rotation": 180, "texture": "#5"},
				"east": {"uv": [10, 5, 11, 8], "rotation": 270, "texture": "#5"},
				"south": {"uv": [12, 5, 11, 4], "texture": "#5"},
				"west": {"uv": [12, 5, 13, 8], "rotation": 90, "texture": "#5"},
				"up": {"uv": [11, 5, 12, 8], "rotation": 180, "texture": "#5"},
				"down": {"uv": [13, 5, 14, 8], "texture": "#5"}
			}
		},
		{
			"name": "Left Arm",
			"from": [0, 20, -1.9375],
			"to": [4, 24, 10.0625],
			"rotation": {"angle": 0, "axis": "y", "origin": [2, 22, 4.0625]},
			"faces": {
				"north": {"uv": [11, 12, 10, 13], "rotation": 90, "texture": "#5"},
				"east": {"uv": [9, 13, 10, 16], "rotation": 270, "texture": "#5"},
				"south": {"uv": [10, 13, 9, 12], "rotation": 90, "texture": "#5"},
				"west": {"uv": [11, 13, 12, 16], "rotation": 90, "texture": "#5"},
				"up": {"uv": [10, 13, 11, 16], "rotation": 180, "texture": "#5"},
				"down": {"uv": [8, 13, 9, 16], "texture": "#5"}
			}
		},
		{
			"name": "Right Leg",
			"from": [7.9625, 0, 6],
			"to": [11.9625, 12, 10],
			"rotation": {"angle": 0, "axis": "y", "origin": [8.0625, 0, 8]},
			"faces": {
				"north": {"uv": [1, 5, 2, 8], "texture": "#5"},
				"east": {"uv": [0, 5, 1, 8], "texture": "#5"},
				"south": {"uv": [3, 5, 4, 8], "texture": "#5"},
				"west": {"uv": [2, 5, 3, 8], "texture": "#5"},
				"up": {"uv": [2, 5, 1, 4], "texture": "#5"},
				"down": {"uv": [3, 4, 2, 5], "texture": "#5"}
			}
		},
		{
			"name": "Left Leg",
			"from": [4.11963, 0, 6.2896],
			"to": [8.11963, 12, 10.2896],
			"rotation": {"angle": 22.5, "axis": "y", "origin": [6.11963, 6, 8.2896]},
			"faces": {
				"north": {"uv": [5, 13, 6, 16], "texture": "#5"},
				"east": {"uv": [4, 13, 5, 16], "texture": "#5"},
				"south": {"uv": [7, 13, 8, 16], "texture": "#5"},
				"west": {"uv": [6, 13, 7, 16], "texture": "#5"},
				"up": {"uv": [6, 13, 5, 12], "texture": "#5"},
				"down": {"uv": [7, 12, 6, 13], "texture": "#5"}
			}
		},
		{
			"from": [3, 0, 1],
			"to": [13, 1, 2],
			"rotation": {"angle": 0, "axis": "y", "origin": [8, 0.5, 1.5]},
			"faces": {
				"north": {"uv": [0, 3, 16, 5], "texture": "#9"},
				"east": {"uv": [0, 3, 2, 5], "texture": "#9"},
				"south": {"uv": [0, 3, 16, 5], "texture": "#9"},
				"west": {"uv": [0, 3, 2, 5], "texture": "#9"},
				"up": {"uv": [0, 3, 16, 5], "texture": "#9"},
				"down": {"uv": [0, 3, 16, 5], "texture": "#9"}
			}
		},
		{
			"from": [1.75, 1, 2],
			"to": [14.25, 22, 2],
			"rotation": {"angle": 0, "axis": "y", "origin": [23, 9, 10]},
			"faces": {
				"north": {"uv": [2, 0, 14, 16], "texture": "#6"},
				"east": {"uv": [15, 0, 16, 1], "texture": "#6"},
				"south": {"uv": [2, 0, 14, 16], "texture": "#6"},
				"west": {"uv": [15, 0, 16, 1], "texture": "#6"},
				"up": {"uv": [15, 0, 16, 1], "texture": "#6"},
				"down": {"uv": [15, 0, 16, 1], "texture": "#6"}
			}
		},
		{
			"from": [1.75, 1, 14],
			"to": [14.25, 22, 14],
			"rotation": {"angle": 0, "axis": "y", "origin": [23, 9, 21]},
			"faces": {
				"north": {"uv": [2, 0, 14, 16], "texture": "#6"},
				"east": {"uv": [15, 0, 16, 1], "texture": "#6"},
				"south": {"uv": [2, 0, 14, 16], "texture": "#6"},
				"west": {"uv": [15, 0, 16, 1], "texture": "#6"},
				"up": {"uv": [15, 0, 16, 1], "texture": "#6"},
				"down": {"uv": [15, 0, 16, 1], "texture": "#6"}
			}
		},
		{
			"from": [14, 1, 1.75],
			"to": [14, 22, 14.25],
			"rotation": {"angle": 0, "axis": "y", "origin": [13.5, 14.5, 8]},
			"faces": {
				"north": {"uv": [15, 0, 16, 1], "texture": "#6"},
				"east": {"uv": [2, 0, 14, 16], "texture": "#6"},
				"south": {"uv": [15, 0, 16, 1], "texture": "#6"},
				"west": {"uv": [2, 0, 14, 16], "texture": "#6"},
				"up": {"uv": [15, 0, 16, 1], "rotation": 270, "texture": "#6"},
				"down": {"uv": [15, 0, 16, 1], "rotation": 90, "texture": "#6"}
			}
		},
		{
			"from": [2, 1, 1.75],
			"to": [2, 22, 14.25],
			"rotation": {"angle": 0, "axis": "y", "origin": [2.5, 14.5, 8]},
			"faces": {
				"north": {"uv": [15, 0, 16, 1], "texture": "#6"},
				"east": {"uv": [2, 0, 14, 16], "texture": "#6"},
				"south": {"uv": [15, 0, 16, 1], "texture": "#6"},
				"west": {"uv": [2, 0, 14, 16], "texture": "#6"},
				"up": {"uv": [15, 0, 16, 1], "rotation": 270, "texture": "#6"},
				"down": {"uv": [15, 0, 16, 1], "rotation": 90, "texture": "#6"}
			}
		},
		{
			"from": [3, 1, 0],
			"to": [13, 16, 1],
			"rotation": {"angle": 0, "axis": "y", "origin": [23, 9, 8]},
			"faces": {
				"north": {"uv": [2, 0, 14, 16], "texture": "#6"},
				"east": {"uv": [15, 0, 16, 1], "texture": "#6"},
				"south": {"uv": [2, 0, 14, 16], "texture": "#6"},
				"west": {"uv": [15, 0, 16, 1], "texture": "#6"},
				"up": {"uv": [15, 0, 16, 1], "texture": "#6"},
				"down": {"uv": [15, 0, 16, 1], "texture": "#6"}
			}
		},
		{
			"from": [3, 1, 15],
			"to": [13, 16, 16],
			"rotation": {"angle": 0, "axis": "y", "origin": [23, 9, 23]},
			"faces": {
				"north": {"uv": [2, 0, 14, 16], "texture": "#6"},
				"east": {"uv": [15, 0, 16, 1], "texture": "#6"},
				"south": {"uv": [2, 0, 14, 16], "texture": "#6"},
				"west": {"uv": [15, 0, 16, 1], "texture": "#6"},
				"up": {"uv": [15, 0, 16, 1], "texture": "#6"},
				"down": {"uv": [15, 0, 16, 1], "texture": "#6"}
			}
		},
		{
			"from": [0, 1, 3],
			"to": [1, 16, 13],
			"rotation": {"angle": 0, "axis": "y", "origin": [0.5, 1.5, 8]},
			"faces": {
				"north": {"uv": [15, 0, 16, 1], "texture": "#6"},
				"east": {"uv": [2, 0, 14, 16], "texture": "#6"},
				"south": {"uv": [15, 0, 16, 1], "texture": "#6"},
				"west": {"uv": [2, 0, 14, 16], "texture": "#6"},
				"up": {"uv": [15, 0, 16, 1], "texture": "#6"},
				"down": {"uv": [15, 0, 16, 1], "texture": "#6"}
			}
		},
		{
			"from": [15, 1, 3],
			"to": [16, 16, 13],
			"rotation": {"angle": 0, "axis": "y", "origin": [15.5, 1.5, 8]},
			"faces": {
				"north": {"uv": [15, 0, 16, 1], "texture": "#6"},
				"east": {"uv": [2, 0, 14, 16], "texture": "#6"},
				"south": {"uv": [15, 0, 16, 1], "texture": "#6"},
				"west": {"uv": [2, 0, 14, 16], "texture": "#6"},
				"up": {"uv": [15, 0, 16, 1], "texture": "#6"},
				"down": {"uv": [15, 0, 16, 1], "texture": "#6"}
			}
		},
		{
			"from": [1.3125, -0.0625, 12.25],
			"to": [4.1875, 0.9375, 13.3125],
			"rotation": {"angle": -45, "axis": "y", "origin": [1.5625, 0.4375, 12.75]},
			"faces": {
				"north": {"uv": [0, 7, 6, 9], "texture": "#9"},
				"east": {"uv": [0, 3, 2, 5], "texture": "#9"},
				"south": {"uv": [0, 7, 6, 9], "texture": "#9"},
				"west": {"uv": [0, 3, 2, 5], "texture": "#9"},
				"up": {"uv": [0, 7, 6, 9], "texture": "#9"},
				"down": {"uv": [0, 7, 6, 9], "texture": "#9"}
			}
		},
		{
			"from": [1.14396, -0.0625, 2.3444],
			"to": [4.01896, 0.9375, 3.4069],
			"rotation": {"angle": 45, "axis": "y", "origin": [1.89396, 0.4375, 2.87565]},
			"faces": {
				"north": {"uv": [10, 12, 16, 14], "texture": "#9"},
				"east": {"uv": [0, 3, 2, 5], "texture": "#9"},
				"south": {"uv": [10, 12, 16, 14], "texture": "#9"},
				"west": {"uv": [0, 3, 2, 5], "texture": "#9"},
				"up": {"uv": [10, 12, 16, 14], "texture": "#9"},
				"down": {"uv": [10, 12, 16, 14], "texture": "#9"}
			}
		},
		{
			"from": [12.01896, -0.0625, 12.5944],
			"to": [14.83146, 0.9375, 13.6569],
			"rotation": {"angle": 45, "axis": "y", "origin": [14.14396, 0.4375, 13.12565]},
			"faces": {
				"north": {"uv": [9, 3, 15, 5], "texture": "#9"},
				"east": {"uv": [0, 3, 2, 5], "texture": "#9"},
				"south": {"uv": [9, 3, 15, 5], "texture": "#9"},
				"west": {"uv": [0, 3, 2, 5], "texture": "#9"},
				"up": {"uv": [9, 3, 15, 5], "texture": "#9"},
				"down": {"uv": [9, 3, 15, 5], "texture": "#9"}
			}
		},
		{
			"from": [12.1875, -0.0625, 2],
			"to": [15, 0.9375, 3.0625],
			"rotation": {"angle": -45, "axis": "y", "origin": [13.8125, 0.4375, 2.5]},
			"faces": {
				"north": {"uv": [10, 8, 16, 10], "texture": "#9"},
				"east": {"uv": [0, 3, 2, 5], "texture": "#9"},
				"south": {"uv": [10, 8, 16, 10], "texture": "#9"},
				"west": {"uv": [0, 3, 2, 5], "texture": "#9"},
				"up": {"uv": [10, 8, 16, 10], "texture": "#9"},
				"down": {"uv": [10, 8, 16, 10], "texture": "#9"}
			}
		},
		{
			"from": [1, 0, 3],
			"to": [2, 1, 13],
			"rotation": {"angle": 0, "axis": "y", "origin": [1.5, 0.5, 8]},
			"faces": {
				"north": {"uv": [0, 3, 2, 5], "texture": "#9"},
				"east": {"uv": [0, 5, 16, 7], "texture": "#9"},
				"south": {"uv": [0, 3, 2, 5], "texture": "#9"},
				"west": {"uv": [0, 5, 16, 7], "texture": "#9"},
				"up": {"uv": [10, 0, 12, 16], "texture": "#9"},
				"down": {"uv": [10, 0, 12, 16], "texture": "#9"}
			}
		},
		{
			"from": [14, 0, 3],
			"to": [15, 1, 13],
			"rotation": {"angle": 0, "axis": "y", "origin": [14.5, 0.5, 8]},
			"faces": {
				"north": {"uv": [0, 3, 2, 5], "texture": "#9"},
				"east": {"uv": [0, 7, 16, 9], "texture": "#9"},
				"south": {"uv": [0, 3, 2, 5], "texture": "#9"},
				"west": {"uv": [0, 7, 16, 9], "texture": "#9"},
				"up": {"uv": [7, 0, 9, 16], "texture": "#9"},
				"down": {"uv": [7, 0, 9, 16], "texture": "#9"}
			}
		},
		{
			"from": [3, 0, 14],
			"to": [13, 1, 15],
			"rotation": {"angle": 0, "axis": "y", "origin": [23, 8, 22]},
			"faces": {
				"north": {"uv": [0, 5, 16, 7], "texture": "#9"},
				"east": {"uv": [0, 3, 2, 5], "texture": "#9"},
				"south": {"uv": [0, 5, 16, 7], "texture": "#9"},
				"west": {"uv": [0, 3, 2, 5], "texture": "#9"},
				"up": {"uv": [0, 5, 16, 7], "texture": "#9"},
				"down": {"uv": [0, 5, 16, 7], "texture": "#9"}
			}
		}
	],
	"display": {
		"thirdperson_righthand": {
			"rotation": [3, -180, 0],
			"translation": [0, 1, 1.5],
			"scale": [0.2, 0.2, 0.2]
		},
		"thirdperson_lefthand": {
			"scale": [0, 0, 0]
		},
		"firstperson_righthand": {
			"rotation": [0, 140, -2],
			"translation": [1.25, 0, 0],
			"scale": [0.3, 0.3, 0.3]
		},
		"firstperson_lefthand": {
			"scale": [0, 0, 0]
		},
		"ground": {
			"translation": [0, -1.25, 0],
			"scale": [0.15, 0.15, 0.15]
		},
		"gui": {
			"rotation": [-6, -156, 0],
			"translation": [0, -3.75, 0],
			"scale": [0.45, 0.45, 0.45]
		},
		"head": {
			"translation": [0, -30.25, 0],
			"scale": [1.6, 1.6, 1.6]
		}
	},
	"groups": [
		{
			"name": "root",
			"origin": [0, 0, 0],
			"children": [
				{
					"name": "Head",
					"origin": [0, 24, 0],
					"children": [0, 1]
				},
				{
					"name": "Body",
					"origin": [0, 24, 0],
					"children": [2]
				},
				{
					"name": "RightArm",
					"origin": [6.25, 18, 0],
					"children": [3]
				},
				{
					"name": "LeftArm",
					"origin": [-6.25, 18, 0],
					"children": [4]
				},
				{
					"name": "RightLeg",
					"origin": [1.9, 6, 0],
					"children": [5]
				},
				{
					"name": "LeftLeg",
					"origin": [-1.9, 6, 0],
					"children": [6]
				}
			]
		}, 7, 8, 9, 10, 11, 12, 13, 14, 15, 16, 17, 18, 19, 20, 21, 22]
}