{
	"credit": "Made with Blockbench",
	"texture_size": [64, 64],
	"textures": {
		"3": "block/pirate-angry",
		"4": "block/blast_furnace_top",
		"6": "block/dark_oak_log",
		"8": "block/polished_blackstone",
		"particle": "block/pirate"
	},
	"elements": [
		{
			"name": "Head",
			"from": [4, 23, 7],
			"to": [12, 31, 15],
			"rotation": {"angle": -22.5, "axis": "x", "origin": [8, 27, 11]},
			"faces": {
				"north": {"uv": [2, 2, 4, 4], "texture": "#3"},
				"east": {"uv": [0, 2, 2, 4], "texture": "#3"},
				"south": {"uv": [6, 2, 8, 4], "texture": "#3"},
				"west": {"uv": [4, 2, 6, 4], "texture": "#3"},
				"up": {"uv": [4, 2, 2, 0], "texture": "#3"},
				"down": {"uv": [6, 0, 4, 2], "texture": "#3"}
			}
		},
		{
			"name": "Body",
			"from": [4, 12, 13.25],
			"to": [12, 24, 17.25],
			"rotation": {"angle": -22.5, "axis": "x", "origin": [8, 18, 15.25]},
			"faces": {
				"north": {"uv": [5, 5, 7, 8], "texture": "#3"},
				"east": {"uv": [4, 5, 5, 8], "texture": "#3"},
				"south": {"uv": [8, 5, 10, 8], "texture": "#3"},
				"west": {"uv": [7, 5, 8, 8], "texture": "#3"},
				"up": {"uv": [7, 5, 5, 4], "texture": "#3"},
				"down": {"uv": [9, 4, 7, 5], "texture": "#3"}
			}
		},
		{
			"name": "Right Arm",
			"from": [12, 12.09222, 8.40581],
			"to": [16, 24.09222, 12.40581],
			"rotation": {"angle": 45, "axis": "x", "origin": [14, 18.09222, 10.40581]},
			"faces": {
				"north": {"uv": [11, 5, 12, 8], "texture": "#3"},
				"east": {"uv": [10, 5, 11, 8], "texture": "#3"},
				"south": {"uv": [13, 5, 14, 8], "texture": "#3"},
				"west": {"uv": [12, 5, 13, 8], "texture": "#3"},
				"up": {"uv": [12, 5, 11, 4], "texture": "#3"},
				"down": {"uv": [13, 4, 12, 5], "texture": "#3"}
			}
		},
		{
			"from": [13.70878, 14.99601, 2.07979],
			"to": [14.20878, 15.49601, 5.07979],
			"rotation": {"angle": -22.5, "axis": "x", "origin": [13.95964, 14.90104, -6.75521]},
			"faces": {
				"north": {"uv": [11, 4, 12, 10], "rotation": 270, "texture": "#6"},
				"east": {"uv": [11, 4, 12, 10], "rotation": 90, "texture": "#6"},
				"south": {"uv": [11, 4, 12, 10], "rotation": 270, "texture": "#6"},
				"west": {"uv": [11, 4, 12, 10], "rotation": 270, "texture": "#6"},
				"up": {"uv": [11, 4, 12, 10], "texture": "#6"},
				"down": {"uv": [11, 4, 12, 10], "rotation": 180, "texture": "#6"}
			}
		},
		{
			"from": [13.70878, 14.49601, 4.57979],
			"to": [14.20878, 14.99601, 5.07979],
			"rotation": {"angle": -22.5, "axis": "x", "origin": [13.95964, 14.90104, -6.75521]},
			"faces": {
				"north": {"uv": [15, 15, 16, 16], "rotation": 270, "texture": "#6"},
				"east": {"uv": [15, 15, 16, 16], "rotation": 90, "texture": "#6"},
				"south": {"uv": [15, 15, 16, 16], "rotation": 270, "texture": "#6"},
				"west": {"uv": [15, 15, 16, 16], "rotation": 270, "texture": "#6"},
				"up": {"uv": [15, 15, 16, 16], "texture": "#6"},
				"down": {"uv": [15, 15, 16, 16], "rotation": 180, "texture": "#6"}
			}
		},
		{
			"from": [13.70878, 14.49601, 2.07979],
			"to": [14.20878, 14.99601, 2.57979],
			"rotation": {"angle": -22.5, "axis": "x", "origin": [13.95964, 14.90104, -6.75521]},
			"faces": {
				"north": {"uv": [15, 15, 16, 16], "rotation": 270, "texture": "#6"},
				"east": {"uv": [15, 15, 16, 16], "rotation": 90, "texture": "#6"},
				"south": {"uv": [15, 15, 16, 16], "rotation": 270, "texture": "#6"},
				"west": {"uv": [15, 15, 16, 16], "rotation": 270, "texture": "#6"},
				"up": {"uv": [15, 15, 16, 16], "texture": "#6"},
				"down": {"uv": [15, 15, 16, 16], "rotation": 180, "texture": "#6"}
			}
		},
		{
			"from": [13.70878, 13.99601, 2.07979],
			"to": [14.20878, 14.49601, 2.57979],
			"rotation": {"angle": -22.5, "axis": "x", "origin": [13.95964, 14.90104, -6.75521]},
			"faces": {
				"north": {"uv": [14, 14, 15, 15], "rotation": 270, "texture": "#6"},
				"east": {"uv": [14, 14, 15, 15], "rotation": 90, "texture": "#6"},
				"south": {"uv": [14, 14, 15, 15], "rotation": 270, "texture": "#6"},
				"west": {"uv": [14, 14, 15, 15], "rotation": 270, "texture": "#6"},
				"up": {"uv": [14, 14, 15, 15], "texture": "#6"},
				"down": {"uv": [14, 14, 15, 15], "rotation": 180, "texture": "#6"}
			}
		},
		{
			"from": [13.70878, 13.99601, 4.57979],
			"to": [14.20878, 14.49601, 5.07979],
			"rotation": {"angle": -22.5, "axis": "x", "origin": [13.95964, 14.90104, -6.75521]},
			"faces": {
				"north": {"uv": [14, 14, 15, 15], "rotation": 270, "texture": "#6"},
				"east": {"uv": [14, 14, 15, 15], "rotation": 90, "texture": "#6"},
				"south": {"uv": [14, 14, 15, 15], "rotation": 270, "texture": "#6"},
				"west": {"uv": [14, 14, 15, 15], "rotation": 270, "texture": "#6"},
				"up": {"uv": [14, 14, 15, 15], "texture": "#6"},
				"down": {"uv": [14, 14, 15, 15], "rotation": 180, "texture": "#6"}
			}
		},
		{
			"from": [13.70878, 13.49601, 4.07979],
			"to": [14.20878, 13.99601, 4.57979],
			"rotation": {"angle": -22.5, "axis": "x", "origin": [13.95964, 14.90104, -6.75521]},
			"faces": {
				"north": {"uv": [14, 7, 15, 8], "rotation": 270, "texture": "#6"},
				"east": {"uv": [14, 7, 15, 8], "rotation": 90, "texture": "#6"},
				"south": {"uv": [14, 7, 15, 8], "rotation": 270, "texture": "#6"},
				"west": {"uv": [14, 7, 15, 8], "rotation": 270, "texture": "#6"},
				"up": {"uv": [14, 7, 15, 8], "texture": "#6"},
				"down": {"uv": [14, 7, 15, 8], "rotation": 180, "texture": "#6"}
			}
		},
		{
			"from": [13.70878, 13.49601, 2.57979],
			"to": [14.20878, 13.99601, 3.07979],
			"rotation": {"angle": -22.5, "axis": "x", "origin": [13.95964, 14.90104, -6.75521]},
			"faces": {
				"north": {"uv": [14, 7, 15, 8], "rotation": 270, "texture": "#6"},
				"east": {"uv": [14, 7, 15, 8], "rotation": 90, "texture": "#6"},
				"south": {"uv": [14, 7, 15, 8], "rotation": 270, "texture": "#6"},
				"west": {"uv": [14, 7, 15, 8], "rotation": 270, "texture": "#6"},
				"up": {"uv": [14, 7, 15, 8], "texture": "#6"},
				"down": {"uv": [14, 7, 15, 8], "rotation": 180, "texture": "#6"}
			}
		},
		{
			"from": [13.58378, 14.87101, 5.07979],
			"to": [14.33378, 15.62101, 5.82979],
			"rotation": {"angle": -22.5, "axis": "x", "origin": [13.95964, 14.90104, -6.75521]},
			"faces": {
				"north": {"uv": [11, 11, 13, 13], "rotation": 270, "texture": "#6"},
				"east": {"uv": [11, 11, 13, 13], "rotation": 90, "texture": "#6"},
				"south": {"uv": [11, 11, 13, 13], "rotation": 270, "texture": "#6"},
				"west": {"uv": [11, 11, 13, 13], "rotation": 270, "texture": "#6"},
				"up": {"uv": [11, 11, 13, 13], "texture": "#6"},
				"down": {"uv": [11, 11, 13, 13], "rotation": 180, "texture": "#6"}
			}
		},
		{
			"from": [13.70878, 14.99601, 5.82979],
			"to": [14.20878, 15.49601, 6.07979],
			"rotation": {"angle": -22.5, "axis": "x", "origin": [13.95964, 14.90104, -6.75521]},
			"faces": {
				"north": {"uv": [14, 14, 16, 16], "rotation": 270, "texture": "#8"},
				"east": {"uv": [14, 15, 16, 16], "rotation": 90, "texture": "#8"},
				"south": {"uv": [14, 14, 16, 16], "rotation": 270, "texture": "#8"},
				"west": {"uv": [14, 15, 16, 16], "rotation": 270, "texture": "#8"},
				"up": {"uv": [14, 15, 16, 16], "texture": "#8"},
				"down": {"uv": [14, 15, 16, 16], "rotation": 180, "texture": "#8"}
			}
		},
		{
			"from": [13.20878, 13.74601, 1.82979],
			"to": [14.70878, 15.99601, 2.07979],
			"rotation": {"angle": -22.5, "axis": "x", "origin": [13.95964, 14.90104, -6.75521]},
			"faces": {
				"north": {"uv": [9, 9, 13, 12], "rotation": 270, "texture": "#6"},
				"east": {"uv": [7, 11, 11, 12], "rotation": 90, "texture": "#6"},
				"south": {"uv": [9, 9, 13, 12], "rotation": 270, "texture": "#6"},
				"west": {"uv": [6, 12, 10, 13], "rotation": 270, "texture": "#6"},
				"up": {"uv": [4, 13, 8, 14], "texture": "#6"},
				"down": {"uv": [11, 13, 14, 14], "rotation": 180, "texture": "#6"}
			}
		},
		{
			"from": [13.70878, 12.99601, 3.57979],
			"to": [14.20878, 13.49601, 4.07979],
			"rotation": {"angle": -22.5, "axis": "x", "origin": [13.95964, 14.90104, -6.75521]},
			"faces": {
				"north": {"uv": [14, 7, 15, 8], "rotation": 270, "texture": "#6"},
				"east": {"uv": [14, 7, 15, 8], "rotation": 90, "texture": "#6"},
				"south": {"uv": [14, 7, 15, 8], "rotation": 270, "texture": "#6"},
				"west": {"uv": [14, 7, 15, 8], "rotation": 270, "texture": "#6"},
				"up": {"uv": [14, 7, 15, 8], "texture": "#6"},
				"down": {"uv": [14, 7, 15, 8], "rotation": 180, "texture": "#6"}
			}
		},
		{
			"from": [13.70878, 12.99601, 3.07979],
			"to": [14.20878, 13.49601, 3.57979],
			"rotation": {"angle": -22.5, "axis": "x", "origin": [13.95964, 14.90104, -6.75521]},
			"faces": {
				"north": {"uv": [14, 7, 15, 8], "rotation": 270, "texture": "#6"},
				"east": {"uv": [14, 7, 15, 8], "rotation": 90, "texture": "#6"},
				"south": {"uv": [14, 7, 15, 8], "rotation": 270, "texture": "#6"},
				"west": {"uv": [14, 7, 15, 8], "rotation": 270, "texture": "#6"},
				"up": {"uv": [14, 7, 15, 8], "texture": "#6"},
				"down": {"uv": [14, 7, 15, 8], "rotation": 180, "texture": "#6"}
			}
		},
		{
			"from": [13.70878, 14.62101, -4.17021],
			"to": [14.20878, 15.62101, 1.82979],
			"rotation": {"angle": -22.5, "axis": "x", "origin": [13.95964, 14.90104, -6.75521]},
			"faces": {
				"north": {"uv": [8, 10, 9, 13], "rotation": 270, "texture": "#4"},
				"east": {"uv": [7, 1, 11, 14], "rotation": 90, "texture": "#4"},
				"south": {"uv": [0, 0, 0.25, 0.125], "rotation": 270, "texture": "#missing"},
				"west": {"uv": [7, 1, 11, 14], "rotation": 270, "texture": "#4"},
				"up": {"uv": [12, 3, 14, 16], "texture": "#4"},
				"down": {"uv": [4, 3, 5, 11], "rotation": 180, "texture": "#4"}
			}
		},
		{
			"from": [13.77128, 14.37101, -4.17021],
			"to": [14.14628, 14.62101, 1.82979],
			"rotation": {"angle": -22.5, "axis": "x", "origin": [13.95964, 14.90104, -6.75521]},
			"faces": {
				"north": {"uv": [8, 10, 9, 13], "rotation": 270, "texture": "#4"},
				"east": {"uv": [3, 2, 4, 15], "rotation": 90, "texture": "#4"},
				"south": {"uv": [0, 0, 0.0625, 0.09375], "rotation": 270, "texture": "#missing"},
				"west": {"uv": [3, 2, 4, 15], "rotation": 270, "texture": "#4"},
				"up": {"uv": [0, 0, 0.09375, 1.5], "texture": "#missing"},
				"down": {"uv": [4, 3, 5, 11], "rotation": 180, "texture": "#4"}
			}
		},
		{
			"from": [13.83378, 14.12101, -4.17021],
			"to": [14.08378, 14.37101, 1.82979],
			"rotation": {"angle": -22.5, "axis": "x", "origin": [13.95964, 14.90104, -6.75521]},
			"faces": {
				"north": {"uv": [8, 10, 8.0625, 10.0625], "rotation": 270, "texture": "#4"},
				"east": {"uv": [3, 2, 3.0625, 3.5], "rotation": 90, "texture": "#4"},
				"south": {"uv": [0, 0, 0.0625, 0.0625], "rotation": 270, "texture": "#missing"},
				"west": {"uv": [3, 2, 3.0625, 3.5], "rotation": 270, "texture": "#4"},
				"up": {"uv": [0, 0, 0.0625, 1.5], "texture": "#missing"},
				"down": {"uv": [4, 3, 4.0625, 4.5], "rotation": 180, "texture": "#4"}
			}
		},
		{
			"from": [13.89628, 13.99601, -4.17021],
			"to": [14.02128, 14.12101, 1.82979],
			"rotation": {"angle": -22.5, "axis": "x", "origin": [13.95964, 14.90104, -6.75521]},
			"faces": {
				"north": {"uv": [8, 12, 8.03125, 12.03125], "rotation": 270, "texture": "#4"},
				"east": {"uv": [3, 2, 3.03125, 3.5], "rotation": 90, "texture": "#4"},
				"south": {"uv": [0, 0, 0.03125, 0.03125], "rotation": 270, "texture": "#missing"},
				"west": {"uv": [3, 2, 3.03125, 3.5], "rotation": 270, "texture": "#4"},
				"up": {"uv": [0, 0, 0.03125, 1.5], "texture": "#missing"},
				"down": {"uv": [4, 3, 4.03125, 4.5], "rotation": 180, "texture": "#4"}
			}
		},
		{
			"from": [13.89628, 14.18351, -7.17021],
			"to": [14.02128, 14.30851, -4.17021],
			"rotation": {"angle": -22.5, "axis": "x", "origin": [13.95964, 14.90104, -6.75521]},
			"faces": {
				"north": {"uv": [8, 12, 8.03125, 12.03125], "rotation": 270, "texture": "#4"},
				"east": {"uv": [13, 5, 13.03125, 5.75], "rotation": 90, "texture": "#4"},
				"south": {"uv": [0, 0, 0.03125, 0.03125], "rotation": 270, "texture": "#missing"},
				"west": {"uv": [13, 5, 13.03125, 5.75], "rotation": 270, "texture": "#4"},
				"up": {"uv": [0, 0, 0.03125, 0.75], "texture": "#missing"},
				"down": {"uv": [4, 3, 4.03125, 3.75], "rotation": 180, "texture": "#4"}
			}
		},
		{
			"from": [13.89628, 14.30851, -10.17021],
			"to": [14.02128, 14.43351, -7.17021],
			"rotation": {"angle": -22.5, "axis": "x", "origin": [13.95964, 14.90104, -6.75521]},
			"faces": {
				"north": {"uv": [8, 12, 9, 13], "rotation": 270, "texture": "#4"},
				"east": {"uv": [4, 3, 5, 11], "rotation": 90, "texture": "#4"},
				"south": {"uv": [0, 0, 0.03125, 0.03125], "rotation": 270, "texture": "#missing"},
				"west": {"uv": [4, 3, 5, 11], "rotation": 270, "texture": "#4"},
				"up": {"uv": [0, 0, 0.03125, 0.75], "texture": "#missing"},
				"down": {"uv": [4, 3, 5, 11], "rotation": 180, "texture": "#4"}
			}
		},
		{
			"from": [13.89628, 14.43351, -11.67021],
			"to": [14.02128, 14.55851, -10.17021],
			"rotation": {"angle": -22.5, "axis": "x", "origin": [13.95964, 14.90104, -6.75521]},
			"faces": {
				"north": {"uv": [8, 12, 9, 13], "rotation": 270, "texture": "#4"},
				"east": {"uv": [7, 9, 8, 15], "rotation": 90, "texture": "#4"},
				"south": {"uv": [0, 0, 0.03125, 0.03125], "rotation": 270, "texture": "#missing"},
				"west": {"uv": [7, 9, 8, 15], "rotation": 270, "texture": "#4"},
				"up": {"uv": [0, 0, 0.03125, 0.375], "texture": "#missing"},
				"down": {"uv": [4, 3, 5, 11], "rotation": 180, "texture": "#4"}
			}
		},
		{
			"from": [13.89628, 14.62101, -13.17021],
			"to": [14.02128, 14.74601, -11.67021],
			"rotation": {"angle": -22.5, "axis": "x", "origin": [13.95964, 14.90104, -6.75521]},
			"faces": {
				"north": {"uv": [8, 12, 9, 13], "rotation": 270, "texture": "#4"},
				"east": {"uv": [11, 4, 12, 10], "rotation": 90, "texture": "#4"},
				"south": {"uv": [0, 0, 0.03125, 0.03125], "rotation": 270, "texture": "#missing"},
				"west": {"uv": [11, 4, 12, 10], "rotation": 270, "texture": "#4"},
				"up": {"uv": [0, 0, 0.03125, 0.375], "texture": "#missing"},
				"down": {"uv": [4, 3, 5, 11], "rotation": 180, "texture": "#4"}
			}
		},
		{
			"from": [13.89628, 14.80851, -14.17021],
			"to": [14.02128, 14.93351, -13.17021],
			"rotation": {"angle": -22.5, "axis": "x", "origin": [13.95964, 14.90104, -6.75521]},
			"faces": {
				"north": {"uv": [8, 12, 9, 13], "rotation": 270, "texture": "#4"},
				"east": {"uv": [6, 10, 7, 14], "rotation": 90, "texture": "#4"},
				"south": {"uv": [0, 0, 0.03125, 0.03125], "rotation": 270, "texture": "#missing"},
				"west": {"uv": [6, 10, 7, 14], "rotation": 270, "texture": "#4"},
				"up": {"uv": [0, 0, 0.03125, 0.25], "texture": "#missing"},
				"down": {"uv": [4, 3, 5, 11], "rotation": 180, "texture": "#4"}
			}
		},
		{
			"from": [13.89628, 14.93351, -14.67021],
			"to": [14.02128, 15.05851, -14.17021],
			"rotation": {"angle": -22.5, "axis": "x", "origin": [13.95964, 14.90104, -6.75521]},
			"faces": {
				"north": {"uv": [8, 12, 9, 13], "rotation": 270, "texture": "#4"},
				"east": {"uv": [9, 8, 10, 12], "rotation": 90, "texture": "#4"},
				"south": {"uv": [0, 0, 0.03125, 0.03125], "rotation": 270, "texture": "#missing"},
				"west": {"uv": [9, 8, 10, 12], "rotation": 270, "texture": "#4"},
				"up": {"uv": [0, 0, 0.03125, 0.125], "texture": "#missing"},
				"down": {"uv": [4, 3, 5, 11], "rotation": 180, "texture": "#4"}
			}
		},
		{
			"from": [13.89628, 14.99601, -15.17021],
			"to": [14.02128, 15.12101, -14.67021],
			"rotation": {"angle": -22.5, "axis": "x", "origin": [13.95964, 14.90104, -6.75521]},
			"faces": {
				"north": {"uv": [8, 12, 9, 13], "rotation": 270, "texture": "#4"},
				"east": {"uv": [5, 4, 7, 8], "rotation": 90, "texture": "#4"},
				"south": {"uv": [0, 0, 0.03125, 0.03125], "rotation": 270, "texture": "#missing"},
				"west": {"uv": [5, 4, 7, 8], "rotation": 270, "texture": "#4"},
				"up": {"uv": [0, 0, 0.03125, 0.125], "texture": "#missing"},
				"down": {"uv": [4, 3, 5, 11], "rotation": 180, "texture": "#4"}
			}
		},
		{
			"from": [13.89628, 15.18351, -15.67021],
			"to": [14.02128, 15.30851, -15.17021],
			"rotation": {"angle": -22.5, "axis": "x", "origin": [13.95964, 14.90104, -6.75521]},
			"faces": {
				"north": {"uv": [8, 11, 9, 13], "rotation": 270, "texture": "#4"},
				"east": {"uv": [10, 4, 11, 8], "rotation": 90, "texture": "#4"},
				"south": {"uv": [0, 0, 0.03125, 0.03125], "rotation": 270, "texture": "#missing"},
				"west": {"uv": [14, 6, 15, 10], "rotation": 270, "texture": "#4"},
				"up": {"uv": [0, 0, 0.03125, 0.125], "texture": "#missing"},
				"down": {"uv": [4, 3, 5, 11], "rotation": 180, "texture": "#4"}
			}
		},
		{
			"from": [13.70878, 14.80851, -7.17021],
			"to": [14.20878, 15.62101, -4.17021],
			"rotation": {"angle": -22.5, "axis": "x", "origin": [13.95964, 14.90104, -6.75521]},
			"faces": {
				"north": {"uv": [8, 10, 9, 13], "rotation": 270, "texture": "#4"},
				"east": {"uv": [7, 6, 11, 14], "rotation": 90, "texture": "#4"},
				"south": {"uv": [0, 0, 0.20313, 0.125], "rotation": 270, "texture": "#missing"},
				"west": {"uv": [7, 6, 11, 14], "rotation": 270, "texture": "#4"},
				"up": {"uv": [12, 6, 14, 16], "texture": "#4"},
				"down": {"uv": [4, 3, 5, 11], "rotation": 180, "texture": "#4"}
			}
		},
		{
			"from": [13.70878, 14.93351, -10.17021],
			"to": [14.20878, 15.62101, -7.17021],
			"rotation": {"angle": -22.5, "axis": "x", "origin": [13.95964, 14.90104, -6.75521]},
			"faces": {
				"north": {"uv": [8, 10, 9, 13], "rotation": 270, "texture": "#4"},
				"east": {"uv": [4, 3, 7, 11], "rotation": 90, "texture": "#4"},
				"south": {"uv": [0, 0, 0.17188, 0.125], "rotation": 270, "texture": "#missing"},
				"west": {"uv": [4, 3, 7, 11], "rotation": 270, "texture": "#4"},
				"up": {"uv": [5, 3, 7, 13], "texture": "#4"},
				"down": {"uv": [4, 3, 5, 11], "rotation": 180, "texture": "#4"}
			}
		},
		{
			"from": [13.70878, 15.05851, -11.67021],
			"to": [14.20878, 15.62101, -10.17021],
			"rotation": {"angle": -22.5, "axis": "x", "origin": [13.95964, 14.90104, -6.75521]},
			"faces": {
				"north": {"uv": [8, 10, 9, 13], "rotation": 270, "texture": "#4"},
				"east": {"uv": [4, 5, 6, 11], "rotation": 90, "texture": "#4"},
				"south": {"uv": [0, 0, 0.14063, 0.125], "rotation": 270, "texture": "#missing"},
				"west": {"uv": [4, 5, 6, 11], "rotation": 270, "texture": "#4"},
				"up": {"uv": [8, 4, 10, 10], "texture": "#4"},
				"down": {"uv": [4, 3, 5, 11], "rotation": 180, "texture": "#4"}
			}
		},
		{
			"from": [13.70878, 15.24601, -13.17021],
			"to": [14.20878, 15.62101, -11.67021],
			"rotation": {"angle": -22.5, "axis": "x", "origin": [13.95964, 14.90104, -6.75521]},
			"faces": {
				"north": {"uv": [8, 10, 9, 13], "rotation": 270, "texture": "#4"},
				"east": {"uv": [11, 4, 13, 10], "rotation": 90, "texture": "#4"},
				"south": {"uv": [0, 0, 0.09375, 0.125], "rotation": 270, "texture": "#missing"},
				"west": {"uv": [11, 4, 13, 10], "rotation": 270, "texture": "#4"},
				"up": {"uv": [8, 5, 10, 11], "texture": "#4"},
				"down": {"uv": [4, 3, 5, 11], "rotation": 180, "texture": "#4"}
			}
		},
		{
			"from": [13.70878, 15.43351, -14.17021],
			"to": [14.20878, 15.62101, -13.17021],
			"rotation": {"angle": -22.5, "axis": "x", "origin": [13.95964, 14.90104, -6.75521]},
			"faces": {
				"north": {"uv": [8, 10, 9, 13], "rotation": 270, "texture": "#4"},
				"east": {"uv": [12, 8, 13, 13], "rotation": 90, "texture": "#4"},
				"south": {"uv": [0, 0, 0.04688, 0.125], "rotation": 270, "texture": "#missing"},
				"west": {"uv": [12, 8, 13, 13], "rotation": 270, "texture": "#4"},
				"up": {"uv": [10, 7, 12, 13], "texture": "#4"},
				"down": {"uv": [4, 3, 5, 11], "rotation": 180, "texture": "#4"}
			}
		},
		{
			"from": [13.70878, 15.55851, -14.67021],
			"to": [14.20878, 15.62101, -14.17021],
			"rotation": {"angle": -22.5, "axis": "x", "origin": [13.95964, 14.90104, -6.75521]},
			"faces": {
				"north": {"uv": [8, 10, 9, 13], "rotation": 270, "texture": "#4"},
				"east": {"uv": [11, 10, 12, 14], "rotation": 90, "texture": "#4"},
				"south": {"uv": [0, 0, 0.01563, 0.125], "rotation": 270, "texture": "#missing"},
				"west": {"uv": [11, 10, 12, 14], "rotation": 270, "texture": "#4"},
				"up": {"uv": [4, 7, 6, 9], "texture": "#4"},
				"down": {"uv": [4, 3, 5, 11], "rotation": 180, "texture": "#4"}
			}
		},
		{
			"from": [13.77128, 14.55851, -7.17021],
			"to": [14.14628, 14.80851, -4.17021],
			"rotation": {"angle": -22.5, "axis": "x", "origin": [13.95964, 14.90104, -6.75521]},
			"faces": {
				"north": {"uv": [8, 10, 9, 13], "rotation": 270, "texture": "#4"},
				"east": {"uv": [13, 5, 14, 13], "rotation": 90, "texture": "#4"},
				"south": {"uv": [0, 0, 0.0625, 0.09375], "rotation": 270, "texture": "#missing"},
				"west": {"uv": [13, 5, 14, 13], "rotation": 270, "texture": "#4"},
				"up": {"uv": [0, 0, 0.09375, 0.75], "texture": "#missing"},
				"down": {"uv": [4, 3, 5, 11], "rotation": 180, "texture": "#4"}
			}
		},
		{
			"from": [13.77128, 14.68351, -10.17021],
			"to": [14.14628, 14.93351, -7.17021],
			"rotation": {"angle": -22.5, "axis": "x", "origin": [13.95964, 14.90104, -6.75521]},
			"faces": {
				"north": {"uv": [8, 10, 9, 13], "rotation": 270, "texture": "#4"},
				"east": {"uv": [4, 3, 5, 11], "rotation": 90, "texture": "#4"},
				"south": {"uv": [0, 0, 0.0625, 0.09375], "rotation": 270, "texture": "#missing"},
				"west": {"uv": [4, 3, 5, 11], "rotation": 270, "texture": "#4"},
				"up": {"uv": [0, 0, 0.09375, 0.75], "texture": "#missing"},
				"down": {"uv": [4, 3, 5, 11], "rotation": 180, "texture": "#4"}
			}
		},
		{
			"from": [13.77128, 14.80851, -11.67021],
			"to": [14.14628, 15.05851, -10.17021],
			"rotation": {"angle": -22.5, "axis": "x", "origin": [13.95964, 14.90104, -6.75521]},
			"faces": {
				"north": {"uv": [8, 10, 9, 13], "rotation": 270, "texture": "#4"},
				"east": {"uv": [7, 9, 9, 15], "rotation": 90, "texture": "#4"},
				"south": {"uv": [0, 0, 0.0625, 0.09375], "rotation": 270, "texture": "#missing"},
				"west": {"uv": [7, 9, 9, 15], "rotation": 270, "texture": "#4"},
				"up": {"uv": [0, 0, 0.09375, 0.375], "texture": "#missing"},
				"down": {"uv": [4, 3, 5, 11], "rotation": 180, "texture": "#4"}
			}
		},
		{
			"from": [13.77128, 14.99601, -13.17021],
			"to": [14.14628, 15.24601, -11.67021],
			"rotation": {"angle": -22.5, "axis": "x", "origin": [13.95964, 14.90104, -6.75521]},
			"faces": {
				"north": {"uv": [8, 10, 9, 13], "rotation": 270, "texture": "#4"},
				"east": {"uv": [11, 4, 13, 10], "rotation": 90, "texture": "#4"},
				"south": {"uv": [0, 0, 0.0625, 0.09375], "rotation": 270, "texture": "#missing"},
				"west": {"uv": [11, 4, 13, 10], "rotation": 270, "texture": "#4"},
				"up": {"uv": [0, 0, 0.09375, 0.375], "texture": "#missing"},
				"down": {"uv": [4, 3, 5, 11], "rotation": 180, "texture": "#4"}
			}
		},
		{
			"from": [13.77128, 15.18351, -14.17021],
			"to": [14.14628, 15.43351, -13.17021],
			"rotation": {"angle": -22.5, "axis": "x", "origin": [13.95964, 14.90104, -6.75521]},
			"faces": {
				"north": {"uv": [8, 10, 9, 13], "rotation": 270, "texture": "#4"},
				"east": {"uv": [6, 10, 8, 14], "rotation": 90, "texture": "#4"},
				"south": {"uv": [0, 0, 0.0625, 0.09375], "rotation": 270, "texture": "#missing"},
				"west": {"uv": [6, 10, 8, 14], "rotation": 270, "texture": "#4"},
				"up": {"uv": [0, 0, 0.09375, 0.25], "texture": "#missing"},
				"down": {"uv": [4, 3, 5, 11], "rotation": 180, "texture": "#4"}
			}
		},
		{
			"from": [13.77128, 15.30851, -14.67021],
			"to": [14.14628, 15.55851, -14.17021],
			"rotation": {"angle": -22.5, "axis": "x", "origin": [13.95964, 14.90104, -6.75521]},
			"faces": {
				"north": {"uv": [8, 10, 9, 13], "rotation": 270, "texture": "#4"},
				"east": {"uv": [9, 8, 11, 12], "rotation": 90, "texture": "#4"},
				"south": {"uv": [0, 0, 0.0625, 0.09375], "rotation": 270, "texture": "#missing"},
				"west": {"uv": [9, 8, 11, 12], "rotation": 270, "texture": "#4"},
				"up": {"uv": [0, 0, 0.09375, 0.125], "texture": "#missing"},
				"down": {"uv": [4, 3, 5, 11], "rotation": 180, "texture": "#4"}
			}
		},
		{
			"from": [13.77128, 15.37101, -15.17021],
			"to": [14.14628, 15.62101, -14.67021],
			"rotation": {"angle": -22.5, "axis": "x", "origin": [13.95964, 14.90104, -6.75521]},
			"faces": {
				"north": {"uv": [8, 10, 9, 13], "rotation": 270, "texture": "#4"},
				"east": {"uv": [8, 6, 10, 10], "rotation": 90, "texture": "#4"},
				"south": {"uv": [0, 0, 0.0625, 0.09375], "rotation": 270, "texture": "#missing"},
				"west": {"uv": [8, 6, 10, 10], "rotation": 270, "texture": "#4"},
				"up": {"uv": [6, 13, 8, 15], "texture": "#4"},
				"down": {"uv": [4, 3, 5, 11], "rotation": 180, "texture": "#4"}
			}
		},
		{
			"from": [13.77128, 15.49601, -15.67021],
			"to": [14.14628, 15.62101, -15.17021],
			"rotation": {"angle": -22.5, "axis": "x", "origin": [13.95964, 14.90104, -6.75521]},
			"faces": {
				"north": {"uv": [8, 10, 9, 13], "rotation": 270, "texture": "#4"},
				"east": {"uv": [4, 5, 5, 9], "rotation": 90, "texture": "#4"},
				"south": {"uv": [0, 0, 0.03125, 0.09375], "rotation": 270, "texture": "#missing"},
				"west": {"uv": [4, 5, 5, 9], "rotation": 270, "texture": "#4"},
				"up": {"uv": [5, 11, 7, 13], "texture": "#4"},
				"down": {"uv": [4, 3, 5, 11], "rotation": 180, "texture": "#4"}
			}
		},
		{
			"from": [13.83378, 14.30851, -7.17021],
			"to": [14.08378, 14.55851, -4.17021],
			"rotation": {"angle": -22.5, "axis": "x", "origin": [13.95964, 14.90104, -6.75521]},
			"faces": {
				"north": {"uv": [8, 10, 8.0625, 10.0625], "rotation": 270, "texture": "#4"},
				"east": {"uv": [13, 5, 13.0625, 5.75], "rotation": 90, "texture": "#4"},
				"south": {"uv": [0, 0, 0.0625, 0.0625], "rotation": 270, "texture": "#missing"},
				"west": {"uv": [13, 5, 13.0625, 5.75], "rotation": 270, "texture": "#4"},
				"up": {"uv": [0, 0, 0.0625, 0.75], "texture": "#missing"},
				"down": {"uv": [4, 3, 4.0625, 3.75], "rotation": 180, "texture": "#4"}
			}
		},
		{
			"from": [13.83378, 14.43351, -10.17021],
			"to": [14.08378, 14.68351, -7.17021],
			"rotation": {"angle": -22.5, "axis": "x", "origin": [13.95964, 14.90104, -6.75521]},
			"faces": {
				"north": {"uv": [8, 10, 8.0625, 10.0625], "rotation": 270, "texture": "#4"},
				"east": {"uv": [4, 3, 4.0625, 3.75], "rotation": 90, "texture": "#4"},
				"south": {"uv": [0, 0, 0.0625, 0.0625], "rotation": 270, "texture": "#missing"},
				"west": {"uv": [4, 3, 4.0625, 3.75], "rotation": 270, "texture": "#4"},
				"up": {"uv": [0, 0, 0.0625, 0.75], "texture": "#missing"},
				"down": {"uv": [4, 3, 4.0625, 3.75], "rotation": 180, "texture": "#4"}
			}
		},
		{
			"from": [13.83378, 14.55851, -11.67021],
			"to": [14.08378, 14.80851, -10.17021],
			"rotation": {"angle": -22.5, "axis": "x", "origin": [13.95964, 14.90104, -6.75521]},
			"faces": {
				"north": {"uv": [8, 10, 8.0625, 10.0625], "rotation": 270, "texture": "#4"},
				"east": {"uv": [7, 9, 7.0625, 9.375], "rotation": 90, "texture": "#4"},
				"south": {"uv": [0, 0, 0.0625, 0.0625], "rotation": 270, "texture": "#missing"},
				"west": {"uv": [7, 9, 7.0625, 9.375], "rotation": 270, "texture": "#4"},
				"up": {"uv": [0, 0, 0.0625, 0.375], "texture": "#missing"},
				"down": {"uv": [4, 3, 4.0625, 3.375], "rotation": 180, "texture": "#4"}
			}
		},
		{
			"from": [13.83378, 14.74601, -13.17021],
			"to": [14.08378, 14.99601, -11.67021],
			"rotation": {"angle": -22.5, "axis": "x", "origin": [13.95964, 14.90104, -6.75521]},
			"faces": {
				"north": {"uv": [8, 10, 8.0625, 10.0625], "rotation": 270, "texture": "#4"},
				"east": {"uv": [11, 4, 11.0625, 4.375], "rotation": 90, "texture": "#4"},
				"south": {"uv": [0, 0, 0.0625, 0.0625], "rotation": 270, "texture": "#missing"},
				"west": {"uv": [11, 4, 11.0625, 4.375], "rotation": 270, "texture": "#4"},
				"up": {"uv": [0, 0, 0.0625, 0.375], "texture": "#missing"},
				"down": {"uv": [4, 3, 4.0625, 3.375], "rotation": 180, "texture": "#4"}
			}
		},
		{
			"from": [13.83378, 14.93351, -14.17021],
			"to": [14.08378, 15.18351, -13.17021],
			"rotation": {"angle": -22.5, "axis": "x", "origin": [13.95964, 14.90104, -6.75521]},
			"faces": {
				"north": {"uv": [8, 10, 8.0625, 10.0625], "rotation": 270, "texture": "#4"},
				"east": {"uv": [6, 10, 6.0625, 10.25], "rotation": 90, "texture": "#4"},
				"south": {"uv": [0, 0, 0.0625, 0.0625], "rotation": 270, "texture": "#missing"},
				"west": {"uv": [6, 10, 6.0625, 10.25], "rotation": 270, "texture": "#4"},
				"up": {"uv": [0, 0, 0.0625, 0.25], "texture": "#missing"},
				"down": {"uv": [4, 3, 4.0625, 3.25], "rotation": 180, "texture": "#4"}
			}
		},
		{
			"from": [13.83378, 15.05851, -14.67021],
			"to": [14.08378, 15.30851, -14.17021],
			"rotation": {"angle": -22.5, "axis": "x", "origin": [13.95964, 14.90104, -6.75521]},
			"faces": {
				"north": {"uv": [8, 10, 9, 13], "rotation": 270, "texture": "#4"},
				"east": {"uv": [9, 8, 11, 12], "rotation": 90, "texture": "#4"},
				"south": {"uv": [0, 0, 0.0625, 0.0625], "rotation": 270, "texture": "#missing"},
				"west": {"uv": [9, 8, 11, 12], "rotation": 270, "texture": "#4"},
				"up": {"uv": [0, 0, 0.0625, 0.125], "texture": "#missing"},
				"down": {"uv": [4, 3, 5, 11], "rotation": 180, "texture": "#4"}
			}
		},
		{
			"from": [13.83378, 15.12101, -15.17021],
			"to": [14.08378, 15.37101, -14.67021],
			"rotation": {"angle": -22.5, "axis": "x", "origin": [13.95964, 14.90104, -6.75521]},
			"faces": {
				"north": {"uv": [8, 10, 9, 13], "rotation": 270, "texture": "#4"},
				"east": {"uv": [5, 4, 7, 8], "rotation": 90, "texture": "#4"},
				"south": {"uv": [0, 0, 0.0625, 0.0625], "rotation": 270, "texture": "#missing"},
				"west": {"uv": [5, 4, 7, 8], "rotation": 270, "texture": "#4"},
				"up": {"uv": [0, 0, 0.0625, 0.125], "texture": "#missing"},
				"down": {"uv": [4, 3, 5, 11], "rotation": 180, "texture": "#4"}
			}
		},
		{
			"from": [13.83378, 15.30851, -15.67021],
			"to": [14.08378, 15.49601, -15.17021],
			"rotation": {"angle": -22.5, "axis": "x", "origin": [13.95964, 14.90104, -6.75521]},
			"faces": {
				"north": {"uv": [0, 0, 0.0625, 0.0625], "rotation": 270, "texture": "#missing"},
				"east": {"uv": [14, 6, 15, 10], "rotation": 90, "texture": "#4"},
				"south": {"uv": [0, 0, 0.0625, 0.0625], "rotation": 270, "texture": "#missing"},
				"west": {"uv": [14, 6, 15, 10], "rotation": 270, "texture": "#4"},
				"up": {"uv": [0, 0, 0.0625, 0.125], "texture": "#missing"},
				"down": {"uv": [4, 3, 5, 11], "rotation": 180, "texture": "#4"}
			}
		},
		{
			"from": [13.83378, 15.24601, -15.92021],
			"to": [14.08378, 15.49601, -15.67021],
			"rotation": {"angle": -22.5, "axis": "x", "origin": [13.95964, 14.90104, -6.75521]},
			"faces": {
				"north": {"uv": [4, 9, 5, 10], "rotation": 270, "texture": "#4"},
				"east": {"uv": [4, 9, 5, 10], "rotation": 90, "texture": "#4"},
				"south": {"uv": [4, 9, 5, 10], "rotation": 270, "texture": "#4"},
				"west": {"uv": [4, 9, 5, 10], "rotation": 270, "texture": "#4"},
				"up": {"uv": [4, 9, 5, 10], "texture": "#4"},
				"down": {"uv": [4, 9, 5, 10], "rotation": 180, "texture": "#4"}
			}
		},
		{
			"name": "Left Arm",
			"from": [0, 14.33958, 11.71458],
			"to": [4, 18.33958, 23.71458],
			"rotation": {"angle": 22.5, "axis": "x", "origin": [1.86667, 16.33958, 26.125]},
			"faces": {
				"north": {"uv": [10, 13, 9, 12], "rotation": 180, "texture": "#3"},
				"east": {"uv": [8, 13, 9, 16], "rotation": 90, "texture": "#3"},
				"south": {"uv": [11, 12, 10, 13], "texture": "#3"},
				"west": {"uv": [10, 13, 11, 16], "rotation": 270, "texture": "#3"},
				"up": {"uv": [11, 13, 12, 16], "texture": "#3"},
				"down": {"uv": [9, 13, 10, 16], "rotation": 180, "texture": "#3"}
			}
		},
		{
			"name": "Left Arm",
			"from": [-0.0625, 14.27708, 22.71458],
			"to": [4.0625, 18.40208, 23.77708],
			"rotation": {"angle": 22.5, "axis": "x", "origin": [1.86667, 16.33958, 26.125]},
			"faces": {
				"north": {"uv": [14, 5, 13, 6], "rotation": 180, "texture": "#4"},
				"east": {"uv": [14, 5, 13, 6], "rotation": 90, "texture": "#4"},
				"south": {"uv": [14, 5, 13, 6], "texture": "#4"},
				"west": {"uv": [14, 5, 13, 6], "rotation": 270, "texture": "#4"},
				"up": {"uv": [14, 5, 13, 6], "texture": "#4"},
				"down": {"uv": [14, 5, 13, 6], "rotation": 180, "texture": "#4"}
			}
		},
		{
			"name": "Left Arm",
			"from": [1.5, 15.83958, 23.71458],
			"to": [2.5, 16.83958, 24.71458],
			"rotation": {"angle": 22.5, "axis": "x", "origin": [1.86667, 16.33958, 26.125]},
			"faces": {
				"north": {"uv": [16, 2, 15, 3], "rotation": 180, "texture": "#4"},
				"east": {"uv": [16, 2, 15, 3], "rotation": 90, "texture": "#4"},
				"south": {"uv": [16, 2, 15, 3], "texture": "#4"},
				"west": {"uv": [16, 2, 15, 3], "rotation": 270, "texture": "#4"},
				"up": {"uv": [16, 2, 15, 3], "texture": "#4"},
				"down": {"uv": [16, 2, 15, 3], "rotation": 180, "texture": "#4"}
			}
		},
		{
			"name": "Left Arm",
			"from": [1.75, 16.08958, 28.58958],
			"to": [2.25, 16.58958, 29.08958],
			"rotation": {"angle": 22.5, "axis": "x", "origin": [1.86667, 16.33958, 26.125]},
			"faces": {
				"north": {"uv": [16, 2, 15, 3], "rotation": 180, "texture": "#4"},
				"east": {"uv": [16, 2, 15, 3], "rotation": 90, "texture": "#4"},
				"south": {"uv": [16, 2, 15, 3], "texture": "#4"},
				"west": {"uv": [16, 2, 15, 3], "rotation": 270, "texture": "#4"},
				"up": {"uv": [16, 2, 15, 3], "texture": "#4"},
				"down": {"uv": [16, 2, 15, 3], "rotation": 180, "texture": "#4"}
			}
		},
		{
			"name": "Left Arm",
			"from": [1.25, 16.08958, 28.21458],
			"to": [1.75, 16.58958, 28.71458],
			"rotation": {"angle": 22.5, "axis": "x", "origin": [1.86667, 16.33958, 26.125]},
			"faces": {
				"north": {"uv": [16, 2, 15, 3], "rotation": 180, "texture": "#4"},
				"east": {"uv": [16, 2, 15, 3], "rotation": 90, "texture": "#4"},
				"south": {"uv": [16, 2, 15, 3], "texture": "#4"},
				"west": {"uv": [16, 2, 15, 3], "rotation": 270, "texture": "#4"},
				"up": {"uv": [16, 2, 15, 3], "texture": "#4"},
				"down": {"uv": [16, 2, 15, 3], "rotation": 180, "texture": "#4"}
			}
		},
		{
			"name": "Left Arm",
			"from": [0.75, 16.08958, 27.83958],
			"to": [1.25, 16.58958, 28.33958],
			"rotation": {"angle": 22.5, "axis": "x", "origin": [1.86667, 16.33958, 26.125]},
			"faces": {
				"north": {"uv": [16, 2, 15, 3], "rotation": 180, "texture": "#4"},
				"east": {"uv": [16, 2, 15, 3], "rotation": 90, "texture": "#4"},
				"south": {"uv": [16, 2, 15, 3], "texture": "#4"},
				"west": {"uv": [16, 2, 15, 3], "rotation": 270, "texture": "#4"},
				"up": {"uv": [16, 2, 15, 3], "texture": "#4"},
				"down": {"uv": [16, 2, 15, 3], "rotation": 180, "texture": "#4"}
			}
		},
		{
			"name": "Left Arm",
			"from": [0.375, 16.08958, 27.08958],
			"to": [0.875, 16.58958, 27.83958],
			"rotation": {"angle": 22.5, "axis": "x", "origin": [1.86667, 16.33958, 26.125]},
			"faces": {
				"north": {"uv": [16, 2, 15, 3], "rotation": 180, "texture": "#4"},
				"east": {"uv": [16, 2, 15, 3], "rotation": 90, "texture": "#4"},
				"south": {"uv": [16, 2, 15, 3], "texture": "#4"},
				"west": {"uv": [16, 2, 15, 3], "rotation": 270, "texture": "#4"},
				"up": {"uv": [16, 2, 15, 3], "texture": "#4"},
				"down": {"uv": [16, 2, 15, 3], "rotation": 180, "texture": "#4"}
			}
		},
		{
			"name": "Left Arm",
			"from": [0.75, 16.08958, 26.58958],
			"to": [1.25, 16.58958, 27.08958],
			"rotation": {"angle": 22.5, "axis": "x", "origin": [1.86667, 16.33958, 26.125]},
			"faces": {
				"north": {"uv": [16, 2, 15, 3], "rotation": 180, "texture": "#4"},
				"east": {"uv": [16, 2, 15, 3], "rotation": 90, "texture": "#4"},
				"south": {"uv": [16, 2, 15, 3], "texture": "#4"},
				"west": {"uv": [16, 2, 15, 3], "rotation": 270, "texture": "#4"},
				"up": {"uv": [16, 2, 15, 3], "texture": "#4"},
				"down": {"uv": [16, 2, 15, 3], "rotation": 180, "texture": "#4"}
			}
		},
		{
			"name": "Left Arm",
			"from": [1.25, 16.08958, 26.08958],
			"to": [1.75, 16.58958, 26.58958],
			"rotation": {"angle": 22.5, "axis": "x", "origin": [1.86667, 16.33958, 26.125]},
			"faces": {
				"north": {"uv": [16, 2, 15, 3], "rotation": 180, "texture": "#4"},
				"east": {"uv": [16, 2, 15, 3], "rotation": 90, "texture": "#4"},
				"south": {"uv": [16, 2, 15, 3], "texture": "#4"},
				"west": {"uv": [16, 2, 15, 3], "rotation": 270, "texture": "#4"},
				"up": {"uv": [16, 2, 15, 3], "texture": "#4"},
				"down": {"uv": [16, 2, 15, 3], "rotation": 180, "texture": "#4"}
			}
		},
		{
			"name": "Left Arm",
			"from": [1.75, 16.08958, 25.71458],
			"to": [2.25, 16.58958, 26.21458],
			"rotation": {"angle": 22.5, "axis": "x", "origin": [1.86667, 16.33958, 26.125]},
			"faces": {
				"north": {"uv": [16, 2, 15, 3], "rotation": 180, "texture": "#4"},
				"east": {"uv": [16, 2, 15, 3], "rotation": 90, "texture": "#4"},
				"south": {"uv": [16, 2, 15, 3], "texture": "#4"},
				"west": {"uv": [16, 2, 15, 3], "rotation": 270, "texture": "#4"},
				"up": {"uv": [16, 2, 15, 3], "texture": "#4"},
				"down": {"uv": [16, 2, 15, 3], "rotation": 180, "texture": "#4"}
			}
		},
		{
			"name": "Left Arm",
			"from": [1.75, 16.08958, 24.71458],
			"to": [2.25, 16.58958, 25.21458],
			"rotation": {"angle": 22.5, "axis": "x", "origin": [1.86667, 16.33958, 26.125]},
			"faces": {
				"north": {"uv": [16, 2, 15, 3], "rotation": 180, "texture": "#4"},
				"east": {"uv": [16, 2, 15, 3], "rotation": 90, "texture": "#4"},
				"south": {"uv": [16, 2, 15, 3], "texture": "#4"},
				"west": {"uv": [16, 2, 15, 3], "rotation": 270, "texture": "#4"},
				"up": {"uv": [16, 2, 15, 3], "texture": "#4"},
				"down": {"uv": [16, 2, 15, 3], "rotation": 180, "texture": "#4"}
			}
		},
		{
			"name": "Left Arm",
			"from": [1.75, 16.08958, 25.21458],
			"to": [2.25, 16.58958, 25.71458],
			"rotation": {"angle": 22.5, "axis": "x", "origin": [1.86667, 16.33958, 26.125]},
			"faces": {
				"north": {"uv": [16, 2, 15, 3], "rotation": 180, "texture": "#4"},
				"east": {"uv": [16, 2, 15, 3], "rotation": 90, "texture": "#4"},
				"south": {"uv": [16, 2, 15, 3], "texture": "#4"},
				"west": {"uv": [16, 2, 15, 3], "rotation": 270, "texture": "#4"},
				"up": {"uv": [16, 2, 15, 3], "texture": "#4"},
				"down": {"uv": [16, 2, 15, 3], "rotation": 180, "texture": "#4"}
			}
		},
		{
			"name": "Left Arm",
			"from": [2.25, 16.08958, 28.21458],
			"to": [2.75, 16.58958, 28.71458],
			"rotation": {"angle": 22.5, "axis": "x", "origin": [1.86667, 16.33958, 26.125]},
			"faces": {
				"north": {"uv": [16, 2, 15, 3], "rotation": 180, "texture": "#4"},
				"east": {"uv": [16, 2, 15, 3], "rotation": 90, "texture": "#4"},
				"south": {"uv": [16, 2, 15, 3], "texture": "#4"},
				"west": {"uv": [16, 2, 15, 3], "rotation": 270, "texture": "#4"},
				"up": {"uv": [16, 2, 15, 3], "texture": "#4"},
				"down": {"uv": [16, 2, 15, 3], "rotation": 180, "texture": "#4"}
			}
		},
		{
			"name": "Left Arm",
			"from": [2.75, 16.08958, 27.83958],
			"to": [3.25, 16.58958, 28.33958],
			"rotation": {"angle": 22.5, "axis": "x", "origin": [1.86667, 16.33958, 26.125]},
			"faces": {
				"north": {"uv": [16, 2, 15, 3], "rotation": 180, "texture": "#4"},
				"east": {"uv": [16, 2, 15, 3], "rotation": 90, "texture": "#4"},
				"south": {"uv": [16, 2, 15, 3], "texture": "#4"},
				"west": {"uv": [16, 2, 15, 3], "rotation": 270, "texture": "#4"},
				"up": {"uv": [16, 2, 15, 3], "texture": "#4"},
				"down": {"uv": [16, 2, 15, 3], "rotation": 180, "texture": "#4"}
			}
		},
		{
			"name": "Left Arm",
			"from": [2.75, 16.21458, 27.58958],
			"to": [3, 16.46458, 27.83958],
			"rotation": {"angle": 22.5, "axis": "x", "origin": [1.86667, 16.33958, 26.125]},
			"faces": {
				"north": {"uv": [16, 2, 15, 3], "rotation": 180, "texture": "#4"},
				"east": {"uv": [16, 2, 15, 3], "rotation": 90, "texture": "#4"},
				"south": {"uv": [16, 2, 15, 3], "texture": "#4"},
				"west": {"uv": [16, 2, 15, 3], "rotation": 270, "texture": "#4"},
				"up": {"uv": [16, 2, 15, 3], "texture": "#4"},
				"down": {"uv": [16, 2, 15, 3], "rotation": 180, "texture": "#4"}
			}
		},
		{
			"name": "Right Leg",
			"from": [7.9625, 2.9375, 19.3125],
			"to": [11.9625, 14.9375, 23.3125],
			"rotation": {"angle": -45, "axis": "x", "origin": [9.9625, 8.9375, 21.3125]},
			"faces": {
				"north": {"uv": [1, 5, 2, 8], "texture": "#3"},
				"east": {"uv": [0, 5, 1, 8], "texture": "#3"},
				"south": {"uv": [3, 5, 4, 8], "texture": "#3"},
				"west": {"uv": [2, 5, 3, 8], "texture": "#3"},
				"up": {"uv": [2, 5, 1, 4], "texture": "#3"},
				"down": {"uv": [3, 4, 2, 5], "texture": "#3"}
			}
		},
		{
			"name": "Left Leg",
			"from": [3.975, 0, 11],
			"to": [7.975, 12, 15],
			"rotation": {"angle": 22.5, "axis": "x", "origin": [7.875, 0, 13]},
			"faces": {
				"north": {"uv": [5, 13, 6, 16], "texture": "#3"},
				"east": {"uv": [4, 13, 5, 16], "texture": "#3"},
				"south": {"uv": [7, 13, 8, 16], "texture": "#3"},
				"west": {"uv": [6, 13, 7, 16], "texture": "#3"},
				"up": {"uv": [6, 13, 5, 12], "texture": "#3"},
				"down": {"uv": [7, 12, 6, 13], "texture": "#3"}
			}
		}
	],
	"display": {
		"thirdperson_righthand": {
			"rotation": [3, -180, 0],
			"translation": [0, 1, 1.5],
			"scale": [0.2, 0.2, 0.2]
		},
		"thirdperson_lefthand": {
			"scale": [0, 0, 0]
		},
		"firstperson_righthand": {
			"rotation": [0, 140, -2],
			"translation": [1.25, 0, 0],
			"scale": [0.3, 0.3, 0.3]
		},
		"firstperson_lefthand": {
			"scale": [0, 0, 0]
		},
		"ground": {
			"translation": [0, -1.25, 0],
			"scale": [0.15, 0.15, 0.15]
		},
		"gui": {
			"rotation": [-6, -156, 0],
			"translation": [0, -3.75, 0],
			"scale": [0.45, 0.45, 0.45]
		},
		"head": {
			"translation": [0, -30.25, 0],
			"scale": [1.6, 1.6, 1.6]
		}
	},
	"groups": [
		{
			"name": "root",
			"origin": [0, 0, 0],
			"children": [
				{
					"name": "Head",
					"origin": [0, 24, 0],
					"children": [0]
				},
				{
					"name": "Body",
					"origin": [0, 24, 0],
					"children": [1]
				},
				{
					"name": "RightArm",
					"origin": [6.25, 18, 0],
					"children": [2,
						{
							"name": "cutlass",
							"origin": [8, 8, 8],
							"children": [3, 4, 5, 6, 7, 8, 9, 10, 11, 12, 13, 14, 15, 16, 17, 18, 19, 20, 21, 22, 23, 24, 25, 26, 27, 28, 29, 30, 31, 32, 33, 34, 35, 36, 37, 38, 39, 40, 41, 42, 43, 44, 45, 46, 47, 48, 49]
						}
					]
				},
				{
					"name": "LeftArm",
					"origin": [-6.25, 18, 0],
					"children": [50,
						{
							"name": "group",
							"origin": [10.5, -17, 9.5],
							"children": [51, 52, 53, 54, 55, 56, 57, 58, 59, 60, 61, 62, 63, 64]
						}
					]
				},
				{
					"name": "RightLeg",
					"origin": [1.9, 6, 0],
					"children": [65]
				},
				{
					"name": "LeftLeg",
					"origin": [-1.9, 6, 0],
					"children": [66]
				}
			]
		}
	]
}