{
	"credit": "Made with Blockbench",
	"texture_size": [64, 64],
	"textures": {
		"2": "block/pirate",
		"4": "block/blast_furnace_top",
		"6": "block/dark_oak_log",
		"8": "block/polished_blackstone",
		"particle": "block/pirate"
	},
	"elements": [
		{
			"name": "Head",
			"from": [4, 24, 4],
			"to": [12, 32, 12],
			"rotation": {"angle": 0, "axis": "y", "origin": [8, 28, 8]},
			"faces": {
				"north": {"uv": [2, 2, 4, 4], "texture": "#2"},
				"east": {"uv": [0, 2, 2, 4], "texture": "#2"},
				"south": {"uv": [6, 2, 8, 4], "texture": "#2"},
				"west": {"uv": [4, 2, 6, 4], "texture": "#2"},
				"up": {"uv": [4, 2, 2, 0], "texture": "#2"},
				"down": {"uv": [6, 0, 4, 2], "texture": "#2"}
			}
		},
		{
			"name": "Body",
			"from": [4, 12, 6],
			"to": [12, 24, 10],
			"rotation": {"angle": 0, "axis": "y", "origin": [8, 0, 8]},
			"faces": {
				"north": {"uv": [5, 5, 7, 8], "texture": "#2"},
				"east": {"uv": [4, 5, 5, 8], "texture": "#2"},
				"south": {"uv": [8, 5, 10, 8], "texture": "#2"},
				"west": {"uv": [7, 5, 8, 8], "texture": "#2"},
				"up": {"uv": [7, 5, 5, 4], "texture": "#2"},
				"down": {"uv": [9, 4, 7, 5], "texture": "#2"}
			}
		},
		{
			"name": "Right Arm",
			"from": [12, 12, 6],
			"to": [16, 24, 10],
			"rotation": {"angle": -22.5, "axis": "y", "origin": [14, 18, 8]},
			"faces": {
				"north": {"uv": [11, 5, 12, 8], "texture": "#2"},
				"east": {"uv": [10, 5, 11, 8], "texture": "#2"},
				"south": {"uv": [13, 5, 14, 8], "texture": "#2"},
				"west": {"uv": [12, 5, 13, 8], "texture": "#2"},
				"up": {"uv": [12, 5, 11, 4], "texture": "#2"},
				"down": {"uv": [13, 4, 12, 5], "texture": "#2"}
			}
		},
		{
			"from": [3.20878, 16.40957, 12.58378],
			"to": [3.70878, 19.40957, 13.08378],
			"rotation": {"angle": -45, "axis": "x", "origin": [3.45878, 7.32979, 13.25]},
			"faces": {
				"north": {"uv": [11, 4, 12, 10], "rotation": 180, "texture": "#6"},
				"east": {"uv": [11, 4, 12, 10], "rotation": 180, "texture": "#6"},
				"south": {"uv": [11, 4, 12, 10], "rotation": 180, "texture": "#6"},
				"west": {"uv": [11, 4, 12, 10], "rotation": 180, "texture": "#6"},
				"up": {"uv": [11, 4, 12, 10], "rotation": 270, "texture": "#6"},
				"down": {"uv": [11, 4, 12, 10], "rotation": 90, "texture": "#6"}
			}
		},
		{
			"from": [3.20878, 18.90957, 13.08378],
			"to": [3.70878, 19.40957, 13.58378],
			"rotation": {"angle": -45, "axis": "x", "origin": [3.45878, 7.32979, 13.25]},
			"faces": {
				"north": {"uv": [15, 15, 16, 16], "rotation": 180, "texture": "#6"},
				"east": {"uv": [15, 15, 16, 16], "rotation": 180, "texture": "#6"},
				"south": {"uv": [15, 15, 16, 16], "rotation": 180, "texture": "#6"},
				"west": {"uv": [15, 15, 16, 16], "rotation": 180, "texture": "#6"},
				"up": {"uv": [15, 15, 16, 16], "rotation": 270, "texture": "#6"},
				"down": {"uv": [15, 15, 16, 16], "rotation": 90, "texture": "#6"}
			}
		},
		{
			"from": [3.20878, 16.40957, 13.08378],
			"to": [3.70878, 16.90957, 13.58378],
			"rotation": {"angle": -45, "axis": "x", "origin": [3.45878, 7.32979, 13.25]},
			"faces": {
				"north": {"uv": [15, 15, 16, 16], "rotation": 180, "texture": "#6"},
				"east": {"uv": [15, 15, 16, 16], "rotation": 180, "texture": "#6"},
				"south": {"uv": [15, 15, 16, 16], "rotation": 180, "texture": "#6"},
				"west": {"uv": [15, 15, 16, 16], "rotation": 180, "texture": "#6"},
				"up": {"uv": [15, 15, 16, 16], "rotation": 270, "texture": "#6"},
				"down": {"uv": [15, 15, 16, 16], "rotation": 90, "texture": "#6"}
			}
		},
		{
			"from": [3.20878, 16.40957, 13.58378],
			"to": [3.70878, 16.90957, 14.08378],
			"rotation": {"angle": -45, "axis": "x", "origin": [3.45878, 7.32979, 13.25]},
			"faces": {
				"north": {"uv": [14, 14, 15, 15], "rotation": 180, "texture": "#6"},
				"east": {"uv": [14, 14, 15, 15], "rotation": 180, "texture": "#6"},
				"south": {"uv": [14, 14, 15, 15], "rotation": 180, "texture": "#6"},
				"west": {"uv": [14, 14, 15, 15], "rotation": 180, "texture": "#6"},
				"up": {"uv": [14, 14, 15, 15], "rotation": 270, "texture": "#6"},
				"down": {"uv": [14, 14, 15, 15], "rotation": 90, "texture": "#6"}
			}
		},
		{
			"from": [3.20878, 18.90957, 13.58378],
			"to": [3.70878, 19.40957, 14.08378],
			"rotation": {"angle": -45, "axis": "x", "origin": [3.45878, 7.32979, 13.25]},
			"faces": {
				"north": {"uv": [14, 14, 15, 15], "rotation": 180, "texture": "#6"},
				"east": {"uv": [14, 14, 15, 15], "rotation": 180, "texture": "#6"},
				"south": {"uv": [14, 14, 15, 15], "rotation": 180, "texture": "#6"},
				"west": {"uv": [14, 14, 15, 15], "rotation": 180, "texture": "#6"},
				"up": {"uv": [14, 14, 15, 15], "rotation": 270, "texture": "#6"},
				"down": {"uv": [14, 14, 15, 15], "rotation": 90, "texture": "#6"}
			}
		},
		{
			"from": [3.20878, 18.40957, 14.08378],
			"to": [3.70878, 18.90957, 14.58378],
			"rotation": {"angle": -45, "axis": "x", "origin": [3.45878, 7.32979, 13.25]},
			"faces": {
				"north": {"uv": [14, 7, 15, 8], "rotation": 180, "texture": "#6"},
				"east": {"uv": [14, 7, 15, 8], "rotation": 180, "texture": "#6"},
				"south": {"uv": [14, 7, 15, 8], "rotation": 180, "texture": "#6"},
				"west": {"uv": [14, 7, 15, 8], "rotation": 180, "texture": "#6"},
				"up": {"uv": [14, 7, 15, 8], "rotation": 270, "texture": "#6"},
				"down": {"uv": [14, 7, 15, 8], "rotation": 90, "texture": "#6"}
			}
		},
		{
			"from": [3.20878, 16.90957, 14.08378],
			"to": [3.70878, 17.40957, 14.58378],
			"rotation": {"angle": -45, "axis": "x", "origin": [3.45878, 7.32979, 13.25]},
			"faces": {
				"north": {"uv": [14, 7, 15, 8], "rotation": 180, "texture": "#6"},
				"east": {"uv": [14, 7, 15, 8], "rotation": 180, "texture": "#6"},
				"south": {"uv": [14, 7, 15, 8], "rotation": 180, "texture": "#6"},
				"west": {"uv": [14, 7, 15, 8], "rotation": 180, "texture": "#6"},
				"up": {"uv": [14, 7, 15, 8], "rotation": 270, "texture": "#6"},
				"down": {"uv": [14, 7, 15, 8], "rotation": 90, "texture": "#6"}
			}
		},
		{
			"from": [3.08378, 19.40957, 12.45878],
			"to": [3.83378, 20.15957, 13.20878],
			"rotation": {"angle": -45, "axis": "x", "origin": [3.45878, 7.32979, 13.25]},
			"faces": {
				"north": {"uv": [11, 11, 13, 13], "rotation": 180, "texture": "#6"},
				"east": {"uv": [11, 11, 13, 13], "rotation": 180, "texture": "#6"},
				"south": {"uv": [11, 11, 13, 13], "rotation": 180, "texture": "#6"},
				"west": {"uv": [11, 11, 13, 13], "rotation": 180, "texture": "#6"},
				"up": {"uv": [11, 11, 13, 13], "rotation": 270, "texture": "#6"},
				"down": {"uv": [11, 11, 13, 13], "rotation": 90, "texture": "#6"}
			}
		},
		{
			"from": [3.20878, 20.15957, 12.58378],
			"to": [3.70878, 20.40957, 13.08378],
			"rotation": {"angle": -45, "axis": "x", "origin": [3.45878, 7.32979, 13.25]},
			"faces": {
				"north": {"uv": [14, 15, 16, 16], "rotation": 180, "texture": "#8"},
				"east": {"uv": [14, 15, 16, 16], "rotation": 180, "texture": "#8"},
				"south": {"uv": [14, 15, 16, 16], "rotation": 180, "texture": "#8"},
				"west": {"uv": [14, 15, 16, 16], "rotation": 180, "texture": "#8"},
				"up": {"uv": [14, 14, 16, 16], "rotation": 270, "texture": "#8"},
				"down": {"uv": [14, 14, 16, 16], "rotation": 90, "texture": "#8"}
			}
		},
		{
			"from": [2.70878, 16.15957, 12.08378],
			"to": [4.20878, 16.40957, 14.33378],
			"rotation": {"angle": -45, "axis": "x", "origin": [3.45878, 7.32979, 13.25]},
			"faces": {
				"north": {"uv": [4, 13, 8, 14], "rotation": 180, "texture": "#6"},
				"east": {"uv": [7, 11, 11, 12], "rotation": 180, "texture": "#6"},
				"south": {"uv": [11, 13, 14, 14], "rotation": 180, "texture": "#6"},
				"west": {"uv": [6, 12, 10, 13], "rotation": 180, "texture": "#6"},
				"up": {"uv": [9, 9, 13, 12], "rotation": 270, "texture": "#6"},
				"down": {"uv": [9, 9, 13, 12], "rotation": 90, "texture": "#6"}
			}
		},
		{
			"from": [3.20878, 17.90957, 14.58378],
			"to": [3.70878, 18.40957, 15.08378],
			"rotation": {"angle": -45, "axis": "x", "origin": [3.45878, 7.32979, 13.25]},
			"faces": {
				"north": {"uv": [14, 7, 15, 8], "rotation": 180, "texture": "#6"},
				"east": {"uv": [14, 7, 15, 8], "rotation": 180, "texture": "#6"},
				"south": {"uv": [14, 7, 15, 8], "rotation": 180, "texture": "#6"},
				"west": {"uv": [14, 7, 15, 8], "rotation": 180, "texture": "#6"},
				"up": {"uv": [14, 7, 15, 8], "rotation": 270, "texture": "#6"},
				"down": {"uv": [14, 7, 15, 8], "rotation": 90, "texture": "#6"}
			}
		},
		{
			"from": [3.20878, 17.40957, 14.58378],
			"to": [3.70878, 17.90957, 15.08378],
			"rotation": {"angle": -45, "axis": "x", "origin": [3.45878, 7.32979, 13.25]},
			"faces": {
				"north": {"uv": [14, 7, 15, 8], "rotation": 180, "texture": "#6"},
				"east": {"uv": [14, 7, 15, 8], "rotation": 180, "texture": "#6"},
				"south": {"uv": [14, 7, 15, 8], "rotation": 180, "texture": "#6"},
				"west": {"uv": [14, 7, 15, 8], "rotation": 180, "texture": "#6"},
				"up": {"uv": [14, 7, 15, 8], "rotation": 270, "texture": "#6"},
				"down": {"uv": [14, 7, 15, 8], "rotation": 90, "texture": "#6"}
			}
		},
		{
			"from": [3.20878, 10.15957, 12.45878],
			"to": [3.70878, 16.15957, 13.45878],
			"rotation": {"angle": -45, "axis": "x", "origin": [3.45878, 7.32979, 13.25]},
			"faces": {
				"north": {"uv": [12, 3, 14, 16], "rotation": 180, "texture": "#4"},
				"east": {"uv": [7, 1, 11, 14], "rotation": 180, "texture": "#4"},
				"south": {"uv": [4, 3, 5, 11], "rotation": 180, "texture": "#4"},
				"west": {"uv": [7, 1, 11, 14], "rotation": 180, "texture": "#4"},
				"up": {"uv": [0, 0, 0.25, 0.125], "rotation": 270, "texture": "#missing"},
				"down": {"uv": [8, 10, 9, 13], "rotation": 90, "texture": "#4"}
			}
		},
		{
			"from": [3.27128, 10.15957, 13.45878],
			"to": [3.64628, 16.15957, 13.70878],
			"rotation": {"angle": -45, "axis": "x", "origin": [3.45878, 7.32979, 13.25]},
			"faces": {
				"north": {"uv": [0, 0, 0.09375, 1.5], "rotation": 180, "texture": "#missing"},
				"east": {"uv": [3, 2, 4, 15], "rotation": 180, "texture": "#4"},
				"south": {"uv": [4, 3, 5, 11], "rotation": 180, "texture": "#4"},
				"west": {"uv": [3, 2, 4, 15], "rotation": 180, "texture": "#4"},
				"up": {"uv": [0, 0, 0.0625, 0.09375], "rotation": 270, "texture": "#missing"},
				"down": {"uv": [8, 10, 9, 13], "rotation": 90, "texture": "#4"}
			}
		},
		{
			"from": [3.33378, 10.15957, 13.70878],
			"to": [3.58378, 16.15957, 13.95878],
			"rotation": {"angle": -45, "axis": "x", "origin": [3.45878, 7.32979, 13.25]},
			"faces": {
				"north": {"uv": [0, 0, 0.0625, 1.5], "rotation": 180, "texture": "#missing"},
				"east": {"uv": [3, 2, 3.0625, 3.5], "rotation": 180, "texture": "#4"},
				"south": {"uv": [4, 3, 4.0625, 4.5], "rotation": 180, "texture": "#4"},
				"west": {"uv": [3, 2, 3.0625, 3.5], "rotation": 180, "texture": "#4"},
				"up": {"uv": [0, 0, 0.0625, 0.0625], "rotation": 270, "texture": "#missing"},
				"down": {"uv": [8, 10, 8.0625, 10.0625], "rotation": 90, "texture": "#4"}
			}
		},
		{
			"from": [3.39628, 10.15957, 13.95878],
			"to": [3.52128, 16.15957, 14.08378],
			"rotation": {"angle": -45, "axis": "x", "origin": [3.45878, 7.32979, 13.25]},
			"faces": {
				"north": {"uv": [0, 0, 0.03125, 1.5], "rotation": 180, "texture": "#missing"},
				"east": {"uv": [3, 2, 3.03125, 3.5], "rotation": 180, "texture": "#4"},
				"south": {"uv": [4, 3, 4.03125, 4.5], "rotation": 180, "texture": "#4"},
				"west": {"uv": [3, 2, 3.03125, 3.5], "rotation": 180, "texture": "#4"},
				"up": {"uv": [0, 0, 0.03125, 0.03125], "rotation": 270, "texture": "#missing"},
				"down": {"uv": [8, 12, 8.03125, 12.03125], "rotation": 90, "texture": "#4"}
			}
		},
		{
			"from": [3.39628, 7.15957, 13.77128],
			"to": [3.52128, 10.15957, 13.89628],
			"rotation": {"angle": -45, "axis": "x", "origin": [3.45878, 7.32979, 13.25]},
			"faces": {
				"north": {"uv": [0, 0, 0.03125, 0.75], "rotation": 180, "texture": "#missing"},
				"east": {"uv": [13, 5, 13.03125, 5.75], "rotation": 180, "texture": "#4"},
				"south": {"uv": [4, 3, 4.03125, 3.75], "rotation": 180, "texture": "#4"},
				"west": {"uv": [13, 5, 13.03125, 5.75], "rotation": 180, "texture": "#4"},
				"up": {"uv": [0, 0, 0.03125, 0.03125], "rotation": 270, "texture": "#missing"},
				"down": {"uv": [8, 12, 8.03125, 12.03125], "rotation": 90, "texture": "#4"}
			}
		},
		{
			"from": [3.39628, 4.15957, 13.64628],
			"to": [3.52128, 7.15957, 13.77128],
			"rotation": {"angle": -45, "axis": "x", "origin": [3.45878, 7.32979, 13.25]},
			"faces": {
				"north": {"uv": [0, 0, 0.03125, 0.75], "rotation": 180, "texture": "#missing"},
				"east": {"uv": [4, 3, 5, 11], "rotation": 180, "texture": "#4"},
				"south": {"uv": [4, 3, 5, 11], "rotation": 180, "texture": "#4"},
				"west": {"uv": [4, 3, 5, 11], "rotation": 180, "texture": "#4"},
				"up": {"uv": [0, 0, 0.03125, 0.03125], "rotation": 270, "texture": "#missing"},
				"down": {"uv": [8, 12, 9, 13], "rotation": 90, "texture": "#4"}
			}
		},
		{
			"from": [3.39628, 2.65957, 13.52128],
			"to": [3.52128, 4.15957, 13.64628],
			"rotation": {"angle": -45, "axis": "x", "origin": [3.45878, 7.32979, 13.25]},
			"faces": {
				"north": {"uv": [0, 0, 0.03125, 0.375], "rotation": 180, "texture": "#missing"},
				"east": {"uv": [7, 9, 8, 15], "rotation": 180, "texture": "#4"},
				"south": {"uv": [4, 3, 5, 11], "rotation": 180, "texture": "#4"},
				"west": {"uv": [7, 9, 8, 15], "rotation": 180, "texture": "#4"},
				"up": {"uv": [0, 0, 0.03125, 0.03125], "rotation": 270, "texture": "#missing"},
				"down": {"uv": [8, 12, 9, 13], "rotation": 90, "texture": "#4"}
			}
		},
		{
			"from": [3.39628, 1.15957, 13.33378],
			"to": [3.52128, 2.65957, 13.45878],
			"rotation": {"angle": -45, "axis": "x", "origin": [3.45878, 7.32979, 13.25]},
			"faces": {
				"north": {"uv": [0, 0, 0.03125, 0.375], "rotation": 180, "texture": "#missing"},
				"east": {"uv": [11, 4, 12, 10], "rotation": 180, "texture": "#4"},
				"south": {"uv": [4, 3, 5, 11], "rotation": 180, "texture": "#4"},
				"west": {"uv": [11, 4, 12, 10], "rotation": 180, "texture": "#4"},
				"up": {"uv": [0, 0, 0.03125, 0.03125], "rotation": 270, "texture": "#missing"},
				"down": {"uv": [8, 12, 9, 13], "rotation": 90, "texture": "#4"}
			}
		},
		{
			"from": [3.39628, 0.15957, 13.14628],
			"to": [3.52128, 1.15957, 13.27128],
			"rotation": {"angle": -45, "axis": "x", "origin": [3.45878, 7.32979, 13.25]},
			"faces": {
				"north": {"uv": [0, 0, 0.03125, 0.25], "rotation": 180, "texture": "#missing"},
				"east": {"uv": [6, 10, 7, 14], "rotation": 180, "texture": "#4"},
				"south": {"uv": [4, 3, 5, 11], "rotation": 180, "texture": "#4"},
				"west": {"uv": [6, 10, 7, 14], "rotation": 180, "texture": "#4"},
				"up": {"uv": [0, 0, 0.03125, 0.03125], "rotation": 270, "texture": "#missing"},
				"down": {"uv": [8, 12, 9, 13], "rotation": 90, "texture": "#4"}
			}
		},
		{
			"from": [3.39628, -0.34043, 13.02128],
			"to": [3.52128, 0.15957, 13.14628],
			"rotation": {"angle": -45, "axis": "x", "origin": [3.45878, 7.32979, 13.25]},
			"faces": {
				"north": {"uv": [0, 0, 0.03125, 0.125], "rotation": 180, "texture": "#missing"},
				"east": {"uv": [9, 8, 10, 12], "rotation": 180, "texture": "#4"},
				"south": {"uv": [4, 3, 5, 11], "rotation": 180, "texture": "#4"},
				"west": {"uv": [9, 8, 10, 12], "rotation": 180, "texture": "#4"},
				"up": {"uv": [0, 0, 0.03125, 0.03125], "rotation": 270, "texture": "#missing"},
				"down": {"uv": [8, 12, 9, 13], "rotation": 90, "texture": "#4"}
			}
		},
		{
			"from": [3.39628, -0.84043, 12.95878],
			"to": [3.52128, -0.34043, 13.08378],
			"rotation": {"angle": -45, "axis": "x", "origin": [3.45878, 7.32979, 13.25]},
			"faces": {
				"north": {"uv": [0, 0, 0.03125, 0.125], "rotation": 180, "texture": "#missing"},
				"east": {"uv": [5, 4, 7, 8], "rotation": 180, "texture": "#4"},
				"south": {"uv": [4, 3, 5, 11], "rotation": 180, "texture": "#4"},
				"west": {"uv": [5, 4, 7, 8], "rotation": 180, "texture": "#4"},
				"up": {"uv": [0, 0, 0.03125, 0.03125], "rotation": 270, "texture": "#missing"},
				"down": {"uv": [8, 12, 9, 13], "rotation": 90, "texture": "#4"}
			}
		},
		{
			"from": [3.39628, -1.34043, 12.77128],
			"to": [3.52128, -0.84043, 12.89628],
			"rotation": {"angle": -45, "axis": "x", "origin": [3.45878, 7.32979, 13.25]},
			"faces": {
				"north": {"uv": [0, 0, 0.03125, 0.125], "rotation": 180, "texture": "#missing"},
				"east": {"uv": [10, 4, 11, 8], "rotation": 180, "texture": "#4"},
				"south": {"uv": [4, 3, 5, 11], "rotation": 180, "texture": "#4"},
				"west": {"uv": [14, 6, 15, 10], "rotation": 180, "texture": "#4"},
				"up": {"uv": [0, 0, 0.03125, 0.03125], "rotation": 270, "texture": "#missing"},
				"down": {"uv": [8, 11, 9, 13], "rotation": 90, "texture": "#4"}
			}
		},
		{
			"from": [3.20878, 7.15957, 12.45878],
			"to": [3.70878, 10.15957, 13.27128],
			"rotation": {"angle": -45, "axis": "x", "origin": [3.45878, 7.32979, 13.25]},
			"faces": {
				"north": {"uv": [12, 6, 14, 16], "rotation": 180, "texture": "#4"},
				"east": {"uv": [7, 6, 11, 14], "rotation": 180, "texture": "#4"},
				"south": {"uv": [4, 3, 5, 11], "rotation": 180, "texture": "#4"},
				"west": {"uv": [7, 6, 11, 14], "rotation": 180, "texture": "#4"},
				"up": {"uv": [0, 0, 0.20313, 0.125], "rotation": 270, "texture": "#missing"},
				"down": {"uv": [8, 10, 9, 13], "rotation": 90, "texture": "#4"}
			}
		},
		{
			"from": [3.20878, 4.15957, 12.45878],
			"to": [3.70878, 7.15957, 13.14628],
			"rotation": {"angle": -45, "axis": "x", "origin": [3.45878, 7.32979, 13.25]},
			"faces": {
				"north": {"uv": [5, 3, 7, 13], "rotation": 180, "texture": "#4"},
				"east": {"uv": [4, 3, 7, 11], "rotation": 180, "texture": "#4"},
				"south": {"uv": [4, 3, 5, 11], "rotation": 180, "texture": "#4"},
				"west": {"uv": [4, 3, 7, 11], "rotation": 180, "texture": "#4"},
				"up": {"uv": [0, 0, 0.17188, 0.125], "rotation": 270, "texture": "#missing"},
				"down": {"uv": [8, 10, 9, 13], "rotation": 90, "texture": "#4"}
			}
		},
		{
			"from": [3.20878, 2.65957, 12.45878],
			"to": [3.70878, 4.15957, 13.02128],
			"rotation": {"angle": -45, "axis": "x", "origin": [3.45878, 7.32979, 13.25]},
			"faces": {
				"north": {"uv": [8, 4, 10, 10], "rotation": 180, "texture": "#4"},
				"east": {"uv": [4, 5, 6, 11], "rotation": 180, "texture": "#4"},
				"south": {"uv": [4, 3, 5, 11], "rotation": 180, "texture": "#4"},
				"west": {"uv": [4, 5, 6, 11], "rotation": 180, "texture": "#4"},
				"up": {"uv": [0, 0, 0.14063, 0.125], "rotation": 270, "texture": "#missing"},
				"down": {"uv": [8, 10, 9, 13], "rotation": 90, "texture": "#4"}
			}
		},
		{
			"from": [3.20878, 1.15957, 12.45878],
			"to": [3.70878, 2.65957, 12.83378],
			"rotation": {"angle": -45, "axis": "x", "origin": [3.45878, 7.32979, 13.25]},
			"faces": {
				"north": {"uv": [8, 5, 10, 11], "rotation": 180, "texture": "#4"},
				"east": {"uv": [11, 4, 13, 10], "rotation": 180, "texture": "#4"},
				"south": {"uv": [4, 3, 5, 11], "rotation": 180, "texture": "#4"},
				"west": {"uv": [11, 4, 13, 10], "rotation": 180, "texture": "#4"},
				"up": {"uv": [0, 0, 0.09375, 0.125], "rotation": 270, "texture": "#missing"},
				"down": {"uv": [8, 10, 9, 13], "rotation": 90, "texture": "#4"}
			}
		},
		{
			"from": [3.20878, 0.15957, 12.45878],
			"to": [3.70878, 1.15957, 12.64628],
			"rotation": {"angle": -45, "axis": "x", "origin": [3.45878, 7.32979, 13.25]},
			"faces": {
				"north": {"uv": [10, 7, 12, 13], "rotation": 180, "texture": "#4"},
				"east": {"uv": [12, 8, 13, 13], "rotation": 180, "texture": "#4"},
				"south": {"uv": [4, 3, 5, 11], "rotation": 180, "texture": "#4"},
				"west": {"uv": [12, 8, 13, 13], "rotation": 180, "texture": "#4"},
				"up": {"uv": [0, 0, 0.04688, 0.125], "rotation": 270, "texture": "#missing"},
				"down": {"uv": [8, 10, 9, 13], "rotation": 90, "texture": "#4"}
			}
		},
		{
			"from": [3.20878, -0.34043, 12.45878],
			"to": [3.70878, 0.15957, 12.52128],
			"rotation": {"angle": -45, "axis": "x", "origin": [3.45878, 7.32979, 13.25]},
			"faces": {
				"north": {"uv": [4, 7, 6, 9], "rotation": 180, "texture": "#4"},
				"east": {"uv": [11, 10, 12, 14], "rotation": 180, "texture": "#4"},
				"south": {"uv": [4, 3, 5, 11], "rotation": 180, "texture": "#4"},
				"west": {"uv": [11, 10, 12, 14], "rotation": 180, "texture": "#4"},
				"up": {"uv": [0, 0, 0.01563, 0.125], "rotation": 270, "texture": "#missing"},
				"down": {"uv": [8, 10, 9, 13], "rotation": 90, "texture": "#4"}
			}
		},
		{
			"from": [3.27128, 7.15957, 13.27128],
			"to": [3.64628, 10.15957, 13.52128],
			"rotation": {"angle": -45, "axis": "x", "origin": [3.45878, 7.32979, 13.25]},
			"faces": {
				"north": {"uv": [0, 0, 0.09375, 0.75], "rotation": 180, "texture": "#missing"},
				"east": {"uv": [13, 5, 14, 13], "rotation": 180, "texture": "#4"},
				"south": {"uv": [4, 3, 5, 11], "rotation": 180, "texture": "#4"},
				"west": {"uv": [13, 5, 14, 13], "rotation": 180, "texture": "#4"},
				"up": {"uv": [0, 0, 0.0625, 0.09375], "rotation": 270, "texture": "#missing"},
				"down": {"uv": [8, 10, 9, 13], "rotation": 90, "texture": "#4"}
			}
		},
		{
			"from": [3.27128, 4.15957, 13.14628],
			"to": [3.64628, 7.15957, 13.39628],
			"rotation": {"angle": -45, "axis": "x", "origin": [3.45878, 7.32979, 13.25]},
			"faces": {
				"north": {"uv": [0, 0, 0.09375, 0.75], "rotation": 180, "texture": "#missing"},
				"east": {"uv": [4, 3, 5, 11], "rotation": 180, "texture": "#4"},
				"south": {"uv": [4, 3, 5, 11], "rotation": 180, "texture": "#4"},
				"west": {"uv": [4, 3, 5, 11], "rotation": 180, "texture": "#4"},
				"up": {"uv": [0, 0, 0.0625, 0.09375], "rotation": 270, "texture": "#missing"},
				"down": {"uv": [8, 10, 9, 13], "rotation": 90, "texture": "#4"}
			}
		},
		{
			"from": [3.27128, 2.65957, 13.02128],
			"to": [3.64628, 4.15957, 13.27128],
			"rotation": {"angle": -45, "axis": "x", "origin": [3.45878, 7.32979, 13.25]},
			"faces": {
				"north": {"uv": [0, 0, 0.09375, 0.375], "rotation": 180, "texture": "#missing"},
				"east": {"uv": [7, 9, 9, 15], "rotation": 180, "texture": "#4"},
				"south": {"uv": [4, 3, 5, 11], "rotation": 180, "texture": "#4"},
				"west": {"uv": [7, 9, 9, 15], "rotation": 180, "texture": "#4"},
				"up": {"uv": [0, 0, 0.0625, 0.09375], "rotation": 270, "texture": "#missing"},
				"down": {"uv": [8, 10, 9, 13], "rotation": 90, "texture": "#4"}
			}
		},
		{
			"from": [3.27128, 1.15957, 12.83378],
			"to": [3.64628, 2.65957, 13.08378],
			"rotation": {"angle": -45, "axis": "x", "origin": [3.45878, 7.32979, 13.25]},
			"faces": {
				"north": {"uv": [0, 0, 0.09375, 0.375], "rotation": 180, "texture": "#missing"},
				"east": {"uv": [11, 4, 13, 10], "rotation": 180, "texture": "#4"},
				"south": {"uv": [4, 3, 5, 11], "rotation": 180, "texture": "#4"},
				"west": {"uv": [11, 4, 13, 10], "rotation": 180, "texture": "#4"},
				"up": {"uv": [0, 0, 0.0625, 0.09375], "rotation": 270, "texture": "#missing"},
				"down": {"uv": [8, 10, 9, 13], "rotation": 90, "texture": "#4"}
			}
		},
		{
			"from": [3.27128, 0.15957, 12.64628],
			"to": [3.64628, 1.15957, 12.89628],
			"rotation": {"angle": -45, "axis": "x", "origin": [3.45878, 7.32979, 13.25]},
			"faces": {
				"north": {"uv": [0, 0, 0.09375, 0.25], "rotation": 180, "texture": "#missing"},
				"east": {"uv": [6, 10, 8, 14], "rotation": 180, "texture": "#4"},
				"south": {"uv": [4, 3, 5, 11], "rotation": 180, "texture": "#4"},
				"west": {"uv": [6, 10, 8, 14], "rotation": 180, "texture": "#4"},
				"up": {"uv": [0, 0, 0.0625, 0.09375], "rotation": 270, "texture": "#missing"},
				"down": {"uv": [8, 10, 9, 13], "rotation": 90, "texture": "#4"}
			}
		},
		{
			"from": [3.27128, -0.34043, 12.52128],
			"to": [3.64628, 0.15957, 12.77128],
			"rotation": {"angle": -45, "axis": "x", "origin": [3.45878, 7.32979, 13.25]},
			"faces": {
				"north": {"uv": [0, 0, 0.09375, 0.125], "rotation": 180, "texture": "#missing"},
				"east": {"uv": [9, 8, 11, 12], "rotation": 180, "texture": "#4"},
				"south": {"uv": [4, 3, 5, 11], "rotation": 180, "texture": "#4"},
				"west": {"uv": [9, 8, 11, 12], "rotation": 180, "texture": "#4"},
				"up": {"uv": [0, 0, 0.0625, 0.09375], "rotation": 270, "texture": "#missing"},
				"down": {"uv": [8, 10, 9, 13], "rotation": 90, "texture": "#4"}
			}
		},
		{
			"from": [3.27128, -0.84043, 12.45878],
			"to": [3.64628, -0.34043, 12.70878],
			"rotation": {"angle": -45, "axis": "x", "origin": [3.45878, 7.32979, 13.25]},
			"faces": {
				"north": {"uv": [6, 13, 8, 15], "rotation": 180, "texture": "#4"},
				"east": {"uv": [8, 6, 10, 10], "rotation": 180, "texture": "#4"},
				"south": {"uv": [4, 3, 5, 11], "rotation": 180, "texture": "#4"},
				"west": {"uv": [8, 6, 10, 10], "rotation": 180, "texture": "#4"},
				"up": {"uv": [0, 0, 0.0625, 0.09375], "rotation": 270, "texture": "#missing"},
				"down": {"uv": [8, 10, 9, 13], "rotation": 90, "texture": "#4"}
			}
		},
		{
			"from": [3.27128, -1.34043, 12.45878],
			"to": [3.64628, -0.84043, 12.58378],
			"rotation": {"angle": -45, "axis": "x", "origin": [3.45878, 7.32979, 13.25]},
			"faces": {
				"north": {"uv": [5, 11, 7, 13], "rotation": 180, "texture": "#4"},
				"east": {"uv": [4, 5, 5, 9], "rotation": 180, "texture": "#4"},
				"south": {"uv": [4, 3, 5, 11], "rotation": 180, "texture": "#4"},
				"west": {"uv": [4, 5, 5, 9], "rotation": 180, "texture": "#4"},
				"up": {"uv": [0, 0, 0.03125, 0.09375], "rotation": 270, "texture": "#missing"},
				"down": {"uv": [8, 10, 9, 13], "rotation": 90, "texture": "#4"}
			}
		},
		{
			"from": [3.33378, 7.15957, 13.52128],
			"to": [3.58378, 10.15957, 13.77128],
			"rotation": {"angle": -45, "axis": "x", "origin": [3.45878, 7.32979, 13.25]},
			"faces": {
				"north": {"uv": [0, 0, 0.0625, 0.75], "rotation": 180, "texture": "#missing"},
				"east": {"uv": [13, 5, 13.0625, 5.75], "rotation": 180, "texture": "#4"},
				"south": {"uv": [4, 3, 4.0625, 3.75], "rotation": 180, "texture": "#4"},
				"west": {"uv": [13, 5, 13.0625, 5.75], "rotation": 180, "texture": "#4"},
				"up": {"uv": [0, 0, 0.0625, 0.0625], "rotation": 270, "texture": "#missing"},
				"down": {"uv": [8, 10, 8.0625, 10.0625], "rotation": 90, "texture": "#4"}
			}
		},
		{
			"from": [3.33378, 4.15957, 13.39628],
			"to": [3.58378, 7.15957, 13.64628],
			"rotation": {"angle": -45, "axis": "x", "origin": [3.45878, 7.32979, 13.25]},
			"faces": {
				"north": {"uv": [0, 0, 0.0625, 0.75], "rotation": 180, "texture": "#missing"},
				"east": {"uv": [4, 3, 4.0625, 3.75], "rotation": 180, "texture": "#4"},
				"south": {"uv": [4, 3, 4.0625, 3.75], "rotation": 180, "texture": "#4"},
				"west": {"uv": [4, 3, 4.0625, 3.75], "rotation": 180, "texture": "#4"},
				"up": {"uv": [0, 0, 0.0625, 0.0625], "rotation": 270, "texture": "#missing"},
				"down": {"uv": [8, 10, 8.0625, 10.0625], "rotation": 90, "texture": "#4"}
			}
		},
		{
			"from": [3.33378, 2.65957, 13.27128],
			"to": [3.58378, 4.15957, 13.52128],
			"rotation": {"angle": -45, "axis": "x", "origin": [3.45878, 7.32979, 13.25]},
			"faces": {
				"north": {"uv": [0, 0, 0.0625, 0.375], "rotation": 180, "texture": "#missing"},
				"east": {"uv": [7, 9, 7.0625, 9.375], "rotation": 180, "texture": "#4"},
				"south": {"uv": [4, 3, 4.0625, 3.375], "rotation": 180, "texture": "#4"},
				"west": {"uv": [7, 9, 7.0625, 9.375], "rotation": 180, "texture": "#4"},
				"up": {"uv": [0, 0, 0.0625, 0.0625], "rotation": 270, "texture": "#missing"},
				"down": {"uv": [8, 10, 8.0625, 10.0625], "rotation": 90, "texture": "#4"}
			}
		},
		{
			"from": [3.33378, 1.15957, 13.08378],
			"to": [3.58378, 2.65957, 13.33378],
			"rotation": {"angle": -45, "axis": "x", "origin": [3.45878, 7.32979, 13.25]},
			"faces": {
				"north": {"uv": [0, 0, 0.0625, 0.375], "rotation": 180, "texture": "#missing"},
				"east": {"uv": [11, 4, 11.0625, 4.375], "rotation": 180, "texture": "#4"},
				"south": {"uv": [4, 3, 4.0625, 3.375], "rotation": 180, "texture": "#4"},
				"west": {"uv": [11, 4, 11.0625, 4.375], "rotation": 180, "texture": "#4"},
				"up": {"uv": [0, 0, 0.0625, 0.0625], "rotation": 270, "texture": "#missing"},
				"down": {"uv": [8, 10, 8.0625, 10.0625], "rotation": 90, "texture": "#4"}
			}
		},
		{
			"from": [3.33378, 0.15957, 12.89628],
			"to": [3.58378, 1.15957, 13.14628],
			"rotation": {"angle": -45, "axis": "x", "origin": [3.45878, 7.32979, 13.25]},
			"faces": {
				"north": {"uv": [0, 0, 0.0625, 0.25], "rotation": 180, "texture": "#missing"},
				"east": {"uv": [6, 10, 6.0625, 10.25], "rotation": 180, "texture": "#4"},
				"south": {"uv": [4, 3, 4.0625, 3.25], "rotation": 180, "texture": "#4"},
				"west": {"uv": [6, 10, 6.0625, 10.25], "rotation": 180, "texture": "#4"},
				"up": {"uv": [0, 0, 0.0625, 0.0625], "rotation": 270, "texture": "#missing"},
				"down": {"uv": [8, 10, 8.0625, 10.0625], "rotation": 90, "texture": "#4"}
			}
		},
		{
			"from": [3.33378, -0.34043, 12.77128],
			"to": [3.58378, 0.15957, 13.02128],
			"rotation": {"angle": -45, "axis": "x", "origin": [3.45878, 7.32979, 13.25]},
			"faces": {
				"north": {"uv": [0, 0, 0.0625, 0.125], "rotation": 180, "texture": "#missing"},
				"east": {"uv": [9, 8, 11, 12], "rotation": 180, "texture": "#4"},
				"south": {"uv": [4, 3, 5, 11], "rotation": 180, "texture": "#4"},
				"west": {"uv": [9, 8, 11, 12], "rotation": 180, "texture": "#4"},
				"up": {"uv": [0, 0, 0.0625, 0.0625], "rotation": 270, "texture": "#missing"},
				"down": {"uv": [8, 10, 9, 13], "rotation": 90, "texture": "#4"}
			}
		},
		{
			"from": [3.33378, -0.84043, 12.70878],
			"to": [3.58378, -0.34043, 12.95878],
			"rotation": {"angle": -45, "axis": "x", "origin": [3.45878, 7.32979, 13.25]},
			"faces": {
				"north": {"uv": [0, 0, 0.0625, 0.125], "rotation": 180, "texture": "#missing"},
				"east": {"uv": [5, 4, 7, 8], "rotation": 180, "texture": "#4"},
				"south": {"uv": [4, 3, 5, 11], "rotation": 180, "texture": "#4"},
				"west": {"uv": [5, 4, 7, 8], "rotation": 180, "texture": "#4"},
				"up": {"uv": [0, 0, 0.0625, 0.0625], "rotation": 270, "texture": "#missing"},
				"down": {"uv": [8, 10, 9, 13], "rotation": 90, "texture": "#4"}
			}
		},
		{
			"from": [3.33378, -1.34043, 12.58378],
			"to": [3.58378, -0.84043, 12.77128],
			"rotation": {"angle": -45, "axis": "x", "origin": [3.45878, 7.32979, 13.25]},
			"faces": {
				"north": {"uv": [0, 0, 0.0625, 0.125], "rotation": 180, "texture": "#missing"},
				"east": {"uv": [14, 6, 15, 10], "rotation": 180, "texture": "#4"},
				"south": {"uv": [4, 3, 5, 11], "rotation": 180, "texture": "#4"},
				"west": {"uv": [14, 6, 15, 10], "rotation": 180, "texture": "#4"},
				"up": {"uv": [0, 0, 0.0625, 0.0625], "rotation": 270, "texture": "#missing"},
				"down": {"uv": [0, 0, 0.0625, 0.0625], "rotation": 90, "texture": "#missing"}
			}
		},
		{
			"from": [3.33378, -1.59043, 12.58378],
			"to": [3.58378, -1.34043, 12.83378],
			"rotation": {"angle": -45, "axis": "x", "origin": [3.45878, 7.32979, 13.25]},
			"faces": {
				"north": {"uv": [4, 9, 5, 10], "rotation": 180, "texture": "#4"},
				"east": {"uv": [4, 9, 5, 10], "rotation": 180, "texture": "#4"},
				"south": {"uv": [4, 9, 5, 10], "rotation": 180, "texture": "#4"},
				"west": {"uv": [4, 9, 5, 10], "rotation": 180, "texture": "#4"},
				"up": {"uv": [4, 9, 5, 10], "rotation": 270, "texture": "#4"},
				"down": {"uv": [4, 9, 5, 10], "rotation": 90, "texture": "#4"}
			}
		},
		{
			"name": "Left Arm",
			"from": [0, 14.83958, -1.58958],
			"to": [4, 18.83958, 10.41042],
			"rotation": {"angle": -22.5, "axis": "x", "origin": [1.86667, 16.83958, -4]},
			"faces": {
				"north": {"uv": [11, 12, 10, 13], "rotation": 180, "texture": "#2"},
				"east": {"uv": [8, 13, 9, 16], "rotation": 270, "texture": "#2"},
				"south": {"uv": [10, 13, 9, 12], "texture": "#2"},
				"west": {"uv": [10, 13, 11, 16], "rotation": 90, "texture": "#2"},
				"up": {"uv": [9, 13, 10, 16], "rotation": 180, "texture": "#2"},
				"down": {"uv": [11, 13, 12, 16], "texture": "#2"}
			}
		},
		{
			"name": "Left Arm",
			"from": [-0.0625, 14.77708, -1.65208],
			"to": [4.0625, 18.90208, -0.58958],
			"rotation": {"angle": -22.5, "axis": "x", "origin": [1.86667, 16.83958, -4]},
			"faces": {
				"north": {"uv": [14, 5, 13, 6], "rotation": 180, "texture": "#4"},
				"east": {"uv": [14, 5, 13, 6], "rotation": 270, "texture": "#4"},
				"south": {"uv": [14, 5, 13, 6], "texture": "#4"},
				"west": {"uv": [14, 5, 13, 6], "rotation": 90, "texture": "#4"},
				"up": {"uv": [14, 5, 13, 6], "rotation": 180, "texture": "#4"},
				"down": {"uv": [14, 5, 13, 6], "texture": "#4"}
			}
		},
		{
			"name": "Left Arm",
			"from": [1.5, 16.33958, -2.58958],
			"to": [2.5, 17.33958, -1.58958],
			"rotation": {"angle": -22.5, "axis": "x", "origin": [1.86667, 16.83958, -4]},
			"faces": {
				"north": {"uv": [16, 2, 15, 3], "rotation": 180, "texture": "#4"},
				"east": {"uv": [16, 2, 15, 3], "rotation": 270, "texture": "#4"},
				"south": {"uv": [16, 2, 15, 3], "texture": "#4"},
				"west": {"uv": [16, 2, 15, 3], "rotation": 90, "texture": "#4"},
				"up": {"uv": [16, 2, 15, 3], "rotation": 180, "texture": "#4"},
				"down": {"uv": [16, 2, 15, 3], "texture": "#4"}
			}
		},
		{
			"name": "Left Arm",
			"from": [1.75, 16.58958, -6.96458],
			"to": [2.25, 17.08958, -6.46458],
			"rotation": {"angle": -22.5, "axis": "x", "origin": [1.86667, 16.83958, -4]},
			"faces": {
				"north": {"uv": [16, 2, 15, 3], "rotation": 180, "texture": "#4"},
				"east": {"uv": [16, 2, 15, 3], "rotation": 270, "texture": "#4"},
				"south": {"uv": [16, 2, 15, 3], "texture": "#4"},
				"west": {"uv": [16, 2, 15, 3], "rotation": 90, "texture": "#4"},
				"up": {"uv": [16, 2, 15, 3], "rotation": 180, "texture": "#4"},
				"down": {"uv": [16, 2, 15, 3], "texture": "#4"}
			}
		},
		{
			"name": "Left Arm",
			"from": [1.25, 16.58958, -6.58958],
			"to": [1.75, 17.08958, -6.08958],
			"rotation": {"angle": -22.5, "axis": "x", "origin": [1.86667, 16.83958, -4]},
			"faces": {
				"north": {"uv": [16, 2, 15, 3], "rotation": 180, "texture": "#4"},
				"east": {"uv": [16, 2, 15, 3], "rotation": 270, "texture": "#4"},
				"south": {"uv": [16, 2, 15, 3], "texture": "#4"},
				"west": {"uv": [16, 2, 15, 3], "rotation": 90, "texture": "#4"},
				"up": {"uv": [16, 2, 15, 3], "rotation": 180, "texture": "#4"},
				"down": {"uv": [16, 2, 15, 3], "texture": "#4"}
			}
		},
		{
			"name": "Left Arm",
			"from": [0.75, 16.58958, -6.21458],
			"to": [1.25, 17.08958, -5.71458],
			"rotation": {"angle": -22.5, "axis": "x", "origin": [1.86667, 16.83958, -4]},
			"faces": {
				"north": {"uv": [16, 2, 15, 3], "rotation": 180, "texture": "#4"},
				"east": {"uv": [16, 2, 15, 3], "rotation": 270, "texture": "#4"},
				"south": {"uv": [16, 2, 15, 3], "texture": "#4"},
				"west": {"uv": [16, 2, 15, 3], "rotation": 90, "texture": "#4"},
				"up": {"uv": [16, 2, 15, 3], "rotation": 180, "texture": "#4"},
				"down": {"uv": [16, 2, 15, 3], "texture": "#4"}
			}
		},
		{
			"name": "Left Arm",
			"from": [0.375, 16.58958, -5.71458],
			"to": [0.875, 17.08958, -4.96458],
			"rotation": {"angle": -22.5, "axis": "x", "origin": [1.86667, 16.83958, -4]},
			"faces": {
				"north": {"uv": [16, 2, 15, 3], "rotation": 180, "texture": "#4"},
				"east": {"uv": [16, 2, 15, 3], "rotation": 270, "texture": "#4"},
				"south": {"uv": [16, 2, 15, 3], "texture": "#4"},
				"west": {"uv": [16, 2, 15, 3], "rotation": 90, "texture": "#4"},
				"up": {"uv": [16, 2, 15, 3], "rotation": 180, "texture": "#4"},
				"down": {"uv": [16, 2, 15, 3], "texture": "#4"}
			}
		},
		{
			"name": "Left Arm",
			"from": [0.75, 16.58958, -4.96458],
			"to": [1.25, 17.08958, -4.46458],
			"rotation": {"angle": -22.5, "axis": "x", "origin": [1.86667, 16.83958, -4]},
			"faces": {
				"north": {"uv": [16, 2, 15, 3], "rotation": 180, "texture": "#4"},
				"east": {"uv": [16, 2, 15, 3], "rotation": 270, "texture": "#4"},
				"south": {"uv": [16, 2, 15, 3], "texture": "#4"},
				"west": {"uv": [16, 2, 15, 3], "rotation": 90, "texture": "#4"},
				"up": {"uv": [16, 2, 15, 3], "rotation": 180, "texture": "#4"},
				"down": {"uv": [16, 2, 15, 3], "texture": "#4"}
			}
		},
		{
			"name": "Left Arm",
			"from": [1.25, 16.58958, -4.46458],
			"to": [1.75, 17.08958, -3.96458],
			"rotation": {"angle": -22.5, "axis": "x", "origin": [1.86667, 16.83958, -4]},
			"faces": {
				"north": {"uv": [16, 2, 15, 3], "rotation": 180, "texture": "#4"},
				"east": {"uv": [16, 2, 15, 3], "rotation": 270, "texture": "#4"},
				"south": {"uv": [16, 2, 15, 3], "texture": "#4"},
				"west": {"uv": [16, 2, 15, 3], "rotation": 90, "texture": "#4"},
				"up": {"uv": [16, 2, 15, 3], "rotation": 180, "texture": "#4"},
				"down": {"uv": [16, 2, 15, 3], "texture": "#4"}
			}
		},
		{
			"name": "Left Arm",
			"from": [1.75, 16.58958, -4.08958],
			"to": [2.25, 17.08958, -3.58958],
			"rotation": {"angle": -22.5, "axis": "x", "origin": [1.86667, 16.83958, -4]},
			"faces": {
				"north": {"uv": [16, 2, 15, 3], "rotation": 180, "texture": "#4"},
				"east": {"uv": [16, 2, 15, 3], "rotation": 270, "texture": "#4"},
				"south": {"uv": [16, 2, 15, 3], "texture": "#4"},
				"west": {"uv": [16, 2, 15, 3], "rotation": 90, "texture": "#4"},
				"up": {"uv": [16, 2, 15, 3], "rotation": 180, "texture": "#4"},
				"down": {"uv": [16, 2, 15, 3], "texture": "#4"}
			}
		},
		{
			"name": "Left Arm",
			"from": [1.75, 16.58958, -3.08958],
			"to": [2.25, 17.08958, -2.58958],
			"rotation": {"angle": -22.5, "axis": "x", "origin": [1.86667, 16.83958, -4]},
			"faces": {
				"north": {"uv": [16, 2, 15, 3], "rotation": 180, "texture": "#4"},
				"east": {"uv": [16, 2, 15, 3], "rotation": 270, "texture": "#4"},
				"south": {"uv": [16, 2, 15, 3], "texture": "#4"},
				"west": {"uv": [16, 2, 15, 3], "rotation": 90, "texture": "#4"},
				"up": {"uv": [16, 2, 15, 3], "rotation": 180, "texture": "#4"},
				"down": {"uv": [16, 2, 15, 3], "texture": "#4"}
			}
		},
		{
			"name": "Left Arm",
			"from": [1.75, 16.58958, -3.58958],
			"to": [2.25, 17.08958, -3.08958],
			"rotation": {"angle": -22.5, "axis": "x", "origin": [1.86667, 16.83958, -4]},
			"faces": {
				"north": {"uv": [16, 2, 15, 3], "rotation": 180, "texture": "#4"},
				"east": {"uv": [16, 2, 15, 3], "rotation": 270, "texture": "#4"},
				"south": {"uv": [16, 2, 15, 3], "texture": "#4"},
				"west": {"uv": [16, 2, 15, 3], "rotation": 90, "texture": "#4"},
				"up": {"uv": [16, 2, 15, 3], "rotation": 180, "texture": "#4"},
				"down": {"uv": [16, 2, 15, 3], "texture": "#4"}
			}
		},
		{
			"name": "Left Arm",
			"from": [2.25, 16.58958, -6.58958],
			"to": [2.75, 17.08958, -6.08958],
			"rotation": {"angle": -22.5, "axis": "x", "origin": [1.86667, 16.83958, -4]},
			"faces": {
				"north": {"uv": [16, 2, 15, 3], "rotation": 180, "texture": "#4"},
				"east": {"uv": [16, 2, 15, 3], "rotation": 270, "texture": "#4"},
				"south": {"uv": [16, 2, 15, 3], "texture": "#4"},
				"west": {"uv": [16, 2, 15, 3], "rotation": 90, "texture": "#4"},
				"up": {"uv": [16, 2, 15, 3], "rotation": 180, "texture": "#4"},
				"down": {"uv": [16, 2, 15, 3], "texture": "#4"}
			}
		},
		{
			"name": "Left Arm",
			"from": [2.75, 16.58958, -6.21458],
			"to": [3.25, 17.08958, -5.71458],
			"rotation": {"angle": -22.5, "axis": "x", "origin": [1.86667, 16.83958, -4]},
			"faces": {
				"north": {"uv": [16, 2, 15, 3], "rotation": 180, "texture": "#4"},
				"east": {"uv": [16, 2, 15, 3], "rotation": 270, "texture": "#4"},
				"south": {"uv": [16, 2, 15, 3], "texture": "#4"},
				"west": {"uv": [16, 2, 15, 3], "rotation": 90, "texture": "#4"},
				"up": {"uv": [16, 2, 15, 3], "rotation": 180, "texture": "#4"},
				"down": {"uv": [16, 2, 15, 3], "texture": "#4"}
			}
		},
		{
			"name": "Left Arm",
			"from": [2.75, 16.71458, -5.71458],
			"to": [3, 16.96458, -5.46458],
			"rotation": {"angle": -22.5, "axis": "x", "origin": [1.86667, 16.83958, -4]},
			"faces": {
				"north": {"uv": [16, 2, 15, 3], "rotation": 180, "texture": "#4"},
				"east": {"uv": [16, 2, 15, 3], "rotation": 270, "texture": "#4"},
				"south": {"uv": [16, 2, 15, 3], "texture": "#4"},
				"west": {"uv": [16, 2, 15, 3], "rotation": 90, "texture": "#4"},
				"up": {"uv": [16, 2, 15, 3], "rotation": 180, "texture": "#4"},
				"down": {"uv": [16, 2, 15, 3], "texture": "#4"}
			}
		},
		{
			"name": "Right Leg",
			"from": [7.9625, 0, 6],
			"to": [11.9625, 12, 10],
			"rotation": {"angle": -22.5, "axis": "y", "origin": [9.9625, 6, 8]},
			"faces": {
				"north": {"uv": [1, 5, 2, 8], "texture": "#2"},
				"east": {"uv": [0, 5, 1, 8], "texture": "#2"},
				"south": {"uv": [3, 5, 4, 8], "texture": "#2"},
				"west": {"uv": [2, 5, 3, 8], "texture": "#2"},
				"up": {"uv": [2, 5, 1, 4], "texture": "#2"},
				"down": {"uv": [3, 4, 2, 5], "texture": "#2"}
			}
		},
		{
			"name": "Left Leg",
			"from": [3.975, 0, 6],
			"to": [7.975, 12, 10],
			"rotation": {"angle": 0, "axis": "y", "origin": [7.875, 0, 8]},
			"faces": {
				"north": {"uv": [5, 13, 6, 16], "texture": "#2"},
				"east": {"uv": [4, 13, 5, 16], "texture": "#2"},
				"south": {"uv": [7, 13, 8, 16], "texture": "#2"},
				"west": {"uv": [6, 13, 7, 16], "texture": "#2"},
				"up": {"uv": [6, 13, 5, 12], "texture": "#2"},
				"down": {"uv": [7, 12, 6, 13], "texture": "#2"}
			}
		}
	],
	"display": {
		"thirdperson_righthand": {
			"rotation": [3, -180, 0],
			"translation": [0, 1, 1.5],
			"scale": [0.2, 0.2, 0.2]
		},
		"thirdperson_lefthand": {
			"scale": [0, 0, 0]
		},
		"firstperson_righthand": {
			"rotation": [0, 140, -2],
			"translation": [1.25, 0, 0],
			"scale": [0.3, 0.3, 0.3]
		},
		"firstperson_lefthand": {
			"scale": [0, 0, 0]
		},
		"ground": {
			"translation": [0, -1.25, 0],
			"scale": [0.15, 0.15, 0.15]
		},
		"gui": {
			"rotation": [-6, -156, 0],
			"translation": [0, -3.75, 0],
			"scale": [0.45, 0.45, 0.45]
		},
		"head": {
			"translation": [0, -30.25, 0],
			"scale": [1.6, 1.6, 1.6]
		}
	},
	"groups": [
		{
			"name": "root",
			"origin": [0, 0, 0],
			"children": [
				{
					"name": "Head",
					"origin": [0, 24, 0],
					"children": [0]
				},
				{
					"name": "Body",
					"origin": [0, 24, 0],
					"children": [1]
				},
				{
					"name": "RightArm",
					"origin": [6.25, 18, 0],
					"children": [2,
						{
							"name": "cutlass",
							"origin": [8, 8, 8],
							"children": [3, 4, 5, 6, 7, 8, 9, 10, 11, 12, 13, 14, 15, 16, 17, 18, 19, 20, 21, 22, 23, 24, 25, 26, 27, 28, 29, 30, 31, 32, 33, 34, 35, 36, 37, 38, 39, 40, 41, 42, 43, 44, 45, 46, 47, 48, 49]
						}
					]
				},
				{
					"name": "LeftArm",
					"origin": [-6.25, 18, 0],
					"children": [50,
						{
							"name": "group",
							"origin": [10.5, -17, 9.5],
							"children": [51, 52, 53, 54, 55, 56, 57, 58, 59, 60, 61, 62, 63, 64]
						}
					]
				},
				{
					"name": "RightLeg",
					"origin": [1.9, 6, 0],
					"children": [65]
				},
				{
					"name": "LeftLeg",
					"origin": [-1.9, 6, 0],
					"children": [66]
				}
			]
		}
	]
}