{
	"credit": "Made with Blockbench",
	"texture_size": [64, 64],
	"textures": {
		"3": "block/pirate-angry",
		"4": "block/blast_furnace_top",
		"6": "block/dark_oak_log",
		"8": "block/polished_blackstone",
		"particle": "block/pirate"
	},
	"elements": [
		{
			"name": "Head",
			"from": [3.6668, 24, 3.79042],
			"to": [11.6668, 32, 11.79042],
			"rotation": {"angle": -45, "axis": "y", "origin": [7.6668, 28, 7.79042]},
			"faces": {
				"north": {"uv": [2, 2, 4, 4], "texture": "#3"},
				"east": {"uv": [0, 2, 2, 4], "texture": "#3"},
				"south": {"uv": [6, 2, 8, 4], "texture": "#3"},
				"west": {"uv": [4, 2, 6, 4], "texture": "#3"},
				"up": {"uv": [4, 2, 2, 0], "texture": "#3"},
				"down": {"uv": [6, 0, 4, 2], "texture": "#3"}
			}
		},
		{
			"name": "Body",
			"from": [5.26367, 12, -1.02979],
			"to": [9.26367, 24, 6.97021],
			"rotation": {"angle": -45, "axis": "y", "origin": [1.64673, 9.02236, 5.86694]},
			"faces": {
				"north": {"uv": [7, 5, 8, 8], "texture": "#3"},
				"east": {"uv": [5, 5, 7, 8], "texture": "#3"},
				"south": {"uv": [4, 5, 5, 8], "texture": "#3"},
				"west": {"uv": [8, 5, 10, 8], "texture": "#3"},
				"up": {"uv": [7, 5, 5, 4], "rotation": 90, "texture": "#3"},
				"down": {"uv": [9, 4, 7, 5], "rotation": 270, "texture": "#3"}
			}
		},
		{
			"name": "Right Arm",
			"from": [1.48095, 12.02746, 10.16172],
			"to": [5.48095, 24.02746, 14.16172],
			"rotation": {"angle": -45, "axis": "y", "origin": [3.48095, 18.02746, 12.16172]},
			"faces": {
				"north": {"uv": [12, 5, 13, 8], "texture": "#3"},
				"east": {"uv": [11, 5, 12, 8], "texture": "#3"},
				"south": {"uv": [10, 5, 11, 8], "texture": "#3"},
				"west": {"uv": [13, 5, 14, 8], "texture": "#3"},
				"up": {"uv": [12, 5, 11, 4], "rotation": 90, "texture": "#3"},
				"down": {"uv": [13, 4, 12, 5], "rotation": 270, "texture": "#3"}
			}
		},
		{
			"from": [1.08296, 13.10451, 6.83079],
			"to": [1.58296, 16.10451, 7.33079],
			"rotation": {"angle": 0, "axis": "x", "origin": [4.39673, 6.27236, 6.61694]},
			"faces": {
				"north": {"uv": [11, 4, 12, 10], "rotation": 180, "texture": "#6"},
				"east": {"uv": [11, 4, 12, 10], "rotation": 180, "texture": "#6"},
				"south": {"uv": [11, 4, 12, 10], "rotation": 180, "texture": "#6"},
				"west": {"uv": [11, 4, 12, 10], "rotation": 180, "texture": "#6"},
				"up": {"uv": [11, 4, 12, 10], "rotation": 270, "texture": "#6"},
				"down": {"uv": [11, 4, 12, 10], "rotation": 90, "texture": "#6"}
			}
		},
		{
			"from": [1.08296, 15.60451, 7.33079],
			"to": [1.58296, 16.10451, 7.83079],
			"rotation": {"angle": 0, "axis": "x", "origin": [4.39673, 6.27236, 6.61694]},
			"faces": {
				"north": {"uv": [15, 15, 16, 16], "rotation": 180, "texture": "#6"},
				"east": {"uv": [15, 15, 16, 16], "rotation": 180, "texture": "#6"},
				"south": {"uv": [15, 15, 16, 16], "rotation": 180, "texture": "#6"},
				"west": {"uv": [15, 15, 16, 16], "rotation": 180, "texture": "#6"},
				"up": {"uv": [15, 15, 16, 16], "rotation": 270, "texture": "#6"},
				"down": {"uv": [15, 15, 16, 16], "rotation": 90, "texture": "#6"}
			}
		},
		{
			"from": [1.08296, 13.10451, 7.33079],
			"to": [1.58296, 13.60451, 7.83079],
			"rotation": {"angle": 0, "axis": "x", "origin": [4.39673, 6.27236, 6.61694]},
			"faces": {
				"north": {"uv": [15, 15, 16, 16], "rotation": 180, "texture": "#6"},
				"east": {"uv": [15, 15, 16, 16], "rotation": 180, "texture": "#6"},
				"south": {"uv": [15, 15, 16, 16], "rotation": 180, "texture": "#6"},
				"west": {"uv": [15, 15, 16, 16], "rotation": 180, "texture": "#6"},
				"up": {"uv": [15, 15, 16, 16], "rotation": 270, "texture": "#6"},
				"down": {"uv": [15, 15, 16, 16], "rotation": 90, "texture": "#6"}
			}
		},
		{
			"from": [1.08296, 13.10451, 7.83079],
			"to": [1.58296, 13.60451, 8.33079],
			"rotation": {"angle": 0, "axis": "x", "origin": [4.39673, 6.27236, 6.61694]},
			"faces": {
				"north": {"uv": [14, 14, 15, 15], "rotation": 180, "texture": "#6"},
				"east": {"uv": [14, 14, 15, 15], "rotation": 180, "texture": "#6"},
				"south": {"uv": [14, 14, 15, 15], "rotation": 180, "texture": "#6"},
				"west": {"uv": [14, 14, 15, 15], "rotation": 180, "texture": "#6"},
				"up": {"uv": [14, 14, 15, 15], "rotation": 270, "texture": "#6"},
				"down": {"uv": [14, 14, 15, 15], "rotation": 90, "texture": "#6"}
			}
		},
		{
			"from": [1.08296, 15.60451, 7.83079],
			"to": [1.58296, 16.10451, 8.33079],
			"rotation": {"angle": 0, "axis": "x", "origin": [4.39673, 6.27236, 6.61694]},
			"faces": {
				"north": {"uv": [14, 14, 15, 15], "rotation": 180, "texture": "#6"},
				"east": {"uv": [14, 14, 15, 15], "rotation": 180, "texture": "#6"},
				"south": {"uv": [14, 14, 15, 15], "rotation": 180, "texture": "#6"},
				"west": {"uv": [14, 14, 15, 15], "rotation": 180, "texture": "#6"},
				"up": {"uv": [14, 14, 15, 15], "rotation": 270, "texture": "#6"},
				"down": {"uv": [14, 14, 15, 15], "rotation": 90, "texture": "#6"}
			}
		},
		{
			"from": [1.08296, 15.10451, 8.33079],
			"to": [1.58296, 15.60451, 8.83079],
			"rotation": {"angle": 0, "axis": "x", "origin": [4.39673, 6.27236, 6.61694]},
			"faces": {
				"north": {"uv": [14, 7, 15, 8], "rotation": 180, "texture": "#6"},
				"east": {"uv": [14, 7, 15, 8], "rotation": 180, "texture": "#6"},
				"south": {"uv": [14, 7, 15, 8], "rotation": 180, "texture": "#6"},
				"west": {"uv": [14, 7, 15, 8], "rotation": 180, "texture": "#6"},
				"up": {"uv": [14, 7, 15, 8], "rotation": 270, "texture": "#6"},
				"down": {"uv": [14, 7, 15, 8], "rotation": 90, "texture": "#6"}
			}
		},
		{
			"from": [1.08296, 13.60451, 8.33079],
			"to": [1.58296, 14.10451, 8.83079],
			"rotation": {"angle": 0, "axis": "x", "origin": [4.39673, 6.27236, 6.61694]},
			"faces": {
				"north": {"uv": [14, 7, 15, 8], "rotation": 180, "texture": "#6"},
				"east": {"uv": [14, 7, 15, 8], "rotation": 180, "texture": "#6"},
				"south": {"uv": [14, 7, 15, 8], "rotation": 180, "texture": "#6"},
				"west": {"uv": [14, 7, 15, 8], "rotation": 180, "texture": "#6"},
				"up": {"uv": [14, 7, 15, 8], "rotation": 270, "texture": "#6"},
				"down": {"uv": [14, 7, 15, 8], "rotation": 90, "texture": "#6"}
			}
		},
		{
			"from": [0.95796, 16.10451, 6.70579],
			"to": [1.70796, 16.85451, 7.45579],
			"rotation": {"angle": 0, "axis": "x", "origin": [4.39673, 6.27236, 6.61694]},
			"faces": {
				"north": {"uv": [11, 11, 13, 13], "rotation": 180, "texture": "#6"},
				"east": {"uv": [11, 11, 13, 13], "rotation": 180, "texture": "#6"},
				"south": {"uv": [11, 11, 13, 13], "rotation": 180, "texture": "#6"},
				"west": {"uv": [11, 11, 13, 13], "rotation": 180, "texture": "#6"},
				"up": {"uv": [11, 11, 13, 13], "rotation": 270, "texture": "#6"},
				"down": {"uv": [11, 11, 13, 13], "rotation": 90, "texture": "#6"}
			}
		},
		{
			"from": [1.08296, 16.85451, 6.83079],
			"to": [1.58296, 17.10451, 7.33079],
			"rotation": {"angle": 0, "axis": "x", "origin": [4.39673, 6.27236, 6.61694]},
			"faces": {
				"north": {"uv": [14, 15, 16, 16], "rotation": 180, "texture": "#8"},
				"east": {"uv": [14, 15, 16, 16], "rotation": 180, "texture": "#8"},
				"south": {"uv": [14, 15, 16, 16], "rotation": 180, "texture": "#8"},
				"west": {"uv": [14, 15, 16, 16], "rotation": 180, "texture": "#8"},
				"up": {"uv": [14, 14, 16, 16], "rotation": 270, "texture": "#8"},
				"down": {"uv": [14, 14, 16, 16], "rotation": 90, "texture": "#8"}
			}
		},
		{
			"from": [0.58296, 12.85451, 6.33079],
			"to": [2.08296, 13.10451, 8.58079],
			"rotation": {"angle": 0, "axis": "x", "origin": [4.39673, 6.27236, 6.61694]},
			"faces": {
				"north": {"uv": [4, 13, 8, 14], "rotation": 180, "texture": "#6"},
				"east": {"uv": [7, 11, 11, 12], "rotation": 180, "texture": "#6"},
				"south": {"uv": [11, 13, 14, 14], "rotation": 180, "texture": "#6"},
				"west": {"uv": [6, 12, 10, 13], "rotation": 180, "texture": "#6"},
				"up": {"uv": [9, 9, 13, 12], "rotation": 270, "texture": "#6"},
				"down": {"uv": [9, 9, 13, 12], "rotation": 90, "texture": "#6"}
			}
		},
		{
			"from": [1.08296, 14.60451, 8.83079],
			"to": [1.58296, 15.10451, 9.33079],
			"rotation": {"angle": 0, "axis": "x", "origin": [4.39673, 6.27236, 6.61694]},
			"faces": {
				"north": {"uv": [14, 7, 15, 8], "rotation": 180, "texture": "#6"},
				"east": {"uv": [14, 7, 15, 8], "rotation": 180, "texture": "#6"},
				"south": {"uv": [14, 7, 15, 8], "rotation": 180, "texture": "#6"},
				"west": {"uv": [14, 7, 15, 8], "rotation": 180, "texture": "#6"},
				"up": {"uv": [14, 7, 15, 8], "rotation": 270, "texture": "#6"},
				"down": {"uv": [14, 7, 15, 8], "rotation": 90, "texture": "#6"}
			}
		},
		{
			"from": [1.08296, 14.10451, 8.83079],
			"to": [1.58296, 14.60451, 9.33079],
			"rotation": {"angle": 0, "axis": "x", "origin": [4.39673, 6.27236, 6.61694]},
			"faces": {
				"north": {"uv": [14, 7, 15, 8], "rotation": 180, "texture": "#6"},
				"east": {"uv": [14, 7, 15, 8], "rotation": 180, "texture": "#6"},
				"south": {"uv": [14, 7, 15, 8], "rotation": 180, "texture": "#6"},
				"west": {"uv": [14, 7, 15, 8], "rotation": 180, "texture": "#6"},
				"up": {"uv": [14, 7, 15, 8], "rotation": 270, "texture": "#6"},
				"down": {"uv": [14, 7, 15, 8], "rotation": 90, "texture": "#6"}
			}
		},
		{
			"from": [1.08296, 6.85451, 6.70579],
			"to": [1.58296, 12.85451, 7.70579],
			"rotation": {"angle": 0, "axis": "x", "origin": [4.39673, 6.27236, 6.61694]},
			"faces": {
				"north": {"uv": [12, 3, 14, 16], "rotation": 180, "texture": "#4"},
				"east": {"uv": [7, 1, 11, 14], "rotation": 180, "texture": "#4"},
				"south": {"uv": [4, 3, 5, 11], "rotation": 180, "texture": "#4"},
				"west": {"uv": [7, 1, 11, 14], "rotation": 180, "texture": "#4"},
				"up": {"uv": [0, 0, 0.25, 0.125], "rotation": 270, "texture": "#missing"},
				"down": {"uv": [8, 10, 9, 13], "rotation": 90, "texture": "#4"}
			}
		},
		{
			"from": [1.14546, 6.85451, 7.70579],
			"to": [1.52046, 12.85451, 7.95579],
			"rotation": {"angle": 0, "axis": "x", "origin": [4.39673, 6.27236, 6.61694]},
			"faces": {
				"north": {"uv": [0, 0, 0.09375, 1.5], "rotation": 180, "texture": "#missing"},
				"east": {"uv": [3, 2, 4, 15], "rotation": 180, "texture": "#4"},
				"south": {"uv": [4, 3, 5, 11], "rotation": 180, "texture": "#4"},
				"west": {"uv": [3, 2, 4, 15], "rotation": 180, "texture": "#4"},
				"up": {"uv": [0, 0, 0.0625, 0.09375], "rotation": 270, "texture": "#missing"},
				"down": {"uv": [8, 10, 9, 13], "rotation": 90, "texture": "#4"}
			}
		},
		{
			"from": [1.20796, 6.85451, 7.95579],
			"to": [1.45796, 12.85451, 8.20579],
			"rotation": {"angle": 0, "axis": "x", "origin": [4.39673, 6.27236, 6.61694]},
			"faces": {
				"north": {"uv": [0, 0, 0.0625, 1.5], "rotation": 180, "texture": "#missing"},
				"east": {"uv": [3, 2, 3.0625, 3.5], "rotation": 180, "texture": "#4"},
				"south": {"uv": [4, 3, 4.0625, 4.5], "rotation": 180, "texture": "#4"},
				"west": {"uv": [3, 2, 3.0625, 3.5], "rotation": 180, "texture": "#4"},
				"up": {"uv": [0, 0, 0.0625, 0.0625], "rotation": 270, "texture": "#missing"},
				"down": {"uv": [8, 10, 8.0625, 10.0625], "rotation": 90, "texture": "#4"}
			}
		},
		{
			"from": [1.27046, 6.85451, 8.20579],
			"to": [1.39546, 12.85451, 8.33079],
			"rotation": {"angle": 0, "axis": "x", "origin": [4.39673, 6.27236, 6.61694]},
			"faces": {
				"north": {"uv": [0, 0, 0.03125, 1.5], "rotation": 180, "texture": "#missing"},
				"east": {"uv": [3, 2, 3.03125, 3.5], "rotation": 180, "texture": "#4"},
				"south": {"uv": [4, 3, 4.03125, 4.5], "rotation": 180, "texture": "#4"},
				"west": {"uv": [3, 2, 3.03125, 3.5], "rotation": 180, "texture": "#4"},
				"up": {"uv": [0, 0, 0.03125, 0.03125], "rotation": 270, "texture": "#missing"},
				"down": {"uv": [8, 12, 8.03125, 12.03125], "rotation": 90, "texture": "#4"}
			}
		},
		{
			"from": [1.27046, 3.85451, 8.01829],
			"to": [1.39546, 6.85451, 8.14329],
			"rotation": {"angle": 0, "axis": "x", "origin": [4.39673, 6.27236, 6.61694]},
			"faces": {
				"north": {"uv": [0, 0, 0.03125, 0.75], "rotation": 180, "texture": "#missing"},
				"east": {"uv": [13, 5, 13.03125, 5.75], "rotation": 180, "texture": "#4"},
				"south": {"uv": [4, 3, 4.03125, 3.75], "rotation": 180, "texture": "#4"},
				"west": {"uv": [13, 5, 13.03125, 5.75], "rotation": 180, "texture": "#4"},
				"up": {"uv": [0, 0, 0.03125, 0.03125], "rotation": 270, "texture": "#missing"},
				"down": {"uv": [8, 12, 8.03125, 12.03125], "rotation": 90, "texture": "#4"}
			}
		},
		{
			"from": [1.27046, 0.85451, 7.89329],
			"to": [1.39546, 3.85451, 8.01829],
			"rotation": {"angle": 0, "axis": "x", "origin": [4.39673, 6.27236, 6.61694]},
			"faces": {
				"north": {"uv": [0, 0, 0.03125, 0.75], "rotation": 180, "texture": "#missing"},
				"east": {"uv": [4, 3, 5, 11], "rotation": 180, "texture": "#4"},
				"south": {"uv": [4, 3, 5, 11], "rotation": 180, "texture": "#4"},
				"west": {"uv": [4, 3, 5, 11], "rotation": 180, "texture": "#4"},
				"up": {"uv": [0, 0, 0.03125, 0.03125], "rotation": 270, "texture": "#missing"},
				"down": {"uv": [8, 12, 9, 13], "rotation": 90, "texture": "#4"}
			}
		},
		{
			"from": [1.27046, -0.64549, 7.76829],
			"to": [1.39546, 0.85451, 7.89329],
			"rotation": {"angle": 0, "axis": "x", "origin": [4.39673, 6.27236, 6.61694]},
			"faces": {
				"north": {"uv": [0, 0, 0.03125, 0.375], "rotation": 180, "texture": "#missing"},
				"east": {"uv": [7, 9, 8, 15], "rotation": 180, "texture": "#4"},
				"south": {"uv": [4, 3, 5, 11], "rotation": 180, "texture": "#4"},
				"west": {"uv": [7, 9, 8, 15], "rotation": 180, "texture": "#4"},
				"up": {"uv": [0, 0, 0.03125, 0.03125], "rotation": 270, "texture": "#missing"},
				"down": {"uv": [8, 12, 9, 13], "rotation": 90, "texture": "#4"}
			}
		},
		{
			"from": [1.27046, -2.14549, 7.58079],
			"to": [1.39546, -0.64549, 7.70579],
			"rotation": {"angle": 0, "axis": "x", "origin": [4.39673, 6.27236, 6.61694]},
			"faces": {
				"north": {"uv": [0, 0, 0.03125, 0.375], "rotation": 180, "texture": "#missing"},
				"east": {"uv": [11, 4, 12, 10], "rotation": 180, "texture": "#4"},
				"south": {"uv": [4, 3, 5, 11], "rotation": 180, "texture": "#4"},
				"west": {"uv": [11, 4, 12, 10], "rotation": 180, "texture": "#4"},
				"up": {"uv": [0, 0, 0.03125, 0.03125], "rotation": 270, "texture": "#missing"},
				"down": {"uv": [8, 12, 9, 13], "rotation": 90, "texture": "#4"}
			}
		},
		{
			"from": [1.27046, -3.14549, 7.39329],
			"to": [1.39546, -2.14549, 7.51829],
			"rotation": {"angle": 0, "axis": "x", "origin": [4.39673, 6.27236, 6.61694]},
			"faces": {
				"north": {"uv": [0, 0, 0.03125, 0.25], "rotation": 180, "texture": "#missing"},
				"east": {"uv": [6, 10, 7, 14], "rotation": 180, "texture": "#4"},
				"south": {"uv": [4, 3, 5, 11], "rotation": 180, "texture": "#4"},
				"west": {"uv": [6, 10, 7, 14], "rotation": 180, "texture": "#4"},
				"up": {"uv": [0, 0, 0.03125, 0.03125], "rotation": 270, "texture": "#missing"},
				"down": {"uv": [8, 12, 9, 13], "rotation": 90, "texture": "#4"}
			}
		},
		{
			"from": [1.27046, -3.64549, 7.26829],
			"to": [1.39546, -3.14549, 7.39329],
			"rotation": {"angle": 0, "axis": "x", "origin": [4.39673, 6.27236, 6.61694]},
			"faces": {
				"north": {"uv": [0, 0, 0.03125, 0.125], "rotation": 180, "texture": "#missing"},
				"east": {"uv": [9, 8, 10, 12], "rotation": 180, "texture": "#4"},
				"south": {"uv": [4, 3, 5, 11], "rotation": 180, "texture": "#4"},
				"west": {"uv": [9, 8, 10, 12], "rotation": 180, "texture": "#4"},
				"up": {"uv": [0, 0, 0.03125, 0.03125], "rotation": 270, "texture": "#missing"},
				"down": {"uv": [8, 12, 9, 13], "rotation": 90, "texture": "#4"}
			}
		},
		{
			"from": [1.27046, -4.14549, 7.20579],
			"to": [1.39546, -3.64549, 7.33079],
			"rotation": {"angle": 0, "axis": "x", "origin": [4.39673, 6.27236, 6.61694]},
			"faces": {
				"north": {"uv": [0, 0, 0.03125, 0.125], "rotation": 180, "texture": "#missing"},
				"east": {"uv": [5, 4, 7, 8], "rotation": 180, "texture": "#4"},
				"south": {"uv": [4, 3, 5, 11], "rotation": 180, "texture": "#4"},
				"west": {"uv": [5, 4, 7, 8], "rotation": 180, "texture": "#4"},
				"up": {"uv": [0, 0, 0.03125, 0.03125], "rotation": 270, "texture": "#missing"},
				"down": {"uv": [8, 12, 9, 13], "rotation": 90, "texture": "#4"}
			}
		},
		{
			"from": [1.27046, -4.64549, 7.01829],
			"to": [1.39546, -4.14549, 7.14329],
			"rotation": {"angle": 0, "axis": "x", "origin": [4.39673, 6.27236, 6.61694]},
			"faces": {
				"north": {"uv": [0, 0, 0.03125, 0.125], "rotation": 180, "texture": "#missing"},
				"east": {"uv": [10, 4, 11, 8], "rotation": 180, "texture": "#4"},
				"south": {"uv": [4, 3, 5, 11], "rotation": 180, "texture": "#4"},
				"west": {"uv": [14, 6, 15, 10], "rotation": 180, "texture": "#4"},
				"up": {"uv": [0, 0, 0.03125, 0.03125], "rotation": 270, "texture": "#missing"},
				"down": {"uv": [8, 11, 9, 13], "rotation": 90, "texture": "#4"}
			}
		},
		{
			"from": [1.08296, 3.85451, 6.70579],
			"to": [1.58296, 6.85451, 7.51829],
			"rotation": {"angle": 0, "axis": "x", "origin": [4.39673, 6.27236, 6.61694]},
			"faces": {
				"north": {"uv": [12, 6, 14, 16], "rotation": 180, "texture": "#4"},
				"east": {"uv": [7, 6, 11, 14], "rotation": 180, "texture": "#4"},
				"south": {"uv": [4, 3, 5, 11], "rotation": 180, "texture": "#4"},
				"west": {"uv": [7, 6, 11, 14], "rotation": 180, "texture": "#4"},
				"up": {"uv": [0, 0, 0.20313, 0.125], "rotation": 270, "texture": "#missing"},
				"down": {"uv": [8, 10, 9, 13], "rotation": 90, "texture": "#4"}
			}
		},
		{
			"from": [1.08296, 0.85451, 6.70579],
			"to": [1.58296, 3.85451, 7.39329],
			"rotation": {"angle": 0, "axis": "x", "origin": [4.39673, 6.27236, 6.61694]},
			"faces": {
				"north": {"uv": [5, 3, 7, 13], "rotation": 180, "texture": "#4"},
				"east": {"uv": [4, 3, 7, 11], "rotation": 180, "texture": "#4"},
				"south": {"uv": [4, 3, 5, 11], "rotation": 180, "texture": "#4"},
				"west": {"uv": [4, 3, 7, 11], "rotation": 180, "texture": "#4"},
				"up": {"uv": [0, 0, 0.17188, 0.125], "rotation": 270, "texture": "#missing"},
				"down": {"uv": [8, 10, 9, 13], "rotation": 90, "texture": "#4"}
			}
		},
		{
			"from": [1.08296, -0.64549, 6.70579],
			"to": [1.58296, 0.85451, 7.26829],
			"rotation": {"angle": 0, "axis": "x", "origin": [4.39673, 6.27236, 6.61694]},
			"faces": {
				"north": {"uv": [8, 4, 10, 10], "rotation": 180, "texture": "#4"},
				"east": {"uv": [4, 5, 6, 11], "rotation": 180, "texture": "#4"},
				"south": {"uv": [4, 3, 5, 11], "rotation": 180, "texture": "#4"},
				"west": {"uv": [4, 5, 6, 11], "rotation": 180, "texture": "#4"},
				"up": {"uv": [0, 0, 0.14063, 0.125], "rotation": 270, "texture": "#missing"},
				"down": {"uv": [8, 10, 9, 13], "rotation": 90, "texture": "#4"}
			}
		},
		{
			"from": [1.08296, -2.14549, 6.70579],
			"to": [1.58296, -0.64549, 7.08079],
			"rotation": {"angle": 0, "axis": "x", "origin": [4.39673, 6.27236, 6.61694]},
			"faces": {
				"north": {"uv": [8, 5, 10, 11], "rotation": 180, "texture": "#4"},
				"east": {"uv": [11, 4, 13, 10], "rotation": 180, "texture": "#4"},
				"south": {"uv": [4, 3, 5, 11], "rotation": 180, "texture": "#4"},
				"west": {"uv": [11, 4, 13, 10], "rotation": 180, "texture": "#4"},
				"up": {"uv": [0, 0, 0.09375, 0.125], "rotation": 270, "texture": "#missing"},
				"down": {"uv": [8, 10, 9, 13], "rotation": 90, "texture": "#4"}
			}
		},
		{
			"from": [1.08296, -3.14549, 6.70579],
			"to": [1.58296, -2.14549, 6.89329],
			"rotation": {"angle": 0, "axis": "x", "origin": [4.39673, 6.27236, 6.61694]},
			"faces": {
				"north": {"uv": [10, 7, 12, 13], "rotation": 180, "texture": "#4"},
				"east": {"uv": [12, 8, 13, 13], "rotation": 180, "texture": "#4"},
				"south": {"uv": [4, 3, 5, 11], "rotation": 180, "texture": "#4"},
				"west": {"uv": [12, 8, 13, 13], "rotation": 180, "texture": "#4"},
				"up": {"uv": [0, 0, 0.04688, 0.125], "rotation": 270, "texture": "#missing"},
				"down": {"uv": [8, 10, 9, 13], "rotation": 90, "texture": "#4"}
			}
		},
		{
			"from": [1.08296, -3.64549, 6.70579],
			"to": [1.58296, -3.14549, 6.76829],
			"rotation": {"angle": 0, "axis": "x", "origin": [4.39673, 6.27236, 6.61694]},
			"faces": {
				"north": {"uv": [4, 7, 6, 9], "rotation": 180, "texture": "#4"},
				"east": {"uv": [11, 10, 12, 14], "rotation": 180, "texture": "#4"},
				"south": {"uv": [4, 3, 5, 11], "rotation": 180, "texture": "#4"},
				"west": {"uv": [11, 10, 12, 14], "rotation": 180, "texture": "#4"},
				"up": {"uv": [0, 0, 0.01563, 0.125], "rotation": 270, "texture": "#missing"},
				"down": {"uv": [8, 10, 9, 13], "rotation": 90, "texture": "#4"}
			}
		},
		{
			"from": [1.14546, 3.85451, 7.51829],
			"to": [1.52046, 6.85451, 7.76829],
			"rotation": {"angle": 0, "axis": "x", "origin": [4.39673, 6.27236, 6.61694]},
			"faces": {
				"north": {"uv": [0, 0, 0.09375, 0.75], "rotation": 180, "texture": "#missing"},
				"east": {"uv": [13, 5, 14, 13], "rotation": 180, "texture": "#4"},
				"south": {"uv": [4, 3, 5, 11], "rotation": 180, "texture": "#4"},
				"west": {"uv": [13, 5, 14, 13], "rotation": 180, "texture": "#4"},
				"up": {"uv": [0, 0, 0.0625, 0.09375], "rotation": 270, "texture": "#missing"},
				"down": {"uv": [8, 10, 9, 13], "rotation": 90, "texture": "#4"}
			}
		},
		{
			"from": [1.14546, 0.85451, 7.39329],
			"to": [1.52046, 3.85451, 7.64329],
			"rotation": {"angle": 0, "axis": "x", "origin": [4.39673, 6.27236, 6.61694]},
			"faces": {
				"north": {"uv": [0, 0, 0.09375, 0.75], "rotation": 180, "texture": "#missing"},
				"east": {"uv": [4, 3, 5, 11], "rotation": 180, "texture": "#4"},
				"south": {"uv": [4, 3, 5, 11], "rotation": 180, "texture": "#4"},
				"west": {"uv": [4, 3, 5, 11], "rotation": 180, "texture": "#4"},
				"up": {"uv": [0, 0, 0.0625, 0.09375], "rotation": 270, "texture": "#missing"},
				"down": {"uv": [8, 10, 9, 13], "rotation": 90, "texture": "#4"}
			}
		},
		{
			"from": [1.14546, -0.64549, 7.26829],
			"to": [1.52046, 0.85451, 7.51829],
			"rotation": {"angle": 0, "axis": "x", "origin": [4.39673, 6.27236, 6.61694]},
			"faces": {
				"north": {"uv": [0, 0, 0.09375, 0.375], "rotation": 180, "texture": "#missing"},
				"east": {"uv": [7, 9, 9, 15], "rotation": 180, "texture": "#4"},
				"south": {"uv": [4, 3, 5, 11], "rotation": 180, "texture": "#4"},
				"west": {"uv": [7, 9, 9, 15], "rotation": 180, "texture": "#4"},
				"up": {"uv": [0, 0, 0.0625, 0.09375], "rotation": 270, "texture": "#missing"},
				"down": {"uv": [8, 10, 9, 13], "rotation": 90, "texture": "#4"}
			}
		},
		{
			"from": [1.14546, -2.14549, 7.08079],
			"to": [1.52046, -0.64549, 7.33079],
			"rotation": {"angle": 0, "axis": "x", "origin": [4.39673, 6.27236, 6.61694]},
			"faces": {
				"north": {"uv": [0, 0, 0.09375, 0.375], "rotation": 180, "texture": "#missing"},
				"east": {"uv": [11, 4, 13, 10], "rotation": 180, "texture": "#4"},
				"south": {"uv": [4, 3, 5, 11], "rotation": 180, "texture": "#4"},
				"west": {"uv": [11, 4, 13, 10], "rotation": 180, "texture": "#4"},
				"up": {"uv": [0, 0, 0.0625, 0.09375], "rotation": 270, "texture": "#missing"},
				"down": {"uv": [8, 10, 9, 13], "rotation": 90, "texture": "#4"}
			}
		},
		{
			"from": [1.14546, -3.14549, 6.89329],
			"to": [1.52046, -2.14549, 7.14329],
			"rotation": {"angle": 0, "axis": "x", "origin": [4.39673, 6.27236, 6.61694]},
			"faces": {
				"north": {"uv": [0, 0, 0.09375, 0.25], "rotation": 180, "texture": "#missing"},
				"east": {"uv": [6, 10, 8, 14], "rotation": 180, "texture": "#4"},
				"south": {"uv": [4, 3, 5, 11], "rotation": 180, "texture": "#4"},
				"west": {"uv": [6, 10, 8, 14], "rotation": 180, "texture": "#4"},
				"up": {"uv": [0, 0, 0.0625, 0.09375], "rotation": 270, "texture": "#missing"},
				"down": {"uv": [8, 10, 9, 13], "rotation": 90, "texture": "#4"}
			}
		},
		{
			"from": [1.14546, -3.64549, 6.76829],
			"to": [1.52046, -3.14549, 7.01829],
			"rotation": {"angle": 0, "axis": "x", "origin": [4.39673, 6.27236, 6.61694]},
			"faces": {
				"north": {"uv": [0, 0, 0.09375, 0.125], "rotation": 180, "texture": "#missing"},
				"east": {"uv": [9, 8, 11, 12], "rotation": 180, "texture": "#4"},
				"south": {"uv": [4, 3, 5, 11], "rotation": 180, "texture": "#4"},
				"west": {"uv": [9, 8, 11, 12], "rotation": 180, "texture": "#4"},
				"up": {"uv": [0, 0, 0.0625, 0.09375], "rotation": 270, "texture": "#missing"},
				"down": {"uv": [8, 10, 9, 13], "rotation": 90, "texture": "#4"}
			}
		},
		{
			"from": [1.14546, -4.14549, 6.70579],
			"to": [1.52046, -3.64549, 6.95579],
			"rotation": {"angle": 0, "axis": "x", "origin": [4.39673, 6.27236, 6.61694]},
			"faces": {
				"north": {"uv": [6, 13, 8, 15], "rotation": 180, "texture": "#4"},
				"east": {"uv": [8, 6, 10, 10], "rotation": 180, "texture": "#4"},
				"south": {"uv": [4, 3, 5, 11], "rotation": 180, "texture": "#4"},
				"west": {"uv": [8, 6, 10, 10], "rotation": 180, "texture": "#4"},
				"up": {"uv": [0, 0, 0.0625, 0.09375], "rotation": 270, "texture": "#missing"},
				"down": {"uv": [8, 10, 9, 13], "rotation": 90, "texture": "#4"}
			}
		},
		{
			"from": [1.14546, -4.64549, 6.70579],
			"to": [1.52046, -4.14549, 6.83079],
			"rotation": {"angle": 0, "axis": "x", "origin": [4.39673, 6.27236, 6.61694]},
			"faces": {
				"north": {"uv": [5, 11, 7, 13], "rotation": 180, "texture": "#4"},
				"east": {"uv": [4, 5, 5, 9], "rotation": 180, "texture": "#4"},
				"south": {"uv": [4, 3, 5, 11], "rotation": 180, "texture": "#4"},
				"west": {"uv": [4, 5, 5, 9], "rotation": 180, "texture": "#4"},
				"up": {"uv": [0, 0, 0.03125, 0.09375], "rotation": 270, "texture": "#missing"},
				"down": {"uv": [8, 10, 9, 13], "rotation": 90, "texture": "#4"}
			}
		},
		{
			"from": [1.20796, 3.85451, 7.76829],
			"to": [1.45796, 6.85451, 8.01829],
			"rotation": {"angle": 0, "axis": "x", "origin": [4.39673, 6.27236, 6.61694]},
			"faces": {
				"north": {"uv": [0, 0, 0.0625, 0.75], "rotation": 180, "texture": "#missing"},
				"east": {"uv": [13, 5, 13.0625, 5.75], "rotation": 180, "texture": "#4"},
				"south": {"uv": [4, 3, 4.0625, 3.75], "rotation": 180, "texture": "#4"},
				"west": {"uv": [13, 5, 13.0625, 5.75], "rotation": 180, "texture": "#4"},
				"up": {"uv": [0, 0, 0.0625, 0.0625], "rotation": 270, "texture": "#missing"},
				"down": {"uv": [8, 10, 8.0625, 10.0625], "rotation": 90, "texture": "#4"}
			}
		},
		{
			"from": [1.20796, 0.85451, 7.64329],
			"to": [1.45796, 3.85451, 7.89329],
			"rotation": {"angle": 0, "axis": "x", "origin": [4.39673, 6.27236, 6.61694]},
			"faces": {
				"north": {"uv": [0, 0, 0.0625, 0.75], "rotation": 180, "texture": "#missing"},
				"east": {"uv": [4, 3, 4.0625, 3.75], "rotation": 180, "texture": "#4"},
				"south": {"uv": [4, 3, 4.0625, 3.75], "rotation": 180, "texture": "#4"},
				"west": {"uv": [4, 3, 4.0625, 3.75], "rotation": 180, "texture": "#4"},
				"up": {"uv": [0, 0, 0.0625, 0.0625], "rotation": 270, "texture": "#missing"},
				"down": {"uv": [8, 10, 8.0625, 10.0625], "rotation": 90, "texture": "#4"}
			}
		},
		{
			"from": [1.20796, -0.64549, 7.51829],
			"to": [1.45796, 0.85451, 7.76829],
			"rotation": {"angle": 0, "axis": "x", "origin": [4.39673, 6.27236, 6.61694]},
			"faces": {
				"north": {"uv": [0, 0, 0.0625, 0.375], "rotation": 180, "texture": "#missing"},
				"east": {"uv": [7, 9, 7.0625, 9.375], "rotation": 180, "texture": "#4"},
				"south": {"uv": [4, 3, 4.0625, 3.375], "rotation": 180, "texture": "#4"},
				"west": {"uv": [7, 9, 7.0625, 9.375], "rotation": 180, "texture": "#4"},
				"up": {"uv": [0, 0, 0.0625, 0.0625], "rotation": 270, "texture": "#missing"},
				"down": {"uv": [8, 10, 8.0625, 10.0625], "rotation": 90, "texture": "#4"}
			}
		},
		{
			"from": [1.20796, -2.14549, 7.33079],
			"to": [1.45796, -0.64549, 7.58079],
			"rotation": {"angle": 0, "axis": "x", "origin": [4.39673, 6.27236, 6.61694]},
			"faces": {
				"north": {"uv": [0, 0, 0.0625, 0.375], "rotation": 180, "texture": "#missing"},
				"east": {"uv": [11, 4, 11.0625, 4.375], "rotation": 180, "texture": "#4"},
				"south": {"uv": [4, 3, 4.0625, 3.375], "rotation": 180, "texture": "#4"},
				"west": {"uv": [11, 4, 11.0625, 4.375], "rotation": 180, "texture": "#4"},
				"up": {"uv": [0, 0, 0.0625, 0.0625], "rotation": 270, "texture": "#missing"},
				"down": {"uv": [8, 10, 8.0625, 10.0625], "rotation": 90, "texture": "#4"}
			}
		},
		{
			"from": [1.20796, -3.14549, 7.14329],
			"to": [1.45796, -2.14549, 7.39329],
			"rotation": {"angle": 0, "axis": "x", "origin": [4.39673, 6.27236, 6.61694]},
			"faces": {
				"north": {"uv": [0, 0, 0.0625, 0.25], "rotation": 180, "texture": "#missing"},
				"east": {"uv": [6, 10, 6.0625, 10.25], "rotation": 180, "texture": "#4"},
				"south": {"uv": [4, 3, 4.0625, 3.25], "rotation": 180, "texture": "#4"},
				"west": {"uv": [6, 10, 6.0625, 10.25], "rotation": 180, "texture": "#4"},
				"up": {"uv": [0, 0, 0.0625, 0.0625], "rotation": 270, "texture": "#missing"},
				"down": {"uv": [8, 10, 8.0625, 10.0625], "rotation": 90, "texture": "#4"}
			}
		},
		{
			"from": [1.20796, -3.64549, 7.01829],
			"to": [1.45796, -3.14549, 7.26829],
			"rotation": {"angle": 0, "axis": "x", "origin": [4.39673, 6.27236, 6.61694]},
			"faces": {
				"north": {"uv": [0, 0, 0.0625, 0.125], "rotation": 180, "texture": "#missing"},
				"east": {"uv": [9, 8, 11, 12], "rotation": 180, "texture": "#4"},
				"south": {"uv": [4, 3, 5, 11], "rotation": 180, "texture": "#4"},
				"west": {"uv": [9, 8, 11, 12], "rotation": 180, "texture": "#4"},
				"up": {"uv": [0, 0, 0.0625, 0.0625], "rotation": 270, "texture": "#missing"},
				"down": {"uv": [8, 10, 9, 13], "rotation": 90, "texture": "#4"}
			}
		},
		{
			"from": [1.20796, -4.14549, 6.95579],
			"to": [1.45796, -3.64549, 7.20579],
			"rotation": {"angle": 0, "axis": "x", "origin": [4.39673, 6.27236, 6.61694]},
			"faces": {
				"north": {"uv": [0, 0, 0.0625, 0.125], "rotation": 180, "texture": "#missing"},
				"east": {"uv": [5, 4, 7, 8], "rotation": 180, "texture": "#4"},
				"south": {"uv": [4, 3, 5, 11], "rotation": 180, "texture": "#4"},
				"west": {"uv": [5, 4, 7, 8], "rotation": 180, "texture": "#4"},
				"up": {"uv": [0, 0, 0.0625, 0.0625], "rotation": 270, "texture": "#missing"},
				"down": {"uv": [8, 10, 9, 13], "rotation": 90, "texture": "#4"}
			}
		},
		{
			"from": [1.20796, -4.64549, 6.83079],
			"to": [1.45796, -4.14549, 7.01829],
			"rotation": {"angle": 0, "axis": "x", "origin": [4.39673, 6.27236, 6.61694]},
			"faces": {
				"north": {"uv": [0, 0, 0.0625, 0.125], "rotation": 180, "texture": "#missing"},
				"east": {"uv": [14, 6, 15, 10], "rotation": 180, "texture": "#4"},
				"south": {"uv": [4, 3, 5, 11], "rotation": 180, "texture": "#4"},
				"west": {"uv": [14, 6, 15, 10], "rotation": 180, "texture": "#4"},
				"up": {"uv": [0, 0, 0.0625, 0.0625], "rotation": 270, "texture": "#missing"},
				"down": {"uv": [0, 0, 0.0625, 0.0625], "rotation": 90, "texture": "#missing"}
			}
		},
		{
			"from": [1.20796, -4.89549, 6.83079],
			"to": [1.45796, -4.64549, 7.08079],
			"rotation": {"angle": 0, "axis": "x", "origin": [4.39673, 6.27236, 6.61694]},
			"faces": {
				"north": {"uv": [4, 9, 5, 10], "rotation": 180, "texture": "#4"},
				"east": {"uv": [4, 9, 5, 10], "rotation": 180, "texture": "#4"},
				"south": {"uv": [4, 9, 5, 10], "rotation": 180, "texture": "#4"},
				"west": {"uv": [4, 9, 5, 10], "rotation": 180, "texture": "#4"},
				"up": {"uv": [4, 9, 5, 10], "rotation": 270, "texture": "#4"},
				"down": {"uv": [4, 9, 5, 10], "rotation": 90, "texture": "#4"}
			}
		},
		{
			"name": "Left Arm",
			"from": [9.95953, 12, 1.54264],
			"to": [13.95953, 24, 5.54264],
			"rotation": {"angle": -45, "axis": "y", "origin": [11.95953, 9.58958, 3.40931]},
			"faces": {
				"north": {"uv": [10, 13, 11, 16], "texture": "#3"},
				"east": {"uv": [9, 13, 10, 16], "texture": "#3"},
				"south": {"uv": [8, 13, 9, 16], "texture": "#3"},
				"west": {"uv": [11, 13, 12, 16], "texture": "#3"},
				"up": {"uv": [10, 13, 9, 12], "rotation": 90, "texture": "#3"},
				"down": {"uv": [11, 12, 10, 13], "rotation": 270, "texture": "#3"}
			}
		},
		{
			"name": "Left Arm",
			"from": [9.89703, 11.9375, 1.48014],
			"to": [14.02203, 13, 5.60514],
			"rotation": {"angle": -45, "axis": "y", "origin": [11.95953, 9.58958, 3.40931]},
			"faces": {
				"north": {"uv": [14, 5, 13, 6], "texture": "#4"},
				"east": {"uv": [14, 5, 13, 6], "texture": "#4"},
				"south": {"uv": [14, 5, 13, 6], "texture": "#4"},
				"west": {"uv": [14, 5, 13, 6], "texture": "#4"},
				"up": {"uv": [14, 5, 13, 6], "rotation": 90, "texture": "#4"},
				"down": {"uv": [14, 5, 13, 6], "rotation": 270, "texture": "#4"}
			}
		},
		{
			"name": "Left Arm",
			"from": [11.45953, 11, 3.04264],
			"to": [12.45953, 12, 4.04264],
			"rotation": {"angle": -45, "axis": "y", "origin": [11.95953, 9.58958, 3.40931]},
			"faces": {
				"north": {"uv": [16, 2, 15, 3], "texture": "#4"},
				"east": {"uv": [16, 2, 15, 3], "texture": "#4"},
				"south": {"uv": [16, 2, 15, 3], "texture": "#4"},
				"west": {"uv": [16, 2, 15, 3], "texture": "#4"},
				"up": {"uv": [16, 2, 15, 3], "rotation": 90, "texture": "#4"},
				"down": {"uv": [16, 2, 15, 3], "rotation": 270, "texture": "#4"}
			}
		},
		{
			"name": "Left Arm",
			"from": [11.70953, 6.625, 3.29264],
			"to": [12.20953, 7.125, 3.79264],
			"rotation": {"angle": -45, "axis": "y", "origin": [11.95953, 9.58958, 3.40931]},
			"faces": {
				"north": {"uv": [16, 2, 15, 3], "texture": "#4"},
				"east": {"uv": [16, 2, 15, 3], "texture": "#4"},
				"south": {"uv": [16, 2, 15, 3], "texture": "#4"},
				"west": {"uv": [16, 2, 15, 3], "texture": "#4"},
				"up": {"uv": [16, 2, 15, 3], "rotation": 90, "texture": "#4"},
				"down": {"uv": [16, 2, 15, 3], "rotation": 270, "texture": "#4"}
			}
		},
		{
			"name": "Left Arm",
			"from": [11.70953, 7, 2.79264],
			"to": [12.20953, 7.5, 3.29264],
			"rotation": {"angle": -45, "axis": "y", "origin": [11.95953, 9.58958, 3.40931]},
			"faces": {
				"north": {"uv": [16, 2, 15, 3], "texture": "#4"},
				"east": {"uv": [16, 2, 15, 3], "texture": "#4"},
				"south": {"uv": [16, 2, 15, 3], "texture": "#4"},
				"west": {"uv": [16, 2, 15, 3], "texture": "#4"},
				"up": {"uv": [16, 2, 15, 3], "rotation": 90, "texture": "#4"},
				"down": {"uv": [16, 2, 15, 3], "rotation": 270, "texture": "#4"}
			}
		},
		{
			"name": "Left Arm",
			"from": [11.70953, 7.375, 2.29264],
			"to": [12.20953, 7.875, 2.79264],
			"rotation": {"angle": -45, "axis": "y", "origin": [11.95953, 9.58958, 3.40931]},
			"faces": {
				"north": {"uv": [16, 2, 15, 3], "texture": "#4"},
				"east": {"uv": [16, 2, 15, 3], "texture": "#4"},
				"south": {"uv": [16, 2, 15, 3], "texture": "#4"},
				"west": {"uv": [16, 2, 15, 3], "texture": "#4"},
				"up": {"uv": [16, 2, 15, 3], "rotation": 90, "texture": "#4"},
				"down": {"uv": [16, 2, 15, 3], "rotation": 270, "texture": "#4"}
			}
		},
		{
			"name": "Left Arm",
			"from": [11.70953, 7.875, 1.91764],
			"to": [12.20953, 8.625, 2.41764],
			"rotation": {"angle": -45, "axis": "y", "origin": [11.95953, 9.58958, 3.40931]},
			"faces": {
				"north": {"uv": [16, 2, 15, 3], "texture": "#4"},
				"east": {"uv": [16, 2, 15, 3], "texture": "#4"},
				"south": {"uv": [16, 2, 15, 3], "texture": "#4"},
				"west": {"uv": [16, 2, 15, 3], "texture": "#4"},
				"up": {"uv": [16, 2, 15, 3], "rotation": 90, "texture": "#4"},
				"down": {"uv": [16, 2, 15, 3], "rotation": 270, "texture": "#4"}
			}
		},
		{
			"name": "Left Arm",
			"from": [11.70953, 8.625, 2.29264],
			"to": [12.20953, 9.125, 2.79264],
			"rotation": {"angle": -45, "axis": "y", "origin": [11.95953, 9.58958, 3.40931]},
			"faces": {
				"north": {"uv": [16, 2, 15, 3], "texture": "#4"},
				"east": {"uv": [16, 2, 15, 3], "texture": "#4"},
				"south": {"uv": [16, 2, 15, 3], "texture": "#4"},
				"west": {"uv": [16, 2, 15, 3], "texture": "#4"},
				"up": {"uv": [16, 2, 15, 3], "rotation": 90, "texture": "#4"},
				"down": {"uv": [16, 2, 15, 3], "rotation": 270, "texture": "#4"}
			}
		},
		{
			"name": "Left Arm",
			"from": [11.70953, 9.125, 2.79264],
			"to": [12.20953, 9.625, 3.29264],
			"rotation": {"angle": -45, "axis": "y", "origin": [11.95953, 9.58958, 3.40931]},
			"faces": {
				"north": {"uv": [16, 2, 15, 3], "texture": "#4"},
				"east": {"uv": [16, 2, 15, 3], "texture": "#4"},
				"south": {"uv": [16, 2, 15, 3], "texture": "#4"},
				"west": {"uv": [16, 2, 15, 3], "texture": "#4"},
				"up": {"uv": [16, 2, 15, 3], "rotation": 90, "texture": "#4"},
				"down": {"uv": [16, 2, 15, 3], "rotation": 270, "texture": "#4"}
			}
		},
		{
			"name": "Left Arm",
			"from": [11.70953, 9.5, 3.29264],
			"to": [12.20953, 10, 3.79264],
			"rotation": {"angle": -45, "axis": "y", "origin": [11.95953, 9.58958, 3.40931]},
			"faces": {
				"north": {"uv": [16, 2, 15, 3], "texture": "#4"},
				"east": {"uv": [16, 2, 15, 3], "texture": "#4"},
				"south": {"uv": [16, 2, 15, 3], "texture": "#4"},
				"west": {"uv": [16, 2, 15, 3], "texture": "#4"},
				"up": {"uv": [16, 2, 15, 3], "rotation": 90, "texture": "#4"},
				"down": {"uv": [16, 2, 15, 3], "rotation": 270, "texture": "#4"}
			}
		},
		{
			"name": "Left Arm",
			"from": [11.70953, 10.5, 3.29264],
			"to": [12.20953, 11, 3.79264],
			"rotation": {"angle": -45, "axis": "y", "origin": [11.95953, 9.58958, 3.40931]},
			"faces": {
				"north": {"uv": [16, 2, 15, 3], "texture": "#4"},
				"east": {"uv": [16, 2, 15, 3], "texture": "#4"},
				"south": {"uv": [16, 2, 15, 3], "texture": "#4"},
				"west": {"uv": [16, 2, 15, 3], "texture": "#4"},
				"up": {"uv": [16, 2, 15, 3], "rotation": 90, "texture": "#4"},
				"down": {"uv": [16, 2, 15, 3], "rotation": 270, "texture": "#4"}
			}
		},
		{
			"name": "Left Arm",
			"from": [11.70953, 10, 3.29264],
			"to": [12.20953, 10.5, 3.79264],
			"rotation": {"angle": -45, "axis": "y", "origin": [11.95953, 9.58958, 3.40931]},
			"faces": {
				"north": {"uv": [16, 2, 15, 3], "texture": "#4"},
				"east": {"uv": [16, 2, 15, 3], "texture": "#4"},
				"south": {"uv": [16, 2, 15, 3], "texture": "#4"},
				"west": {"uv": [16, 2, 15, 3], "texture": "#4"},
				"up": {"uv": [16, 2, 15, 3], "rotation": 90, "texture": "#4"},
				"down": {"uv": [16, 2, 15, 3], "rotation": 270, "texture": "#4"}
			}
		},
		{
			"name": "Left Arm",
			"from": [11.70953, 7, 3.79264],
			"to": [12.20953, 7.5, 4.29264],
			"rotation": {"angle": -45, "axis": "y", "origin": [11.95953, 9.58958, 3.40931]},
			"faces": {
				"north": {"uv": [16, 2, 15, 3], "texture": "#4"},
				"east": {"uv": [16, 2, 15, 3], "texture": "#4"},
				"south": {"uv": [16, 2, 15, 3], "texture": "#4"},
				"west": {"uv": [16, 2, 15, 3], "texture": "#4"},
				"up": {"uv": [16, 2, 15, 3], "rotation": 90, "texture": "#4"},
				"down": {"uv": [16, 2, 15, 3], "rotation": 270, "texture": "#4"}
			}
		},
		{
			"name": "Left Arm",
			"from": [11.70953, 7.375, 4.29264],
			"to": [12.20953, 7.875, 4.79264],
			"rotation": {"angle": -45, "axis": "y", "origin": [11.95953, 9.58958, 3.40931]},
			"faces": {
				"north": {"uv": [16, 2, 15, 3], "texture": "#4"},
				"east": {"uv": [16, 2, 15, 3], "texture": "#4"},
				"south": {"uv": [16, 2, 15, 3], "texture": "#4"},
				"west": {"uv": [16, 2, 15, 3], "texture": "#4"},
				"up": {"uv": [16, 2, 15, 3], "rotation": 90, "texture": "#4"},
				"down": {"uv": [16, 2, 15, 3], "rotation": 270, "texture": "#4"}
			}
		},
		{
			"name": "Left Arm",
			"from": [11.83453, 7.875, 4.29264],
			"to": [12.08453, 8.125, 4.54264],
			"rotation": {"angle": -45, "axis": "y", "origin": [11.95953, 9.58958, 3.40931]},
			"faces": {
				"north": {"uv": [16, 2, 15, 3], "texture": "#4"},
				"east": {"uv": [16, 2, 15, 3], "texture": "#4"},
				"south": {"uv": [16, 2, 15, 3], "texture": "#4"},
				"west": {"uv": [16, 2, 15, 3], "texture": "#4"},
				"up": {"uv": [16, 2, 15, 3], "rotation": 90, "texture": "#4"},
				"down": {"uv": [16, 2, 15, 3], "rotation": 270, "texture": "#4"}
			}
		},
		{
			"name": "Right Leg",
			"from": [4.80111, 0.03372, 4.18271],
			"to": [8.80111, 12.03372, 8.18271],
			"rotation": {"angle": -45, "axis": "y", "origin": [2.89673, 6.33486, 7.11694]},
			"faces": {
				"north": {"uv": [2, 5, 3, 8], "texture": "#3"},
				"east": {"uv": [1, 5, 2, 8], "texture": "#3"},
				"south": {"uv": [0, 5, 1, 8], "texture": "#3"},
				"west": {"uv": [3, 5, 4, 8], "texture": "#3"},
				"up": {"uv": [2, 5, 1, 4], "rotation": 90, "texture": "#3"},
				"down": {"uv": [3, 4, 2, 5], "rotation": 270, "texture": "#3"}
			}
		},
		{
			"name": "Left Leg",
			"from": [5.26367, 0, -1.05479],
			"to": [9.26367, 12, 2.94521],
			"rotation": {"angle": -45, "axis": "y", "origin": [1.64673, 9.02236, 5.86694]},
			"faces": {
				"north": {"uv": [6, 13, 7, 16], "texture": "#3"},
				"east": {"uv": [5, 13, 6, 16], "texture": "#3"},
				"south": {"uv": [4, 13, 5, 16], "texture": "#3"},
				"west": {"uv": [7, 13, 8, 16], "texture": "#3"},
				"up": {"uv": [6, 13, 5, 12], "rotation": 90, "texture": "#3"},
				"down": {"uv": [7, 12, 6, 13], "rotation": 270, "texture": "#3"}
			}
		}
	],
	"display": {
		"thirdperson_righthand": {
			"rotation": [3, -180, 0],
			"translation": [0, 1, 1.5],
			"scale": [0.2, 0.2, 0.2]
		},
		"thirdperson_lefthand": {
			"scale": [0, 0, 0]
		},
		"firstperson_righthand": {
			"rotation": [0, 140, -2],
			"translation": [1.25, 0, 0],
			"scale": [0.3, 0.3, 0.3]
		},
		"firstperson_lefthand": {
			"scale": [0, 0, 0]
		},
		"ground": {
			"translation": [0, -1.25, 0],
			"scale": [0.15, 0.15, 0.15]
		},
		"gui": {
			"rotation": [-6, -156, 0],
			"translation": [0, -3.75, 0],
			"scale": [0.45, 0.45, 0.45]
		},
		"head": {
			"translation": [0, -30.25, 0],
			"scale": [1.6, 1.6, 1.6]
		}
	},
	"groups": [
		{
			"name": "root",
			"origin": [0, 0, 0],
			"children": [
				{
					"name": "Head",
					"origin": [0, 24, 0],
					"children": [0]
				},
				{
					"name": "Body",
					"origin": [0, 24, 0],
					"children": [1]
				},
				{
					"name": "RightArm",
					"origin": [6.25, 18, 0],
					"children": [2,
						{
							"name": "cutlass",
							"origin": [8, 8, 8],
							"children": [3, 4, 5, 6, 7, 8, 9, 10, 11, 12, 13, 14, 15, 16, 17, 18, 19, 20, 21, 22, 23, 24, 25, 26, 27, 28, 29, 30, 31, 32, 33, 34, 35, 36, 37, 38, 39, 40, 41, 42, 43, 44, 45, 46, 47, 48, 49]
						}
					]
				},
				{
					"name": "LeftArm",
					"origin": [-6.25, 18, 0],
					"children": [50,
						{
							"name": "group",
							"origin": [10.5, -17, 9.5],
							"children": [51, 52, 53, 54, 55, 56, 57, 58, 59, 60, 61, 62, 63, 64]
						}
					]
				},
				{
					"name": "RightLeg",
					"origin": [1.9, 6, 0],
					"children": [65]
				},
				{
					"name": "LeftLeg",
					"origin": [-1.9, 6, 0],
					"children": [66]
				}
			]
		}
	]
}