{
	"credit": "Made with Blockbench",
	"texture_size": [64, 64],
	"textures": {
		"3": "block/pirate-angry",
		"4": "block/blast_furnace_top",
		"6": "block/dark_oak_log",
		"8": "block/polished_blackstone",
		"particle": "block/pirate"
	},
	"elements": [
		{
			"name": "Head",
			"from": [3.84172, 24, 4.08429],
			"to": [11.84172, 32, 12.08429],
			"rotation": {"angle": 0, "axis": "y", "origin": [7.84172, 28, 8.08429]},
			"faces": {
				"north": {"uv": [2, 2, 4, 4], "texture": "#3"},
				"east": {"uv": [0, 2, 2, 4], "texture": "#3"},
				"south": {"uv": [6, 2, 8, 4], "texture": "#3"},
				"west": {"uv": [4, 2, 6, 4], "texture": "#3"},
				"up": {"uv": [4, 2, 2, 0], "texture": "#3"},
				"down": {"uv": [6, 0, 4, 2], "texture": "#3"}
			}
		},
		{
			"name": "Body",
			"from": [7.5, 12, 9],
			"to": [15.5, 24, 13],
			"rotation": {"angle": -22.5, "axis": "y", "origin": [17, 14.68373, 0.34644]},
			"faces": {
				"north": {"uv": [5, 5, 7, 8], "texture": "#3"},
				"east": {"uv": [4, 5, 5, 8], "texture": "#3"},
				"south": {"uv": [8, 5, 10, 8], "texture": "#3"},
				"west": {"uv": [7, 5, 8, 8], "texture": "#3"},
				"up": {"uv": [7, 5, 5, 4], "texture": "#3"},
				"down": {"uv": [9, 4, 7, 5], "texture": "#3"}
			}
		},
		{
			"name": "Right Arm",
			"from": [15.5, 12.04815, 8.96476],
			"to": [19.5, 24.04815, 12.96476],
			"rotation": {"angle": -22.5, "axis": "y", "origin": [17, 14.68373, 0.34644]},
			"faces": {
				"north": {"uv": [11, 5, 12, 8], "texture": "#3"},
				"east": {"uv": [10, 5, 11, 8], "texture": "#3"},
				"south": {"uv": [13, 5, 14, 8], "texture": "#3"},
				"west": {"uv": [12, 5, 13, 8], "texture": "#3"},
				"up": {"uv": [12, 5, 11, 4], "texture": "#3"},
				"down": {"uv": [13, 4, 12, 5], "texture": "#3"}
			}
		},
		{
			"from": [17.20878, 14.79416, 8.29455],
			"to": [17.70878, 15.29416, 11.29455],
			"rotation": {"angle": -22.5, "axis": "y", "origin": [17, 14.68373, 0.34644]},
			"faces": {
				"north": {"uv": [11, 4, 12, 10], "rotation": 270, "texture": "#6"},
				"east": {"uv": [11, 4, 12, 10], "rotation": 90, "texture": "#6"},
				"south": {"uv": [11, 4, 12, 10], "rotation": 270, "texture": "#6"},
				"west": {"uv": [11, 4, 12, 10], "rotation": 270, "texture": "#6"},
				"up": {"uv": [11, 4, 12, 10], "texture": "#6"},
				"down": {"uv": [11, 4, 12, 10], "rotation": 180, "texture": "#6"}
			}
		},
		{
			"from": [17.20878, 14.29416, 10.79455],
			"to": [17.70878, 14.79416, 11.29455],
			"rotation": {"angle": -22.5, "axis": "y", "origin": [17, 14.68373, 0.34644]},
			"faces": {
				"north": {"uv": [15, 15, 16, 16], "rotation": 270, "texture": "#6"},
				"east": {"uv": [15, 15, 16, 16], "rotation": 90, "texture": "#6"},
				"south": {"uv": [15, 15, 16, 16], "rotation": 270, "texture": "#6"},
				"west": {"uv": [15, 15, 16, 16], "rotation": 270, "texture": "#6"},
				"up": {"uv": [15, 15, 16, 16], "texture": "#6"},
				"down": {"uv": [15, 15, 16, 16], "rotation": 180, "texture": "#6"}
			}
		},
		{
			"from": [17.20878, 14.29416, 8.29455],
			"to": [17.70878, 14.79416, 8.79455],
			"rotation": {"angle": -22.5, "axis": "y", "origin": [17, 14.68373, 0.34644]},
			"faces": {
				"north": {"uv": [15, 15, 16, 16], "rotation": 270, "texture": "#6"},
				"east": {"uv": [15, 15, 16, 16], "rotation": 90, "texture": "#6"},
				"south": {"uv": [15, 15, 16, 16], "rotation": 270, "texture": "#6"},
				"west": {"uv": [15, 15, 16, 16], "rotation": 270, "texture": "#6"},
				"up": {"uv": [15, 15, 16, 16], "texture": "#6"},
				"down": {"uv": [15, 15, 16, 16], "rotation": 180, "texture": "#6"}
			}
		},
		{
			"from": [17.20878, 13.79416, 8.29455],
			"to": [17.70878, 14.29416, 8.79455],
			"rotation": {"angle": -22.5, "axis": "y", "origin": [17, 14.68373, 0.34644]},
			"faces": {
				"north": {"uv": [14, 14, 15, 15], "rotation": 270, "texture": "#6"},
				"east": {"uv": [14, 14, 15, 15], "rotation": 90, "texture": "#6"},
				"south": {"uv": [14, 14, 15, 15], "rotation": 270, "texture": "#6"},
				"west": {"uv": [14, 14, 15, 15], "rotation": 270, "texture": "#6"},
				"up": {"uv": [14, 14, 15, 15], "texture": "#6"},
				"down": {"uv": [14, 14, 15, 15], "rotation": 180, "texture": "#6"}
			}
		},
		{
			"from": [17.20878, 13.79416, 10.79455],
			"to": [17.70878, 14.29416, 11.29455],
			"rotation": {"angle": -22.5, "axis": "y", "origin": [17, 14.68373, 0.34644]},
			"faces": {
				"north": {"uv": [14, 14, 15, 15], "rotation": 270, "texture": "#6"},
				"east": {"uv": [14, 14, 15, 15], "rotation": 90, "texture": "#6"},
				"south": {"uv": [14, 14, 15, 15], "rotation": 270, "texture": "#6"},
				"west": {"uv": [14, 14, 15, 15], "rotation": 270, "texture": "#6"},
				"up": {"uv": [14, 14, 15, 15], "texture": "#6"},
				"down": {"uv": [14, 14, 15, 15], "rotation": 180, "texture": "#6"}
			}
		},
		{
			"from": [17.20878, 13.29416, 10.29455],
			"to": [17.70878, 13.79416, 10.79455],
			"rotation": {"angle": -22.5, "axis": "y", "origin": [17, 14.68373, 0.34644]},
			"faces": {
				"north": {"uv": [14, 7, 15, 8], "rotation": 270, "texture": "#6"},
				"east": {"uv": [14, 7, 15, 8], "rotation": 90, "texture": "#6"},
				"south": {"uv": [14, 7, 15, 8], "rotation": 270, "texture": "#6"},
				"west": {"uv": [14, 7, 15, 8], "rotation": 270, "texture": "#6"},
				"up": {"uv": [14, 7, 15, 8], "texture": "#6"},
				"down": {"uv": [14, 7, 15, 8], "rotation": 180, "texture": "#6"}
			}
		},
		{
			"from": [17.20878, 13.29416, 8.79455],
			"to": [17.70878, 13.79416, 9.29455],
			"rotation": {"angle": -22.5, "axis": "y", "origin": [17, 14.68373, 0.34644]},
			"faces": {
				"north": {"uv": [14, 7, 15, 8], "rotation": 270, "texture": "#6"},
				"east": {"uv": [14, 7, 15, 8], "rotation": 90, "texture": "#6"},
				"south": {"uv": [14, 7, 15, 8], "rotation": 270, "texture": "#6"},
				"west": {"uv": [14, 7, 15, 8], "rotation": 270, "texture": "#6"},
				"up": {"uv": [14, 7, 15, 8], "texture": "#6"},
				"down": {"uv": [14, 7, 15, 8], "rotation": 180, "texture": "#6"}
			}
		},
		{
			"from": [17.08378, 14.66916, 11.29455],
			"to": [17.83378, 15.41916, 12.04455],
			"rotation": {"angle": -22.5, "axis": "y", "origin": [17, 14.68373, 0.34644]},
			"faces": {
				"north": {"uv": [11, 11, 13, 13], "rotation": 270, "texture": "#6"},
				"east": {"uv": [11, 11, 13, 13], "rotation": 90, "texture": "#6"},
				"south": {"uv": [11, 11, 13, 13], "rotation": 270, "texture": "#6"},
				"west": {"uv": [11, 11, 13, 13], "rotation": 270, "texture": "#6"},
				"up": {"uv": [11, 11, 13, 13], "texture": "#6"},
				"down": {"uv": [11, 11, 13, 13], "rotation": 180, "texture": "#6"}
			}
		},
		{
			"from": [17.20878, 14.79416, 12.04455],
			"to": [17.70878, 15.29416, 12.29455],
			"rotation": {"angle": -22.5, "axis": "y", "origin": [17, 14.68373, 0.34644]},
			"faces": {
				"north": {"uv": [14, 14, 16, 16], "rotation": 270, "texture": "#8"},
				"east": {"uv": [14, 15, 16, 16], "rotation": 90, "texture": "#8"},
				"south": {"uv": [14, 14, 16, 16], "rotation": 270, "texture": "#8"},
				"west": {"uv": [14, 15, 16, 16], "rotation": 270, "texture": "#8"},
				"up": {"uv": [14, 15, 16, 16], "texture": "#8"},
				"down": {"uv": [14, 15, 16, 16], "rotation": 180, "texture": "#8"}
			}
		},
		{
			"from": [16.70878, 13.54416, 8.04455],
			"to": [18.20878, 15.79416, 8.29455],
			"rotation": {"angle": -22.5, "axis": "y", "origin": [17, 14.68373, 0.34644]},
			"faces": {
				"north": {"uv": [9, 9, 13, 12], "rotation": 270, "texture": "#6"},
				"east": {"uv": [7, 11, 11, 12], "rotation": 90, "texture": "#6"},
				"south": {"uv": [9, 9, 13, 12], "rotation": 270, "texture": "#6"},
				"west": {"uv": [6, 12, 10, 13], "rotation": 270, "texture": "#6"},
				"up": {"uv": [4, 13, 8, 14], "texture": "#6"},
				"down": {"uv": [11, 13, 14, 14], "rotation": 180, "texture": "#6"}
			}
		},
		{
			"from": [17.20878, 12.79416, 9.79455],
			"to": [17.70878, 13.29416, 10.29455],
			"rotation": {"angle": -22.5, "axis": "y", "origin": [17, 14.68373, 0.34644]},
			"faces": {
				"north": {"uv": [14, 7, 15, 8], "rotation": 270, "texture": "#6"},
				"east": {"uv": [14, 7, 15, 8], "rotation": 90, "texture": "#6"},
				"south": {"uv": [14, 7, 15, 8], "rotation": 270, "texture": "#6"},
				"west": {"uv": [14, 7, 15, 8], "rotation": 270, "texture": "#6"},
				"up": {"uv": [14, 7, 15, 8], "texture": "#6"},
				"down": {"uv": [14, 7, 15, 8], "rotation": 180, "texture": "#6"}
			}
		},
		{
			"from": [17.20878, 12.79416, 9.29455],
			"to": [17.70878, 13.29416, 9.79455],
			"rotation": {"angle": -22.5, "axis": "y", "origin": [17, 14.68373, 0.34644]},
			"faces": {
				"north": {"uv": [14, 7, 15, 8], "rotation": 270, "texture": "#6"},
				"east": {"uv": [14, 7, 15, 8], "rotation": 90, "texture": "#6"},
				"south": {"uv": [14, 7, 15, 8], "rotation": 270, "texture": "#6"},
				"west": {"uv": [14, 7, 15, 8], "rotation": 270, "texture": "#6"},
				"up": {"uv": [14, 7, 15, 8], "texture": "#6"},
				"down": {"uv": [14, 7, 15, 8], "rotation": 180, "texture": "#6"}
			}
		},
		{
			"from": [17.20878, 14.41916, 2.04455],
			"to": [17.70878, 15.41916, 8.04455],
			"rotation": {"angle": -22.5, "axis": "y", "origin": [17, 14.68373, 0.34644]},
			"faces": {
				"north": {"uv": [8, 10, 9, 13], "rotation": 270, "texture": "#4"},
				"east": {"uv": [7, 1, 11, 14], "rotation": 90, "texture": "#4"},
				"south": {"uv": [0, 0, 0.25, 0.125], "rotation": 270, "texture": "#missing"},
				"west": {"uv": [7, 1, 11, 14], "rotation": 270, "texture": "#4"},
				"up": {"uv": [12, 3, 14, 16], "texture": "#4"},
				"down": {"uv": [4, 3, 5, 11], "rotation": 180, "texture": "#4"}
			}
		},
		{
			"from": [17.27128, 14.16916, 2.04455],
			"to": [17.64628, 14.41916, 8.04455],
			"rotation": {"angle": -22.5, "axis": "y", "origin": [17, 14.68373, 0.34644]},
			"faces": {
				"north": {"uv": [8, 10, 9, 13], "rotation": 270, "texture": "#4"},
				"east": {"uv": [3, 2, 4, 15], "rotation": 90, "texture": "#4"},
				"south": {"uv": [0, 0, 0.0625, 0.09375], "rotation": 270, "texture": "#missing"},
				"west": {"uv": [3, 2, 4, 15], "rotation": 270, "texture": "#4"},
				"up": {"uv": [0, 0, 0.09375, 1.5], "texture": "#missing"},
				"down": {"uv": [4, 3, 5, 11], "rotation": 180, "texture": "#4"}
			}
		},
		{
			"from": [17.33378, 13.91916, 2.04455],
			"to": [17.58378, 14.16916, 8.04455],
			"rotation": {"angle": -22.5, "axis": "y", "origin": [17, 14.68373, 0.34644]},
			"faces": {
				"north": {"uv": [8, 10, 8.0625, 10.0625], "rotation": 270, "texture": "#4"},
				"east": {"uv": [3, 2, 3.0625, 3.5], "rotation": 90, "texture": "#4"},
				"south": {"uv": [0, 0, 0.0625, 0.0625], "rotation": 270, "texture": "#missing"},
				"west": {"uv": [3, 2, 3.0625, 3.5], "rotation": 270, "texture": "#4"},
				"up": {"uv": [0, 0, 0.0625, 1.5], "texture": "#missing"},
				"down": {"uv": [4, 3, 4.0625, 4.5], "rotation": 180, "texture": "#4"}
			}
		},
		{
			"from": [17.39628, 13.79416, 2.04455],
			"to": [17.52128, 13.91916, 8.04455],
			"rotation": {"angle": -22.5, "axis": "y", "origin": [17, 14.68373, 0.34644]},
			"faces": {
				"north": {"uv": [8, 12, 8.03125, 12.03125], "rotation": 270, "texture": "#4"},
				"east": {"uv": [3, 2, 3.03125, 3.5], "rotation": 90, "texture": "#4"},
				"south": {"uv": [0, 0, 0.03125, 0.03125], "rotation": 270, "texture": "#missing"},
				"west": {"uv": [3, 2, 3.03125, 3.5], "rotation": 270, "texture": "#4"},
				"up": {"uv": [0, 0, 0.03125, 1.5], "texture": "#missing"},
				"down": {"uv": [4, 3, 4.03125, 4.5], "rotation": 180, "texture": "#4"}
			}
		},
		{
			"from": [17.39628, 13.98166, -0.95545],
			"to": [17.52128, 14.10666, 2.04455],
			"rotation": {"angle": -22.5, "axis": "y", "origin": [17, 14.68373, 0.34644]},
			"faces": {
				"north": {"uv": [8, 12, 8.03125, 12.03125], "rotation": 270, "texture": "#4"},
				"east": {"uv": [13, 5, 13.03125, 5.75], "rotation": 90, "texture": "#4"},
				"south": {"uv": [0, 0, 0.03125, 0.03125], "rotation": 270, "texture": "#missing"},
				"west": {"uv": [13, 5, 13.03125, 5.75], "rotation": 270, "texture": "#4"},
				"up": {"uv": [0, 0, 0.03125, 0.75], "texture": "#missing"},
				"down": {"uv": [4, 3, 4.03125, 3.75], "rotation": 180, "texture": "#4"}
			}
		},
		{
			"from": [17.39628, 14.10666, -3.95545],
			"to": [17.52128, 14.23166, -0.95545],
			"rotation": {"angle": -22.5, "axis": "y", "origin": [17, 14.68373, 0.34644]},
			"faces": {
				"north": {"uv": [8, 12, 9, 13], "rotation": 270, "texture": "#4"},
				"east": {"uv": [4, 3, 5, 11], "rotation": 90, "texture": "#4"},
				"south": {"uv": [0, 0, 0.03125, 0.03125], "rotation": 270, "texture": "#missing"},
				"west": {"uv": [4, 3, 5, 11], "rotation": 270, "texture": "#4"},
				"up": {"uv": [0, 0, 0.03125, 0.75], "texture": "#missing"},
				"down": {"uv": [4, 3, 5, 11], "rotation": 180, "texture": "#4"}
			}
		},
		{
			"from": [17.39628, 14.23166, -5.45545],
			"to": [17.52128, 14.35666, -3.95545],
			"rotation": {"angle": -22.5, "axis": "y", "origin": [17, 14.68373, 0.34644]},
			"faces": {
				"north": {"uv": [8, 12, 9, 13], "rotation": 270, "texture": "#4"},
				"east": {"uv": [7, 9, 8, 15], "rotation": 90, "texture": "#4"},
				"south": {"uv": [0, 0, 0.03125, 0.03125], "rotation": 270, "texture": "#missing"},
				"west": {"uv": [7, 9, 8, 15], "rotation": 270, "texture": "#4"},
				"up": {"uv": [0, 0, 0.03125, 0.375], "texture": "#missing"},
				"down": {"uv": [4, 3, 5, 11], "rotation": 180, "texture": "#4"}
			}
		},
		{
			"from": [17.39628, 14.41916, -6.95545],
			"to": [17.52128, 14.54416, -5.45545],
			"rotation": {"angle": -22.5, "axis": "y", "origin": [17, 14.68373, 0.34644]},
			"faces": {
				"north": {"uv": [8, 12, 9, 13], "rotation": 270, "texture": "#4"},
				"east": {"uv": [11, 4, 12, 10], "rotation": 90, "texture": "#4"},
				"south": {"uv": [0, 0, 0.03125, 0.03125], "rotation": 270, "texture": "#missing"},
				"west": {"uv": [11, 4, 12, 10], "rotation": 270, "texture": "#4"},
				"up": {"uv": [0, 0, 0.03125, 0.375], "texture": "#missing"},
				"down": {"uv": [4, 3, 5, 11], "rotation": 180, "texture": "#4"}
			}
		},
		{
			"from": [17.39628, 14.60666, -7.95545],
			"to": [17.52128, 14.73166, -6.95545],
			"rotation": {"angle": -22.5, "axis": "y", "origin": [17, 14.68373, 0.34644]},
			"faces": {
				"north": {"uv": [8, 12, 9, 13], "rotation": 270, "texture": "#4"},
				"east": {"uv": [6, 10, 7, 14], "rotation": 90, "texture": "#4"},
				"south": {"uv": [0, 0, 0.03125, 0.03125], "rotation": 270, "texture": "#missing"},
				"west": {"uv": [6, 10, 7, 14], "rotation": 270, "texture": "#4"},
				"up": {"uv": [0, 0, 0.03125, 0.25], "texture": "#missing"},
				"down": {"uv": [4, 3, 5, 11], "rotation": 180, "texture": "#4"}
			}
		},
		{
			"from": [17.39628, 14.73166, -8.45545],
			"to": [17.52128, 14.85666, -7.95545],
			"rotation": {"angle": -22.5, "axis": "y", "origin": [17, 14.68373, 0.34644]},
			"faces": {
				"north": {"uv": [8, 12, 9, 13], "rotation": 270, "texture": "#4"},
				"east": {"uv": [9, 8, 10, 12], "rotation": 90, "texture": "#4"},
				"south": {"uv": [0, 0, 0.03125, 0.03125], "rotation": 270, "texture": "#missing"},
				"west": {"uv": [9, 8, 10, 12], "rotation": 270, "texture": "#4"},
				"up": {"uv": [0, 0, 0.03125, 0.125], "texture": "#missing"},
				"down": {"uv": [4, 3, 5, 11], "rotation": 180, "texture": "#4"}
			}
		},
		{
			"from": [17.39628, 14.79416, -8.95545],
			"to": [17.52128, 14.91916, -8.45545],
			"rotation": {"angle": -22.5, "axis": "y", "origin": [17, 14.68373, 0.34644]},
			"faces": {
				"north": {"uv": [8, 12, 9, 13], "rotation": 270, "texture": "#4"},
				"east": {"uv": [5, 4, 7, 8], "rotation": 90, "texture": "#4"},
				"south": {"uv": [0, 0, 0.03125, 0.03125], "rotation": 270, "texture": "#missing"},
				"west": {"uv": [5, 4, 7, 8], "rotation": 270, "texture": "#4"},
				"up": {"uv": [0, 0, 0.03125, 0.125], "texture": "#missing"},
				"down": {"uv": [4, 3, 5, 11], "rotation": 180, "texture": "#4"}
			}
		},
		{
			"from": [17.39628, 14.98166, -9.45545],
			"to": [17.52128, 15.10666, -8.95545],
			"rotation": {"angle": -22.5, "axis": "y", "origin": [17, 14.68373, 0.34644]},
			"faces": {
				"north": {"uv": [8, 11, 9, 13], "rotation": 270, "texture": "#4"},
				"east": {"uv": [10, 4, 11, 8], "rotation": 90, "texture": "#4"},
				"south": {"uv": [0, 0, 0.03125, 0.03125], "rotation": 270, "texture": "#missing"},
				"west": {"uv": [14, 6, 15, 10], "rotation": 270, "texture": "#4"},
				"up": {"uv": [0, 0, 0.03125, 0.125], "texture": "#missing"},
				"down": {"uv": [4, 3, 5, 11], "rotation": 180, "texture": "#4"}
			}
		},
		{
			"from": [17.20878, 14.60666, -0.95545],
			"to": [17.70878, 15.41916, 2.04455],
			"rotation": {"angle": -22.5, "axis": "y", "origin": [17, 14.68373, 0.34644]},
			"faces": {
				"north": {"uv": [8, 10, 9, 13], "rotation": 270, "texture": "#4"},
				"east": {"uv": [7, 6, 11, 14], "rotation": 90, "texture": "#4"},
				"south": {"uv": [0, 0, 0.20313, 0.125], "rotation": 270, "texture": "#missing"},
				"west": {"uv": [7, 6, 11, 14], "rotation": 270, "texture": "#4"},
				"up": {"uv": [12, 6, 14, 16], "texture": "#4"},
				"down": {"uv": [4, 3, 5, 11], "rotation": 180, "texture": "#4"}
			}
		},
		{
			"from": [17.20878, 14.73166, -3.95545],
			"to": [17.70878, 15.41916, -0.95545],
			"rotation": {"angle": -22.5, "axis": "y", "origin": [17, 14.68373, 0.34644]},
			"faces": {
				"north": {"uv": [8, 10, 9, 13], "rotation": 270, "texture": "#4"},
				"east": {"uv": [4, 3, 7, 11], "rotation": 90, "texture": "#4"},
				"south": {"uv": [0, 0, 0.17188, 0.125], "rotation": 270, "texture": "#missing"},
				"west": {"uv": [4, 3, 7, 11], "rotation": 270, "texture": "#4"},
				"up": {"uv": [5, 3, 7, 13], "texture": "#4"},
				"down": {"uv": [4, 3, 5, 11], "rotation": 180, "texture": "#4"}
			}
		},
		{
			"from": [17.20878, 14.85666, -5.45545],
			"to": [17.70878, 15.41916, -3.95545],
			"rotation": {"angle": -22.5, "axis": "y", "origin": [17, 14.68373, 0.34644]},
			"faces": {
				"north": {"uv": [8, 10, 9, 13], "rotation": 270, "texture": "#4"},
				"east": {"uv": [4, 5, 6, 11], "rotation": 90, "texture": "#4"},
				"south": {"uv": [0, 0, 0.14063, 0.125], "rotation": 270, "texture": "#missing"},
				"west": {"uv": [4, 5, 6, 11], "rotation": 270, "texture": "#4"},
				"up": {"uv": [8, 4, 10, 10], "texture": "#4"},
				"down": {"uv": [4, 3, 5, 11], "rotation": 180, "texture": "#4"}
			}
		},
		{
			"from": [17.20878, 15.04416, -6.95545],
			"to": [17.70878, 15.41916, -5.45545],
			"rotation": {"angle": -22.5, "axis": "y", "origin": [17, 14.68373, 0.34644]},
			"faces": {
				"north": {"uv": [8, 10, 9, 13], "rotation": 270, "texture": "#4"},
				"east": {"uv": [11, 4, 13, 10], "rotation": 90, "texture": "#4"},
				"south": {"uv": [0, 0, 0.09375, 0.125], "rotation": 270, "texture": "#missing"},
				"west": {"uv": [11, 4, 13, 10], "rotation": 270, "texture": "#4"},
				"up": {"uv": [8, 5, 10, 11], "texture": "#4"},
				"down": {"uv": [4, 3, 5, 11], "rotation": 180, "texture": "#4"}
			}
		},
		{
			"from": [17.20878, 15.23166, -7.95545],
			"to": [17.70878, 15.41916, -6.95545],
			"rotation": {"angle": -22.5, "axis": "y", "origin": [17, 14.68373, 0.34644]},
			"faces": {
				"north": {"uv": [8, 10, 9, 13], "rotation": 270, "texture": "#4"},
				"east": {"uv": [12, 8, 13, 13], "rotation": 90, "texture": "#4"},
				"south": {"uv": [0, 0, 0.04688, 0.125], "rotation": 270, "texture": "#missing"},
				"west": {"uv": [12, 8, 13, 13], "rotation": 270, "texture": "#4"},
				"up": {"uv": [10, 7, 12, 13], "texture": "#4"},
				"down": {"uv": [4, 3, 5, 11], "rotation": 180, "texture": "#4"}
			}
		},
		{
			"from": [17.20878, 15.35666, -8.45545],
			"to": [17.70878, 15.41916, -7.95545],
			"rotation": {"angle": -22.5, "axis": "y", "origin": [17, 14.68373, 0.34644]},
			"faces": {
				"north": {"uv": [8, 10, 9, 13], "rotation": 270, "texture": "#4"},
				"east": {"uv": [11, 10, 12, 14], "rotation": 90, "texture": "#4"},
				"south": {"uv": [0, 0, 0.01563, 0.125], "rotation": 270, "texture": "#missing"},
				"west": {"uv": [11, 10, 12, 14], "rotation": 270, "texture": "#4"},
				"up": {"uv": [4, 7, 6, 9], "texture": "#4"},
				"down": {"uv": [4, 3, 5, 11], "rotation": 180, "texture": "#4"}
			}
		},
		{
			"from": [17.27128, 14.35666, -0.95545],
			"to": [17.64628, 14.60666, 2.04455],
			"rotation": {"angle": -22.5, "axis": "y", "origin": [17, 14.68373, 0.34644]},
			"faces": {
				"north": {"uv": [8, 10, 9, 13], "rotation": 270, "texture": "#4"},
				"east": {"uv": [13, 5, 14, 13], "rotation": 90, "texture": "#4"},
				"south": {"uv": [0, 0, 0.0625, 0.09375], "rotation": 270, "texture": "#missing"},
				"west": {"uv": [13, 5, 14, 13], "rotation": 270, "texture": "#4"},
				"up": {"uv": [0, 0, 0.09375, 0.75], "texture": "#missing"},
				"down": {"uv": [4, 3, 5, 11], "rotation": 180, "texture": "#4"}
			}
		},
		{
			"from": [17.27128, 14.48166, -3.95545],
			"to": [17.64628, 14.73166, -0.95545],
			"rotation": {"angle": -22.5, "axis": "y", "origin": [17, 14.68373, 0.34644]},
			"faces": {
				"north": {"uv": [8, 10, 9, 13], "rotation": 270, "texture": "#4"},
				"east": {"uv": [4, 3, 5, 11], "rotation": 90, "texture": "#4"},
				"south": {"uv": [0, 0, 0.0625, 0.09375], "rotation": 270, "texture": "#missing"},
				"west": {"uv": [4, 3, 5, 11], "rotation": 270, "texture": "#4"},
				"up": {"uv": [0, 0, 0.09375, 0.75], "texture": "#missing"},
				"down": {"uv": [4, 3, 5, 11], "rotation": 180, "texture": "#4"}
			}
		},
		{
			"from": [17.27128, 14.60666, -5.45545],
			"to": [17.64628, 14.85666, -3.95545],
			"rotation": {"angle": -22.5, "axis": "y", "origin": [17, 14.68373, 0.34644]},
			"faces": {
				"north": {"uv": [8, 10, 9, 13], "rotation": 270, "texture": "#4"},
				"east": {"uv": [7, 9, 9, 15], "rotation": 90, "texture": "#4"},
				"south": {"uv": [0, 0, 0.0625, 0.09375], "rotation": 270, "texture": "#missing"},
				"west": {"uv": [7, 9, 9, 15], "rotation": 270, "texture": "#4"},
				"up": {"uv": [0, 0, 0.09375, 0.375], "texture": "#missing"},
				"down": {"uv": [4, 3, 5, 11], "rotation": 180, "texture": "#4"}
			}
		},
		{
			"from": [17.27128, 14.79416, -6.95545],
			"to": [17.64628, 15.04416, -5.45545],
			"rotation": {"angle": -22.5, "axis": "y", "origin": [17, 14.68373, 0.34644]},
			"faces": {
				"north": {"uv": [8, 10, 9, 13], "rotation": 270, "texture": "#4"},
				"east": {"uv": [11, 4, 13, 10], "rotation": 90, "texture": "#4"},
				"south": {"uv": [0, 0, 0.0625, 0.09375], "rotation": 270, "texture": "#missing"},
				"west": {"uv": [11, 4, 13, 10], "rotation": 270, "texture": "#4"},
				"up": {"uv": [0, 0, 0.09375, 0.375], "texture": "#missing"},
				"down": {"uv": [4, 3, 5, 11], "rotation": 180, "texture": "#4"}
			}
		},
		{
			"from": [17.27128, 14.98166, -7.95545],
			"to": [17.64628, 15.23166, -6.95545],
			"rotation": {"angle": -22.5, "axis": "y", "origin": [17, 14.68373, 0.34644]},
			"faces": {
				"north": {"uv": [8, 10, 9, 13], "rotation": 270, "texture": "#4"},
				"east": {"uv": [6, 10, 8, 14], "rotation": 90, "texture": "#4"},
				"south": {"uv": [0, 0, 0.0625, 0.09375], "rotation": 270, "texture": "#missing"},
				"west": {"uv": [6, 10, 8, 14], "rotation": 270, "texture": "#4"},
				"up": {"uv": [0, 0, 0.09375, 0.25], "texture": "#missing"},
				"down": {"uv": [4, 3, 5, 11], "rotation": 180, "texture": "#4"}
			}
		},
		{
			"from": [17.27128, 15.10666, -8.45545],
			"to": [17.64628, 15.35666, -7.95545],
			"rotation": {"angle": -22.5, "axis": "y", "origin": [17, 14.68373, 0.34644]},
			"faces": {
				"north": {"uv": [8, 10, 9, 13], "rotation": 270, "texture": "#4"},
				"east": {"uv": [9, 8, 11, 12], "rotation": 90, "texture": "#4"},
				"south": {"uv": [0, 0, 0.0625, 0.09375], "rotation": 270, "texture": "#missing"},
				"west": {"uv": [9, 8, 11, 12], "rotation": 270, "texture": "#4"},
				"up": {"uv": [0, 0, 0.09375, 0.125], "texture": "#missing"},
				"down": {"uv": [4, 3, 5, 11], "rotation": 180, "texture": "#4"}
			}
		},
		{
			"from": [17.27128, 15.16916, -8.95545],
			"to": [17.64628, 15.41916, -8.45545],
			"rotation": {"angle": -22.5, "axis": "y", "origin": [17, 14.68373, 0.34644]},
			"faces": {
				"north": {"uv": [8, 10, 9, 13], "rotation": 270, "texture": "#4"},
				"east": {"uv": [8, 6, 10, 10], "rotation": 90, "texture": "#4"},
				"south": {"uv": [0, 0, 0.0625, 0.09375], "rotation": 270, "texture": "#missing"},
				"west": {"uv": [8, 6, 10, 10], "rotation": 270, "texture": "#4"},
				"up": {"uv": [6, 13, 8, 15], "texture": "#4"},
				"down": {"uv": [4, 3, 5, 11], "rotation": 180, "texture": "#4"}
			}
		},
		{
			"from": [17.27128, 15.29416, -9.45545],
			"to": [17.64628, 15.41916, -8.95545],
			"rotation": {"angle": -22.5, "axis": "y", "origin": [17, 14.68373, 0.34644]},
			"faces": {
				"north": {"uv": [8, 10, 9, 13], "rotation": 270, "texture": "#4"},
				"east": {"uv": [4, 5, 5, 9], "rotation": 90, "texture": "#4"},
				"south": {"uv": [0, 0, 0.03125, 0.09375], "rotation": 270, "texture": "#missing"},
				"west": {"uv": [4, 5, 5, 9], "rotation": 270, "texture": "#4"},
				"up": {"uv": [5, 11, 7, 13], "texture": "#4"},
				"down": {"uv": [4, 3, 5, 11], "rotation": 180, "texture": "#4"}
			}
		},
		{
			"from": [17.33378, 14.10666, -0.95545],
			"to": [17.58378, 14.35666, 2.04455],
			"rotation": {"angle": -22.5, "axis": "y", "origin": [17, 14.68373, 0.34644]},
			"faces": {
				"north": {"uv": [8, 10, 8.0625, 10.0625], "rotation": 270, "texture": "#4"},
				"east": {"uv": [13, 5, 13.0625, 5.75], "rotation": 90, "texture": "#4"},
				"south": {"uv": [0, 0, 0.0625, 0.0625], "rotation": 270, "texture": "#missing"},
				"west": {"uv": [13, 5, 13.0625, 5.75], "rotation": 270, "texture": "#4"},
				"up": {"uv": [0, 0, 0.0625, 0.75], "texture": "#missing"},
				"down": {"uv": [4, 3, 4.0625, 3.75], "rotation": 180, "texture": "#4"}
			}
		},
		{
			"from": [17.33378, 14.23166, -3.95545],
			"to": [17.58378, 14.48166, -0.95545],
			"rotation": {"angle": -22.5, "axis": "y", "origin": [17, 14.68373, 0.34644]},
			"faces": {
				"north": {"uv": [8, 10, 8.0625, 10.0625], "rotation": 270, "texture": "#4"},
				"east": {"uv": [4, 3, 4.0625, 3.75], "rotation": 90, "texture": "#4"},
				"south": {"uv": [0, 0, 0.0625, 0.0625], "rotation": 270, "texture": "#missing"},
				"west": {"uv": [4, 3, 4.0625, 3.75], "rotation": 270, "texture": "#4"},
				"up": {"uv": [0, 0, 0.0625, 0.75], "texture": "#missing"},
				"down": {"uv": [4, 3, 4.0625, 3.75], "rotation": 180, "texture": "#4"}
			}
		},
		{
			"from": [17.33378, 14.35666, -5.45545],
			"to": [17.58378, 14.60666, -3.95545],
			"rotation": {"angle": -22.5, "axis": "y", "origin": [17, 14.68373, 0.34644]},
			"faces": {
				"north": {"uv": [8, 10, 8.0625, 10.0625], "rotation": 270, "texture": "#4"},
				"east": {"uv": [7, 9, 7.0625, 9.375], "rotation": 90, "texture": "#4"},
				"south": {"uv": [0, 0, 0.0625, 0.0625], "rotation": 270, "texture": "#missing"},
				"west": {"uv": [7, 9, 7.0625, 9.375], "rotation": 270, "texture": "#4"},
				"up": {"uv": [0, 0, 0.0625, 0.375], "texture": "#missing"},
				"down": {"uv": [4, 3, 4.0625, 3.375], "rotation": 180, "texture": "#4"}
			}
		},
		{
			"from": [17.33378, 14.54416, -6.95545],
			"to": [17.58378, 14.79416, -5.45545],
			"rotation": {"angle": -22.5, "axis": "y", "origin": [17, 14.68373, 0.34644]},
			"faces": {
				"north": {"uv": [8, 10, 8.0625, 10.0625], "rotation": 270, "texture": "#4"},
				"east": {"uv": [11, 4, 11.0625, 4.375], "rotation": 90, "texture": "#4"},
				"south": {"uv": [0, 0, 0.0625, 0.0625], "rotation": 270, "texture": "#missing"},
				"west": {"uv": [11, 4, 11.0625, 4.375], "rotation": 270, "texture": "#4"},
				"up": {"uv": [0, 0, 0.0625, 0.375], "texture": "#missing"},
				"down": {"uv": [4, 3, 4.0625, 3.375], "rotation": 180, "texture": "#4"}
			}
		},
		{
			"from": [17.33378, 14.73166, -7.95545],
			"to": [17.58378, 14.98166, -6.95545],
			"rotation": {"angle": -22.5, "axis": "y", "origin": [17, 14.68373, 0.34644]},
			"faces": {
				"north": {"uv": [8, 10, 8.0625, 10.0625], "rotation": 270, "texture": "#4"},
				"east": {"uv": [6, 10, 6.0625, 10.25], "rotation": 90, "texture": "#4"},
				"south": {"uv": [0, 0, 0.0625, 0.0625], "rotation": 270, "texture": "#missing"},
				"west": {"uv": [6, 10, 6.0625, 10.25], "rotation": 270, "texture": "#4"},
				"up": {"uv": [0, 0, 0.0625, 0.25], "texture": "#missing"},
				"down": {"uv": [4, 3, 4.0625, 3.25], "rotation": 180, "texture": "#4"}
			}
		},
		{
			"from": [17.33378, 14.85666, -8.45545],
			"to": [17.58378, 15.10666, -7.95545],
			"rotation": {"angle": -22.5, "axis": "y", "origin": [17, 14.68373, 0.34644]},
			"faces": {
				"north": {"uv": [8, 10, 9, 13], "rotation": 270, "texture": "#4"},
				"east": {"uv": [9, 8, 11, 12], "rotation": 90, "texture": "#4"},
				"south": {"uv": [0, 0, 0.0625, 0.0625], "rotation": 270, "texture": "#missing"},
				"west": {"uv": [9, 8, 11, 12], "rotation": 270, "texture": "#4"},
				"up": {"uv": [0, 0, 0.0625, 0.125], "texture": "#missing"},
				"down": {"uv": [4, 3, 5, 11], "rotation": 180, "texture": "#4"}
			}
		},
		{
			"from": [17.33378, 14.91916, -8.95545],
			"to": [17.58378, 15.16916, -8.45545],
			"rotation": {"angle": -22.5, "axis": "y", "origin": [17, 14.68373, 0.34644]},
			"faces": {
				"north": {"uv": [8, 10, 9, 13], "rotation": 270, "texture": "#4"},
				"east": {"uv": [5, 4, 7, 8], "rotation": 90, "texture": "#4"},
				"south": {"uv": [0, 0, 0.0625, 0.0625], "rotation": 270, "texture": "#missing"},
				"west": {"uv": [5, 4, 7, 8], "rotation": 270, "texture": "#4"},
				"up": {"uv": [0, 0, 0.0625, 0.125], "texture": "#missing"},
				"down": {"uv": [4, 3, 5, 11], "rotation": 180, "texture": "#4"}
			}
		},
		{
			"from": [17.33378, 15.10666, -9.45545],
			"to": [17.58378, 15.29416, -8.95545],
			"rotation": {"angle": -22.5, "axis": "y", "origin": [17, 14.68373, 0.34644]},
			"faces": {
				"north": {"uv": [0, 0, 0.0625, 0.0625], "rotation": 270, "texture": "#missing"},
				"east": {"uv": [14, 6, 15, 10], "rotation": 90, "texture": "#4"},
				"south": {"uv": [0, 0, 0.0625, 0.0625], "rotation": 270, "texture": "#missing"},
				"west": {"uv": [14, 6, 15, 10], "rotation": 270, "texture": "#4"},
				"up": {"uv": [0, 0, 0.0625, 0.125], "texture": "#missing"},
				"down": {"uv": [4, 3, 5, 11], "rotation": 180, "texture": "#4"}
			}
		},
		{
			"from": [17.33378, 15.04416, -9.70545],
			"to": [17.58378, 15.29416, -9.45545],
			"rotation": {"angle": -22.5, "axis": "y", "origin": [17, 14.68373, 0.34644]},
			"faces": {
				"north": {"uv": [4, 9, 5, 10], "rotation": 270, "texture": "#4"},
				"east": {"uv": [4, 9, 5, 10], "rotation": 90, "texture": "#4"},
				"south": {"uv": [4, 9, 5, 10], "rotation": 270, "texture": "#4"},
				"west": {"uv": [4, 9, 5, 10], "rotation": 270, "texture": "#4"},
				"up": {"uv": [4, 9, 5, 10], "texture": "#4"},
				"down": {"uv": [4, 9, 5, 10], "rotation": 180, "texture": "#4"}
			}
		},
		{
			"name": "Left Arm",
			"from": [0, 19.83958, -4.02708],
			"to": [4, 23.83958, 7.97292],
			"rotation": {"angle": 0, "axis": "y", "origin": [1.86667, 21.83958, -6.4375]},
			"faces": {
				"north": {"uv": [11, 12, 10, 13], "rotation": 180, "texture": "#3"},
				"east": {"uv": [8, 13, 9, 16], "rotation": 270, "texture": "#3"},
				"south": {"uv": [10, 13, 9, 12], "texture": "#3"},
				"west": {"uv": [10, 13, 11, 16], "rotation": 90, "texture": "#3"},
				"up": {"uv": [9, 13, 10, 16], "rotation": 180, "texture": "#3"},
				"down": {"uv": [11, 13, 12, 16], "texture": "#3"}
			}
		},
		{
			"name": "Left Arm",
			"from": [-0.0625, 19.77708, -4.08958],
			"to": [4.0625, 23.90208, -3.02708],
			"rotation": {"angle": 0, "axis": "y", "origin": [1.86667, 21.83958, -6.4375]},
			"faces": {
				"north": {"uv": [14, 5, 13, 6], "rotation": 180, "texture": "#4"},
				"east": {"uv": [14, 5, 13, 6], "rotation": 270, "texture": "#4"},
				"south": {"uv": [14, 5, 13, 6], "texture": "#4"},
				"west": {"uv": [14, 5, 13, 6], "rotation": 90, "texture": "#4"},
				"up": {"uv": [14, 5, 13, 6], "rotation": 180, "texture": "#4"},
				"down": {"uv": [14, 5, 13, 6], "texture": "#4"}
			}
		},
		{
			"name": "Left Arm",
			"from": [1.5, 21.33958, -5.02708],
			"to": [2.5, 22.33958, -4.02708],
			"rotation": {"angle": 0, "axis": "y", "origin": [1.86667, 21.83958, -6.4375]},
			"faces": {
				"north": {"uv": [16, 2, 15, 3], "rotation": 180, "texture": "#4"},
				"east": {"uv": [16, 2, 15, 3], "rotation": 270, "texture": "#4"},
				"south": {"uv": [16, 2, 15, 3], "texture": "#4"},
				"west": {"uv": [16, 2, 15, 3], "rotation": 90, "texture": "#4"},
				"up": {"uv": [16, 2, 15, 3], "rotation": 180, "texture": "#4"},
				"down": {"uv": [16, 2, 15, 3], "texture": "#4"}
			}
		},
		{
			"name": "Left Arm",
			"from": [1.75, 21.58958, -9.40208],
			"to": [2.25, 22.08958, -8.90208],
			"rotation": {"angle": 0, "axis": "y", "origin": [1.86667, 21.83958, -6.4375]},
			"faces": {
				"north": {"uv": [16, 2, 15, 3], "rotation": 180, "texture": "#4"},
				"east": {"uv": [16, 2, 15, 3], "rotation": 270, "texture": "#4"},
				"south": {"uv": [16, 2, 15, 3], "texture": "#4"},
				"west": {"uv": [16, 2, 15, 3], "rotation": 90, "texture": "#4"},
				"up": {"uv": [16, 2, 15, 3], "rotation": 180, "texture": "#4"},
				"down": {"uv": [16, 2, 15, 3], "texture": "#4"}
			}
		},
		{
			"name": "Left Arm",
			"from": [1.25, 21.58958, -9.02708],
			"to": [1.75, 22.08958, -8.52708],
			"rotation": {"angle": 0, "axis": "y", "origin": [1.86667, 21.83958, -6.4375]},
			"faces": {
				"north": {"uv": [16, 2, 15, 3], "rotation": 180, "texture": "#4"},
				"east": {"uv": [16, 2, 15, 3], "rotation": 270, "texture": "#4"},
				"south": {"uv": [16, 2, 15, 3], "texture": "#4"},
				"west": {"uv": [16, 2, 15, 3], "rotation": 90, "texture": "#4"},
				"up": {"uv": [16, 2, 15, 3], "rotation": 180, "texture": "#4"},
				"down": {"uv": [16, 2, 15, 3], "texture": "#4"}
			}
		},
		{
			"name": "Left Arm",
			"from": [0.75, 21.58958, -8.65208],
			"to": [1.25, 22.08958, -8.15208],
			"rotation": {"angle": 0, "axis": "y", "origin": [1.86667, 21.83958, -6.4375]},
			"faces": {
				"north": {"uv": [16, 2, 15, 3], "rotation": 180, "texture": "#4"},
				"east": {"uv": [16, 2, 15, 3], "rotation": 270, "texture": "#4"},
				"south": {"uv": [16, 2, 15, 3], "texture": "#4"},
				"west": {"uv": [16, 2, 15, 3], "rotation": 90, "texture": "#4"},
				"up": {"uv": [16, 2, 15, 3], "rotation": 180, "texture": "#4"},
				"down": {"uv": [16, 2, 15, 3], "texture": "#4"}
			}
		},
		{
			"name": "Left Arm",
			"from": [0.375, 21.58958, -8.15208],
			"to": [0.875, 22.08958, -7.40208],
			"rotation": {"angle": 0, "axis": "y", "origin": [1.86667, 21.83958, -6.4375]},
			"faces": {
				"north": {"uv": [16, 2, 15, 3], "rotation": 180, "texture": "#4"},
				"east": {"uv": [16, 2, 15, 3], "rotation": 270, "texture": "#4"},
				"south": {"uv": [16, 2, 15, 3], "texture": "#4"},
				"west": {"uv": [16, 2, 15, 3], "rotation": 90, "texture": "#4"},
				"up": {"uv": [16, 2, 15, 3], "rotation": 180, "texture": "#4"},
				"down": {"uv": [16, 2, 15, 3], "texture": "#4"}
			}
		},
		{
			"name": "Left Arm",
			"from": [0.75, 21.58958, -7.40208],
			"to": [1.25, 22.08958, -6.90208],
			"rotation": {"angle": 0, "axis": "y", "origin": [1.86667, 21.83958, -6.4375]},
			"faces": {
				"north": {"uv": [16, 2, 15, 3], "rotation": 180, "texture": "#4"},
				"east": {"uv": [16, 2, 15, 3], "rotation": 270, "texture": "#4"},
				"south": {"uv": [16, 2, 15, 3], "texture": "#4"},
				"west": {"uv": [16, 2, 15, 3], "rotation": 90, "texture": "#4"},
				"up": {"uv": [16, 2, 15, 3], "rotation": 180, "texture": "#4"},
				"down": {"uv": [16, 2, 15, 3], "texture": "#4"}
			}
		},
		{
			"name": "Left Arm",
			"from": [1.25, 21.58958, -6.90208],
			"to": [1.75, 22.08958, -6.40208],
			"rotation": {"angle": 0, "axis": "y", "origin": [1.86667, 21.83958, -6.4375]},
			"faces": {
				"north": {"uv": [16, 2, 15, 3], "rotation": 180, "texture": "#4"},
				"east": {"uv": [16, 2, 15, 3], "rotation": 270, "texture": "#4"},
				"south": {"uv": [16, 2, 15, 3], "texture": "#4"},
				"west": {"uv": [16, 2, 15, 3], "rotation": 90, "texture": "#4"},
				"up": {"uv": [16, 2, 15, 3], "rotation": 180, "texture": "#4"},
				"down": {"uv": [16, 2, 15, 3], "texture": "#4"}
			}
		},
		{
			"name": "Left Arm",
			"from": [1.75, 21.58958, -6.52708],
			"to": [2.25, 22.08958, -6.02708],
			"rotation": {"angle": 0, "axis": "y", "origin": [1.86667, 21.83958, -6.4375]},
			"faces": {
				"north": {"uv": [16, 2, 15, 3], "rotation": 180, "texture": "#4"},
				"east": {"uv": [16, 2, 15, 3], "rotation": 270, "texture": "#4"},
				"south": {"uv": [16, 2, 15, 3], "texture": "#4"},
				"west": {"uv": [16, 2, 15, 3], "rotation": 90, "texture": "#4"},
				"up": {"uv": [16, 2, 15, 3], "rotation": 180, "texture": "#4"},
				"down": {"uv": [16, 2, 15, 3], "texture": "#4"}
			}
		},
		{
			"name": "Left Arm",
			"from": [1.75, 21.58958, -5.52708],
			"to": [2.25, 22.08958, -5.02708],
			"rotation": {"angle": 0, "axis": "y", "origin": [1.86667, 21.83958, -6.4375]},
			"faces": {
				"north": {"uv": [16, 2, 15, 3], "rotation": 180, "texture": "#4"},
				"east": {"uv": [16, 2, 15, 3], "rotation": 270, "texture": "#4"},
				"south": {"uv": [16, 2, 15, 3], "texture": "#4"},
				"west": {"uv": [16, 2, 15, 3], "rotation": 90, "texture": "#4"},
				"up": {"uv": [16, 2, 15, 3], "rotation": 180, "texture": "#4"},
				"down": {"uv": [16, 2, 15, 3], "texture": "#4"}
			}
		},
		{
			"name": "Left Arm",
			"from": [1.75, 21.58958, -6.02708],
			"to": [2.25, 22.08958, -5.52708],
			"rotation": {"angle": 0, "axis": "y", "origin": [1.86667, 21.83958, -6.4375]},
			"faces": {
				"north": {"uv": [16, 2, 15, 3], "rotation": 180, "texture": "#4"},
				"east": {"uv": [16, 2, 15, 3], "rotation": 270, "texture": "#4"},
				"south": {"uv": [16, 2, 15, 3], "texture": "#4"},
				"west": {"uv": [16, 2, 15, 3], "rotation": 90, "texture": "#4"},
				"up": {"uv": [16, 2, 15, 3], "rotation": 180, "texture": "#4"},
				"down": {"uv": [16, 2, 15, 3], "texture": "#4"}
			}
		},
		{
			"name": "Left Arm",
			"from": [2.25, 21.58958, -9.02708],
			"to": [2.75, 22.08958, -8.52708],
			"rotation": {"angle": 0, "axis": "y", "origin": [1.86667, 21.83958, -6.4375]},
			"faces": {
				"north": {"uv": [16, 2, 15, 3], "rotation": 180, "texture": "#4"},
				"east": {"uv": [16, 2, 15, 3], "rotation": 270, "texture": "#4"},
				"south": {"uv": [16, 2, 15, 3], "texture": "#4"},
				"west": {"uv": [16, 2, 15, 3], "rotation": 90, "texture": "#4"},
				"up": {"uv": [16, 2, 15, 3], "rotation": 180, "texture": "#4"},
				"down": {"uv": [16, 2, 15, 3], "texture": "#4"}
			}
		},
		{
			"name": "Left Arm",
			"from": [2.75, 21.58958, -8.65208],
			"to": [3.25, 22.08958, -8.15208],
			"rotation": {"angle": 0, "axis": "y", "origin": [1.86667, 21.83958, -6.4375]},
			"faces": {
				"north": {"uv": [16, 2, 15, 3], "rotation": 180, "texture": "#4"},
				"east": {"uv": [16, 2, 15, 3], "rotation": 270, "texture": "#4"},
				"south": {"uv": [16, 2, 15, 3], "texture": "#4"},
				"west": {"uv": [16, 2, 15, 3], "rotation": 90, "texture": "#4"},
				"up": {"uv": [16, 2, 15, 3], "rotation": 180, "texture": "#4"},
				"down": {"uv": [16, 2, 15, 3], "texture": "#4"}
			}
		},
		{
			"name": "Left Arm",
			"from": [2.75, 21.71458, -8.15208],
			"to": [3, 21.96458, -7.90208],
			"rotation": {"angle": 0, "axis": "y", "origin": [1.86667, 21.83958, -6.4375]},
			"faces": {
				"north": {"uv": [16, 2, 15, 3], "rotation": 180, "texture": "#4"},
				"east": {"uv": [16, 2, 15, 3], "rotation": 270, "texture": "#4"},
				"south": {"uv": [16, 2, 15, 3], "texture": "#4"},
				"west": {"uv": [16, 2, 15, 3], "rotation": 90, "texture": "#4"},
				"up": {"uv": [16, 2, 15, 3], "rotation": 180, "texture": "#4"},
				"down": {"uv": [16, 2, 15, 3], "texture": "#4"}
			}
		},
		{
			"name": "Right Leg",
			"from": [11.4625, -0.00691, 8.95647],
			"to": [15.4625, 11.99309, 12.95647],
			"rotation": {"angle": -22.5, "axis": "y", "origin": [17, 14.68373, 0.34644]},
			"faces": {
				"north": {"uv": [1, 5, 2, 8], "texture": "#3"},
				"east": {"uv": [0, 5, 1, 8], "texture": "#3"},
				"south": {"uv": [3, 5, 4, 8], "texture": "#3"},
				"west": {"uv": [2, 5, 3, 8], "texture": "#3"},
				"up": {"uv": [2, 5, 1, 4], "texture": "#3"},
				"down": {"uv": [3, 4, 2, 5], "texture": "#3"}
			}
		},
		{
			"name": "Left Leg",
			"from": [7.475, 0, 9],
			"to": [11.475, 12, 13],
			"rotation": {"angle": -22.5, "axis": "y", "origin": [17, 14.68373, 0.34644]},
			"faces": {
				"north": {"uv": [5, 13, 6, 16], "texture": "#3"},
				"east": {"uv": [4, 13, 5, 16], "texture": "#3"},
				"south": {"uv": [7, 13, 8, 16], "texture": "#3"},
				"west": {"uv": [6, 13, 7, 16], "texture": "#3"},
				"up": {"uv": [6, 13, 5, 12], "texture": "#3"},
				"down": {"uv": [7, 12, 6, 13], "texture": "#3"}
			}
		}
	],
	"display": {
		"thirdperson_righthand": {
			"rotation": [3, -180, 0],
			"translation": [0, 1, 1.5],
			"scale": [0.2, 0.2, 0.2]
		},
		"thirdperson_lefthand": {
			"scale": [0, 0, 0]
		},
		"firstperson_righthand": {
			"rotation": [0, 140, -2],
			"translation": [1.25, 0, 0],
			"scale": [0.3, 0.3, 0.3]
		},
		"firstperson_lefthand": {
			"scale": [0, 0, 0]
		},
		"ground": {
			"translation": [0, -1.25, 0],
			"scale": [0.15, 0.15, 0.15]
		},
		"gui": {
			"rotation": [-6, -156, 0],
			"translation": [0, -3.75, 0],
			"scale": [0.45, 0.45, 0.45]
		},
		"head": {
			"translation": [0, -30.25, 0],
			"scale": [1.6, 1.6, 1.6]
		}
	},
	"groups": [
		{
			"name": "root",
			"origin": [0, 0, 0],
			"children": [
				{
					"name": "Head",
					"origin": [0, 24, 0],
					"children": [0]
				},
				{
					"name": "Body",
					"origin": [0, 24, 0],
					"children": [1]
				},
				{
					"name": "RightArm",
					"origin": [6.25, 18, 0],
					"children": [2,
						{
							"name": "cutlass",
							"origin": [8, 8, 8],
							"children": [3, 4, 5, 6, 7, 8, 9, 10, 11, 12, 13, 14, 15, 16, 17, 18, 19, 20, 21, 22, 23, 24, 25, 26, 27, 28, 29, 30, 31, 32, 33, 34, 35, 36, 37, 38, 39, 40, 41, 42, 43, 44, 45, 46, 47, 48, 49]
						}
					]
				},
				{
					"name": "LeftArm",
					"origin": [-6.25, 18, 0],
					"children": [50,
						{
							"name": "group",
							"origin": [10.5, -17, 9.5],
							"children": [51, 52, 53, 54, 55, 56, 57, 58, 59, 60, 61, 62, 63, 64]
						}
					]
				},
				{
					"name": "RightLeg",
					"origin": [1.9, 6, 0],
					"children": [65]
				},
				{
					"name": "LeftLeg",
					"origin": [-1.9, 6, 0],
					"children": [66]
				}
			]
		}
	]
}