{
	"credit": "Made with Blockbench",
	"texture_size": [64, 64],
	"textures": {
		"2": "block/prisoner",
		"3": "block/prisoner-angry",
		"8": "block/stripped_dark_oak_log",
		"9": "block/stripped_oak_log",
		"particle": "block/prisoner"
	},
	"elements": [
		{
			"name": "Head",
			"from": [4, 24, 4],
			"to": [12, 32, 12],
			"rotation": {"angle": -22.5, "axis": "y", "origin": [8, 28, 8]},
			"faces": {
				"north": {"uv": [2, 2, 4, 4], "texture": "#3"},
				"east": {"uv": [0, 2, 2, 4], "texture": "#3"},
				"south": {"uv": [6, 2, 8, 4], "texture": "#3"},
				"west": {"uv": [4, 2, 6, 4], "texture": "#3"},
				"up": {"uv": [4, 2, 2, 0], "texture": "#3"},
				"down": {"uv": [6, 0, 4, 2], "texture": "#3"}
			}
		},
		{
			"name": "Body",
			"from": [4, 12, 6],
			"to": [12, 24, 10],
			"rotation": {"angle": 0, "axis": "y", "origin": [8, 0, 8]},
			"faces": {
				"north": {"uv": [5, 5, 7, 8], "texture": "#3"},
				"east": {"uv": [4, 5, 5, 8], "texture": "#3"},
				"south": {"uv": [8, 5, 10, 8], "texture": "#3"},
				"west": {"uv": [7, 5, 8, 8], "texture": "#3"},
				"up": {"uv": [7, 5, 5, 4], "texture": "#3"},
				"down": {"uv": [9, 4, 7, 5], "texture": "#3"}
			}
		},
		{
			"name": "Right Arm",
			"from": [14.75, 12, 7],
			"to": [18.75, 24, 11],
			"rotation": {"angle": -22.5, "axis": "y", "origin": [16.75, 14.22917, 0.75]},
			"faces": {
				"north": {"uv": [11, 5, 12, 8], "texture": "#3"},
				"east": {"uv": [10, 5, 11, 8], "texture": "#3"},
				"south": {"uv": [13, 5, 14, 8], "texture": "#3"},
				"west": {"uv": [12, 5, 13, 8], "texture": "#3"},
				"up": {"uv": [12, 5, 11, 4], "texture": "#3"},
				"down": {"uv": [13, 4, 12, 5], "texture": "#3"}
			}
		},
		{
			"from": [15.75, 12.88636, 8.88636],
			"to": [17.75, 14.88636, 9.88636],
			"rotation": {"angle": -22.5, "axis": "y", "origin": [16.75, 14.22917, 0.75]},
			"faces": {
				"north": {"uv": [12, 11, 16, 15], "rotation": 180, "texture": "#8"},
				"east": {"uv": [12, 0, 16, 2], "rotation": 90, "texture": "#8"},
				"south": {"uv": [7, 5, 11, 9], "texture": "#8"},
				"west": {"uv": [0, 2, 4, 4], "rotation": 270, "texture": "#8"},
				"up": {"uv": [7, 1, 11, 3], "texture": "#8"},
				"down": {"uv": [0, 0, 4, 2], "rotation": 180, "texture": "#8"}
			}
		},
		{
			"from": [16.25, 13.38636, 4.88636],
			"to": [17.25, 14.38636, 8.88636],
			"rotation": {"angle": -22.5, "axis": "y", "origin": [16.75, 14.22917, 0.75]},
			"faces": {
				"north": {"uv": [14, 14, 16, 16], "rotation": 180, "texture": "#8"},
				"east": {"uv": [5, 0, 7, 8], "rotation": 90, "texture": "#8"},
				"south": {"uv": [14, 14, 16, 16], "texture": "#8"},
				"west": {"uv": [7, 8, 9, 16], "rotation": 270, "texture": "#8"},
				"up": {"uv": [1, 8, 3, 16], "texture": "#8"},
				"down": {"uv": [14, 8, 16, 16], "rotation": 180, "texture": "#8"}
			}
		},
		{
			"from": [16.25, 13.38636, -7.61364],
			"to": [17.25, 14.38636, -7.11364],
			"rotation": {"angle": -22.5, "axis": "y", "origin": [16.75, 14.22917, 0.75]},
			"faces": {
				"north": {"uv": [5, 4, 7, 6], "rotation": 180, "texture": "#9"},
				"east": {"uv": [6, 14, 8, 15], "rotation": 90, "texture": "#9"},
				"south": {"uv": [2, 12, 4, 14], "texture": "#9"},
				"west": {"uv": [2, 4, 4, 5], "rotation": 270, "texture": "#9"},
				"up": {"uv": [8, 0, 10, 1], "texture": "#9"},
				"down": {"uv": [11, 13, 13, 14], "rotation": 180, "texture": "#9"}
			}
		},
		{
			"from": [16.25, 12.88636, -1.11364],
			"to": [17.25, 13.38636, 4.88636],
			"rotation": {"angle": -22.5, "axis": "y", "origin": [16.75, 14.22917, 0.75]},
			"faces": {
				"north": {"uv": [14, 12, 16, 14], "rotation": 270, "texture": "#9"},
				"east": {"uv": [7.5, 5.5, 15.5, 6.5], "rotation": 180, "texture": "#9"},
				"south": {"uv": [14, 12, 16, 14], "rotation": 90, "texture": "#9"},
				"west": {"uv": [6, 12, 14, 13], "texture": "#9"},
				"up": {"uv": [0, 4, 8, 6], "rotation": 90, "texture": "#9"},
				"down": {"uv": [4.25, 7.75, 12.25, 9.75], "rotation": 270, "texture": "#9"}
			}
		},
		{
			"from": [16.25, 12.88636, -7.11364],
			"to": [17.25, 13.38636, -1.11364],
			"rotation": {"angle": -22.5, "axis": "y", "origin": [16.75, 14.22917, 0.75]},
			"faces": {
				"north": {"uv": [14, 12, 16, 14], "rotation": 270, "texture": "#9"},
				"east": {"uv": [6, 7.25, 14, 8.25], "rotation": 180, "texture": "#9"},
				"south": {"uv": [14, 12, 16, 14], "rotation": 90, "texture": "#9"},
				"west": {"uv": [0, 14, 8, 15], "texture": "#9"},
				"up": {"uv": [0, 4, 8, 6], "rotation": 90, "texture": "#9"},
				"down": {"uv": [3.25, 11.25, 11.25, 13.25], "rotation": 270, "texture": "#9"}
			}
		},
		{
			"from": [15.75, 13.38636, -1.11364],
			"to": [16.25, 14.38636, 4.88636],
			"rotation": {"angle": -22.5, "axis": "y", "origin": [16.75, 14.22917, 0.75]},
			"faces": {
				"north": {"uv": [14, 12, 16, 14], "rotation": 270, "texture": "#9"},
				"east": {"uv": [0, 8, 8, 10], "rotation": 180, "texture": "#9"},
				"south": {"uv": [14, 12, 16, 14], "rotation": 90, "texture": "#9"},
				"west": {"uv": [5.75, 8.25, 13.75, 10.25], "texture": "#9"},
				"up": {"uv": [6, 11, 14, 12], "rotation": 90, "texture": "#9"},
				"down": {"uv": [0, 14, 8, 15], "rotation": 270, "texture": "#9"}
			}
		},
		{
			"from": [15.75, 13.38636, -7.11364],
			"to": [16.25, 14.38636, -1.11364],
			"rotation": {"angle": -22.5, "axis": "y", "origin": [16.75, 14.22917, 0.75]},
			"faces": {
				"north": {"uv": [14, 12, 16, 14], "rotation": 270, "texture": "#9"},
				"east": {"uv": [0, 8, 8, 10], "rotation": 180, "texture": "#9"},
				"south": {"uv": [14, 12, 16, 14], "rotation": 90, "texture": "#9"},
				"west": {"uv": [6.5, 6.75, 14.5, 8.75], "texture": "#9"},
				"up": {"uv": [7, 7, 15, 8], "rotation": 90, "texture": "#9"},
				"down": {"uv": [0, 15, 8, 16], "rotation": 270, "texture": "#9"}
			}
		},
		{
			"from": [17.25, 13.38636, -1.11364],
			"to": [17.75, 14.38636, 4.88636],
			"rotation": {"angle": -22.5, "axis": "y", "origin": [16.75, 14.22917, 0.75]},
			"faces": {
				"north": {"uv": [14, 12, 16, 14], "rotation": 270, "texture": "#9"},
				"east": {"uv": [6, 5, 14, 7], "rotation": 180, "texture": "#9"},
				"south": {"uv": [14, 12, 16, 14], "rotation": 90, "texture": "#9"},
				"west": {"uv": [6, 8, 14, 10], "texture": "#9"},
				"up": {"uv": [8, 15, 16, 16], "rotation": 90, "texture": "#9"},
				"down": {"uv": [8, 13, 16, 14], "rotation": 270, "texture": "#9"}
			}
		},
		{
			"from": [17.25, 13.38636, -7.11364],
			"to": [17.75, 14.38636, -1.11364],
			"rotation": {"angle": -22.5, "axis": "y", "origin": [16.75, 14.22917, 0.75]},
			"faces": {
				"north": {"uv": [14, 12, 16, 14], "rotation": 270, "texture": "#9"},
				"east": {"uv": [6, 5, 14, 7], "rotation": 180, "texture": "#9"},
				"south": {"uv": [14, 12, 16, 14], "rotation": 90, "texture": "#9"},
				"west": {"uv": [6, 8, 14, 10], "texture": "#9"},
				"up": {"uv": [4, 12, 12, 13], "rotation": 90, "texture": "#9"},
				"down": {"uv": [8, 13, 16, 14], "rotation": 270, "texture": "#9"}
			}
		},
		{
			"from": [16.25, 14.38636, -1.11364],
			"to": [17.25, 14.88636, 4.88636],
			"rotation": {"angle": -22.5, "axis": "y", "origin": [16.75, 14.22917, 0.75]},
			"faces": {
				"north": {"uv": [14, 12, 16, 14], "rotation": 270, "texture": "#9"},
				"east": {"uv": [8, 9, 16, 10], "rotation": 180, "texture": "#9"},
				"south": {"uv": [14, 12, 16, 14], "rotation": 90, "texture": "#9"},
				"west": {"uv": [5, 2, 13, 3], "texture": "#9"},
				"up": {"uv": [4, 4, 12, 6], "rotation": 90, "texture": "#9"},
				"down": {"uv": [0, 8, 8, 10], "rotation": 270, "texture": "#9"}
			}
		},
		{
			"from": [16.25, 14.38636, -7.11364],
			"to": [17.25, 14.88636, -1.11364],
			"rotation": {"angle": -22.5, "axis": "y", "origin": [16.75, 14.22917, 0.75]},
			"faces": {
				"north": {"uv": [14, 12, 16, 14], "rotation": 270, "texture": "#9"},
				"east": {"uv": [8, 9, 16, 10], "rotation": 180, "texture": "#9"},
				"south": {"uv": [14, 12, 16, 14], "rotation": 90, "texture": "#9"},
				"west": {"uv": [5, 1, 13, 2], "texture": "#9"},
				"up": {"uv": [4, 4, 12, 6], "rotation": 90, "texture": "#9"},
				"down": {"uv": [0, 8, 8, 10], "rotation": 270, "texture": "#9"}
			}
		},
		{
			"name": "Left Arm",
			"from": [0, 11.75, 4],
			"to": [4, 23.75, 8],
			"rotation": {"angle": 22.5, "axis": "x", "origin": [2, 17.75, 6]},
			"faces": {
				"north": {"uv": [9, 13, 10, 16], "texture": "#3"},
				"east": {"uv": [8, 13, 9, 16], "texture": "#3"},
				"south": {"uv": [11, 13, 12, 16], "texture": "#3"},
				"west": {"uv": [10, 13, 11, 16], "texture": "#3"},
				"up": {"uv": [10, 13, 9, 12], "texture": "#3"},
				"down": {"uv": [11, 12, 10, 13], "texture": "#3"}
			}
		},
		{
			"name": "Head",
			"from": [0, 14.65625, -1.28125],
			"to": [4.0625, 14.78125, 2.78125],
			"rotation": {"angle": 22.5, "axis": "x", "origin": [2.03125, 14.71875, 0.75]},
			"faces": {
				"north": {"uv": [4, 2, 2, 0], "rotation": 180, "texture": "#2"},
				"east": {"uv": [14, 2.75, 16, 4.25], "rotation": 90, "texture": "#2"},
				"south": {"uv": [6, 0, 4, 2], "texture": "#2"},
				"west": {"uv": [4, 2, 6, 4], "rotation": 270, "texture": "#2"},
				"up": {"uv": [10, 2, 12, 4], "texture": "#3"},
				"down": {"uv": [10, 2, 12, 4], "rotation": 180, "texture": "#3"}
			}
		},
		{
			"name": "Right Leg",
			"from": [7.9625, 0, 6],
			"to": [11.9625, 12, 10],
			"rotation": {"angle": -22.5, "axis": "y", "origin": [8.0625, 0, 8]},
			"faces": {
				"north": {"uv": [1, 5, 2, 8], "texture": "#3"},
				"east": {"uv": [0, 5, 1, 8], "texture": "#3"},
				"south": {"uv": [3, 5, 4, 8], "texture": "#3"},
				"west": {"uv": [2, 5, 3, 8], "texture": "#3"},
				"up": {"uv": [2, 5, 1, 4], "texture": "#3"},
				"down": {"uv": [3, 4, 2, 5], "texture": "#3"}
			}
		},
		{
			"name": "Left Leg",
			"from": [3.975, -0.0625, 3.625],
			"to": [7.975, 11.9375, 7.625],
			"rotation": {"angle": 22.5, "axis": "x", "origin": [5.975, 5.9375, 5.625]},
			"faces": {
				"north": {"uv": [5, 13, 6, 16], "texture": "#3"},
				"east": {"uv": [4, 13, 5, 16], "texture": "#3"},
				"south": {"uv": [7, 13, 8, 16], "texture": "#3"},
				"west": {"uv": [6, 13, 7, 16], "texture": "#3"},
				"up": {"uv": [6, 13, 5, 12], "texture": "#3"},
				"down": {"uv": [7, 12, 6, 13], "texture": "#3"}
			}
		}
	],
	"display": {
		"thirdperson_righthand": {
			"rotation": [3, -180, 0],
			"translation": [0, 1, 1.5],
			"scale": [0.2, 0.2, 0.2]
		},
		"thirdperson_lefthand": {
			"scale": [0, 0, 0]
		},
		"firstperson_righthand": {
			"rotation": [0, 140, -2],
			"translation": [1.25, 0, 0],
			"scale": [0.3, 0.3, 0.3]
		},
		"firstperson_lefthand": {
			"scale": [0, 0, 0]
		},
		"ground": {
			"translation": [0, -1.25, 0],
			"scale": [0.15, 0.15, 0.15]
		},
		"gui": {
			"rotation": [-6, -156, 0],
			"translation": [0, -3.75, 0],
			"scale": [0.45, 0.45, 0.45]
		},
		"head": {
			"translation": [0, -30.25, 0],
			"scale": [1.6, 1.6, 1.6]
		}
	},
	"groups": [
		{
			"name": "root",
			"origin": [0, 0, 0],
			"children": [
				{
					"name": "Head",
					"origin": [0, 24, 0],
					"children": [0]
				},
				{
					"name": "Body",
					"origin": [0, 24, 0],
					"children": [1]
				},
				{
					"name": "RightArm",
					"origin": [6.25, 18, 0],
					"children": [2,
						{
							"name": "group",
							"origin": [16, 8, 8],
							"children": [3, 4, 5, 6, 7, 8, 9, 10, 11, 12, 13]
						}
					]
				},
				{
					"name": "LeftArm",
					"origin": [-6.25, 18, 0],
					"children": [14, 15]
				},
				{
					"name": "RightLeg",
					"origin": [1.9, 6, 0],
					"children": [16]
				},
				{
					"name": "LeftLeg",
					"origin": [-1.9, 6, 0],
					"children": [17]
				}
			]
		}
	]
}