{
	"credit": "Made with Blockbench",
	"texture_size": [64, 64],
	"textures": {
		"2": "block/prisoner",
		"8": "block/stripped_dark_oak_log",
		"9": "block/stripped_oak_log",
		"particle": "block/prisoner"
	},
	"elements": [
		{
			"name": "Head",
			"from": [4, 24, 4],
			"to": [12, 32, 12],
			"rotation": {"angle": 0, "axis": "y", "origin": [8, 28, 8]},
			"faces": {
				"north": {"uv": [2, 2, 4, 4], "texture": "#2"},
				"east": {"uv": [0, 2, 2, 4], "texture": "#2"},
				"south": {"uv": [6, 2, 8, 4], "texture": "#2"},
				"west": {"uv": [4, 2, 6, 4], "texture": "#2"},
				"up": {"uv": [4, 2, 2, 0], "texture": "#2"},
				"down": {"uv": [6, 0, 4, 2], "texture": "#2"}
			}
		},
		{
			"name": "Head",
			"from": [4, 23.9375, 3.9375],
			"to": [12.0625, 32, 4.0625],
			"rotation": {"angle": 0, "axis": "y", "origin": [8, 27.9375, 7.9375]},
			"faces": {
				"north": {"uv": [10, 0, 12, 2], "texture": "#2"},
				"east": {"uv": [14, 2.75, 16, 4.25], "texture": "#2"},
				"south": {"uv": [6, 2, 8, 4], "texture": "#2"},
				"west": {"uv": [4, 2, 6, 4], "texture": "#2"},
				"up": {"uv": [4, 2, 2, 0], "texture": "#2"},
				"down": {"uv": [6, 0, 4, 2], "texture": "#2"}
			}
		},
		{
			"name": "Head",
			"from": [11.96875, 23.9375, 3.96875],
			"to": [12.09375, 29.25, 12.03125],
			"rotation": {"angle": 0, "axis": "y", "origin": [12.03125, 27.96875, 8]},
			"faces": {
				"north": {"uv": [14, 0.75, 16, 2.75], "texture": "#2"},
				"east": {"uv": [12, 0, 14, 2], "texture": "#2"},
				"south": {"uv": [14, 0, 16, 2], "texture": "#2"},
				"west": {"uv": [14, 0.75, 16, 2.75], "texture": "#2"},
				"up": {"uv": [14, 0.75, 16, 2.75], "texture": "#2"},
				"down": {"uv": [14, 0.75, 16, 2.75], "texture": "#2"}
			}
		},
		{
			"name": "Head",
			"from": [3.90625, 23.9375, 3.96875],
			"to": [4.03125, 29.25, 12.03125],
			"rotation": {"angle": 0, "axis": "y", "origin": [3.96875, 27.96875, 8]},
			"faces": {
				"north": {"uv": [16, 0.75, 14, 2.75], "texture": "#2"},
				"east": {"uv": [12, 0, 14, 2], "texture": "#2"},
				"south": {"uv": [16, 0, 14, 2], "texture": "#2"},
				"west": {"uv": [14, 0, 12, 2], "texture": "#2"},
				"up": {"uv": [16, 0.75, 14, 2.75], "texture": "#2"},
				"down": {"uv": [16, 0.75, 14, 2.75], "texture": "#2"}
			}
		},
		{
			"name": "Head",
			"from": [3.9375, 23.9375, 12.0625],
			"to": [12, 29.25, 12.1875],
			"rotation": {"angle": 0, "axis": "y", "origin": [7.96875, 26.59375, 12.125]},
			"faces": {
				"north": {"uv": [12, 0, 14, 2], "texture": "#2"},
				"east": {"uv": [16, 0, 14, 2], "texture": "#2"},
				"south": {"uv": [14, 0, 12, 2], "texture": "#2"},
				"west": {"uv": [16, 0.75, 14, 2.75], "texture": "#2"},
				"up": {"uv": [16, 0.75, 14, 2.75], "rotation": 270, "texture": "#2"},
				"down": {"uv": [16, 0.75, 14, 2.75], "rotation": 90, "texture": "#2"}
			}
		},
		{
			"name": "Body",
			"from": [4, 12, 6],
			"to": [12, 24, 10],
			"rotation": {"angle": 0, "axis": "y", "origin": [8, 0, 8]},
			"faces": {
				"north": {"uv": [5, 5, 7, 8], "texture": "#2"},
				"east": {"uv": [4, 5, 5, 8], "texture": "#2"},
				"south": {"uv": [8, 5, 10, 8], "texture": "#2"},
				"west": {"uv": [7, 5, 8, 8], "texture": "#2"},
				"up": {"uv": [7, 5, 5, 4], "texture": "#2"},
				"down": {"uv": [9, 4, 7, 5], "texture": "#2"}
			}
		},
		{
			"name": "Right Arm",
			"from": [12, 19.25, 2],
			"to": [16, 31.25, 6],
			"rotation": {"angle": 45, "axis": "x", "origin": [14, 21.47917, -4.25]},
			"faces": {
				"north": {"uv": [11, 5, 12, 8], "texture": "#2"},
				"east": {"uv": [10, 5, 11, 8], "texture": "#2"},
				"south": {"uv": [13, 5, 14, 8], "texture": "#2"},
				"west": {"uv": [12, 5, 13, 8], "texture": "#2"},
				"up": {"uv": [12, 5, 11, 4], "texture": "#2"},
				"down": {"uv": [13, 4, 12, 5], "texture": "#2"}
			}
		},
		{
			"name": "Left Arm",
			"from": [0, 11.75, 3.75],
			"to": [4, 23.75, 7.75],
			"rotation": {"angle": 22.5, "axis": "x", "origin": [2, 17.75, 5.75]},
			"faces": {
				"north": {"uv": [9, 13, 10, 16], "texture": "#2"},
				"east": {"uv": [8, 13, 9, 16], "texture": "#2"},
				"south": {"uv": [11, 13, 12, 16], "texture": "#2"},
				"west": {"uv": [10, 13, 11, 16], "texture": "#2"},
				"up": {"uv": [10, 13, 9, 12], "texture": "#2"},
				"down": {"uv": [11, 12, 10, 13], "texture": "#2"}
			}
		},
		{
			"name": "Right Leg",
			"from": [7.9625, 0, 6],
			"to": [11.9625, 12, 10],
			"rotation": {"angle": 0, "axis": "y", "origin": [8.0625, 0, 8]},
			"faces": {
				"north": {"uv": [1, 5, 2, 8], "texture": "#2"},
				"east": {"uv": [0, 5, 1, 8], "texture": "#2"},
				"south": {"uv": [3, 5, 4, 8], "texture": "#2"},
				"west": {"uv": [2, 5, 3, 8], "texture": "#2"},
				"up": {"uv": [2, 5, 1, 4], "texture": "#2"},
				"down": {"uv": [3, 4, 2, 5], "texture": "#2"}
			}
		},
		{
			"name": "Left Leg",
			"from": [3.975, 1.1875, 8.125],
			"to": [7.975, 13.1875, 12.125],
			"rotation": {"angle": -22.5, "axis": "x", "origin": [5.975, 7.1875, 10.125]},
			"faces": {
				"north": {"uv": [5, 13, 6, 16], "texture": "#2"},
				"east": {"uv": [4, 13, 5, 16], "texture": "#2"},
				"south": {"uv": [7, 13, 8, 16], "texture": "#2"},
				"west": {"uv": [6, 13, 7, 16], "texture": "#2"},
				"up": {"uv": [6, 13, 5, 12], "texture": "#2"},
				"down": {"uv": [7, 12, 6, 13], "texture": "#2"}
			}
		},
		{
			"from": [13, 20.13636, 3.88636],
			"to": [15, 22.13636, 4.88636],
			"rotation": {"angle": 45, "axis": "x", "origin": [14, 21.47917, -4.25]},
			"faces": {
				"north": {"uv": [12, 11, 16, 15], "rotation": 180, "texture": "#8"},
				"east": {"uv": [12, 0, 16, 2], "rotation": 90, "texture": "#8"},
				"south": {"uv": [7, 5, 11, 9], "texture": "#8"},
				"west": {"uv": [0, 2, 4, 4], "rotation": 270, "texture": "#8"},
				"up": {"uv": [7, 1, 11, 3], "texture": "#8"},
				"down": {"uv": [0, 0, 4, 2], "rotation": 180, "texture": "#8"}
			}
		},
		{
			"from": [13.5, 20.63636, -0.11364],
			"to": [14.5, 21.63636, 3.88636],
			"rotation": {"angle": 45, "axis": "x", "origin": [14, 21.47917, -4.25]},
			"faces": {
				"north": {"uv": [14, 14, 16, 16], "rotation": 180, "texture": "#8"},
				"east": {"uv": [5, 0, 7, 8], "rotation": 90, "texture": "#8"},
				"south": {"uv": [14, 14, 16, 16], "texture": "#8"},
				"west": {"uv": [7, 8, 9, 16], "rotation": 270, "texture": "#8"},
				"up": {"uv": [1, 8, 3, 16], "texture": "#8"},
				"down": {"uv": [14, 8, 16, 16], "rotation": 180, "texture": "#8"}
			}
		},
		{
			"from": [13.5, 20.63636, -12.61364],
			"to": [14.5, 21.63636, -12.11364],
			"rotation": {"angle": 45, "axis": "x", "origin": [14, 21.47917, -4.25]},
			"faces": {
				"north": {"uv": [5, 4, 7, 6], "rotation": 180, "texture": "#9"},
				"east": {"uv": [6, 14, 8, 15], "rotation": 90, "texture": "#9"},
				"south": {"uv": [2, 12, 4, 14], "texture": "#9"},
				"west": {"uv": [2, 4, 4, 5], "rotation": 270, "texture": "#9"},
				"up": {"uv": [8, 0, 10, 1], "texture": "#9"},
				"down": {"uv": [11, 13, 13, 14], "rotation": 180, "texture": "#9"}
			}
		},
		{
			"from": [13.5, 20.13636, -6.11364],
			"to": [14.5, 20.63636, -0.11364],
			"rotation": {"angle": 45, "axis": "x", "origin": [14, 21.47917, -4.25]},
			"faces": {
				"north": {"uv": [14, 12, 16, 14], "rotation": 270, "texture": "#9"},
				"east": {"uv": [7.5, 5.5, 15.5, 6.5], "rotation": 180, "texture": "#9"},
				"south": {"uv": [14, 12, 16, 14], "rotation": 90, "texture": "#9"},
				"west": {"uv": [6, 12, 14, 13], "texture": "#9"},
				"up": {"uv": [0, 4, 8, 6], "rotation": 90, "texture": "#9"},
				"down": {"uv": [4.25, 7.75, 12.25, 9.75], "rotation": 270, "texture": "#9"}
			}
		},
		{
			"from": [13.5, 20.13636, -12.11364],
			"to": [14.5, 20.63636, -6.11364],
			"rotation": {"angle": 45, "axis": "x", "origin": [14, 21.47917, -4.25]},
			"faces": {
				"north": {"uv": [14, 12, 16, 14], "rotation": 270, "texture": "#9"},
				"east": {"uv": [6, 7.25, 14, 8.25], "rotation": 180, "texture": "#9"},
				"south": {"uv": [14, 12, 16, 14], "rotation": 90, "texture": "#9"},
				"west": {"uv": [0, 14, 8, 15], "texture": "#9"},
				"up": {"uv": [0, 4, 8, 6], "rotation": 90, "texture": "#9"},
				"down": {"uv": [3.25, 11.25, 11.25, 13.25], "rotation": 270, "texture": "#9"}
			}
		},
		{
			"from": [13, 20.63636, -6.11364],
			"to": [13.5, 21.63636, -0.11364],
			"rotation": {"angle": 45, "axis": "x", "origin": [14, 21.47917, -4.25]},
			"faces": {
				"north": {"uv": [14, 12, 16, 14], "rotation": 270, "texture": "#9"},
				"east": {"uv": [0, 8, 8, 10], "rotation": 180, "texture": "#9"},
				"south": {"uv": [14, 12, 16, 14], "rotation": 90, "texture": "#9"},
				"west": {"uv": [5.75, 8.25, 13.75, 10.25], "texture": "#9"},
				"up": {"uv": [6, 11, 14, 12], "rotation": 90, "texture": "#9"},
				"down": {"uv": [0, 14, 8, 15], "rotation": 270, "texture": "#9"}
			}
		},
		{
			"from": [13, 20.63636, -12.11364],
			"to": [13.5, 21.63636, -6.11364],
			"rotation": {"angle": 45, "axis": "x", "origin": [14, 21.47917, -4.25]},
			"faces": {
				"north": {"uv": [14, 12, 16, 14], "rotation": 270, "texture": "#9"},
				"east": {"uv": [0, 8, 8, 10], "rotation": 180, "texture": "#9"},
				"south": {"uv": [14, 12, 16, 14], "rotation": 90, "texture": "#9"},
				"west": {"uv": [6.5, 6.75, 14.5, 8.75], "texture": "#9"},
				"up": {"uv": [7, 7, 15, 8], "rotation": 90, "texture": "#9"},
				"down": {"uv": [0, 15, 8, 16], "rotation": 270, "texture": "#9"}
			}
		},
		{
			"from": [14.5, 20.63636, -6.11364],
			"to": [15, 21.63636, -0.11364],
			"rotation": {"angle": 45, "axis": "x", "origin": [14, 21.47917, -4.25]},
			"faces": {
				"north": {"uv": [14, 12, 16, 14], "rotation": 270, "texture": "#9"},
				"east": {"uv": [6, 5, 14, 7], "rotation": 180, "texture": "#9"},
				"south": {"uv": [14, 12, 16, 14], "rotation": 90, "texture": "#9"},
				"west": {"uv": [6, 8, 14, 10], "texture": "#9"},
				"up": {"uv": [8, 15, 16, 16], "rotation": 90, "texture": "#9"},
				"down": {"uv": [8, 13, 16, 14], "rotation": 270, "texture": "#9"}
			}
		},
		{
			"from": [14.5, 20.63636, -12.11364],
			"to": [15, 21.63636, -6.11364],
			"rotation": {"angle": 45, "axis": "x", "origin": [14, 21.47917, -4.25]},
			"faces": {
				"north": {"uv": [14, 12, 16, 14], "rotation": 270, "texture": "#9"},
				"east": {"uv": [6, 5, 14, 7], "rotation": 180, "texture": "#9"},
				"south": {"uv": [14, 12, 16, 14], "rotation": 90, "texture": "#9"},
				"west": {"uv": [6, 8, 14, 10], "texture": "#9"},
				"up": {"uv": [4, 12, 12, 13], "rotation": 90, "texture": "#9"},
				"down": {"uv": [8, 13, 16, 14], "rotation": 270, "texture": "#9"}
			}
		},
		{
			"from": [13.5, 21.63636, -6.11364],
			"to": [14.5, 22.13636, -0.11364],
			"rotation": {"angle": 45, "axis": "x", "origin": [14, 21.47917, -4.25]},
			"faces": {
				"north": {"uv": [14, 12, 16, 14], "rotation": 270, "texture": "#9"},
				"east": {"uv": [8, 9, 16, 10], "rotation": 180, "texture": "#9"},
				"south": {"uv": [14, 12, 16, 14], "rotation": 90, "texture": "#9"},
				"west": {"uv": [5, 2, 13, 3], "texture": "#9"},
				"up": {"uv": [4, 4, 12, 6], "rotation": 90, "texture": "#9"},
				"down": {"uv": [0, 8, 8, 10], "rotation": 270, "texture": "#9"}
			}
		},
		{
			"from": [13.5, 21.63636, -12.11364],
			"to": [14.5, 22.13636, -6.11364],
			"rotation": {"angle": 45, "axis": "x", "origin": [14, 21.47917, -4.25]},
			"faces": {
				"north": {"uv": [14, 12, 16, 14], "rotation": 270, "texture": "#9"},
				"east": {"uv": [8, 9, 16, 10], "rotation": 180, "texture": "#9"},
				"south": {"uv": [14, 12, 16, 14], "rotation": 90, "texture": "#9"},
				"west": {"uv": [5, 1, 13, 2], "texture": "#9"},
				"up": {"uv": [4, 4, 12, 6], "rotation": 90, "texture": "#9"},
				"down": {"uv": [0, 8, 8, 10], "rotation": 270, "texture": "#9"}
			}
		}
	],
	"display": {
		"thirdperson_righthand": {
			"rotation": [3, -180, 0],
			"translation": [0, 1, 1.5],
			"scale": [0.2, 0.2, 0.2]
		},
		"thirdperson_lefthand": {
			"scale": [0, 0, 0]
		},
		"firstperson_righthand": {
			"rotation": [0, 140, -2],
			"translation": [1.25, 0, 0],
			"scale": [0.3, 0.3, 0.3]
		},
		"firstperson_lefthand": {
			"scale": [0, 0, 0]
		},
		"ground": {
			"translation": [0, -1.25, 0],
			"scale": [0.15, 0.15, 0.15]
		},
		"gui": {
			"rotation": [-6, -156, 0],
			"translation": [0, -3.75, 0],
			"scale": [0.45, 0.45, 0.45]
		},
		"head": {
			"translation": [0, -30.25, 0],
			"scale": [1.6, 1.6, 1.6]
		}
	},
	"groups": [
		{
			"name": "root",
			"origin": [0, 0, 0],
			"children": [
				{
					"name": "Head",
					"origin": [0, 24, 0],
					"children": [0, 1, 2, 3, 4]
				},
				{
					"name": "Body",
					"origin": [0, 24, 0],
					"children": [5]
				},
				{
					"name": "RightArm",
					"origin": [6.25, 18, 0],
					"children": [6]
				},
				{
					"name": "LeftArm",
					"origin": [-6.25, 18, 0],
					"children": [7]
				},
				{
					"name": "RightLeg",
					"origin": [1.9, 6, 0],
					"children": [8]
				},
				{
					"name": "LeftLeg",
					"origin": [-1.9, 6, 0],
					"children": [9]
				}
			]
		},
		{
			"name": "group",
			"origin": [16, 8, 8],
			"children": [10, 11, 12, 13, 14, 15, 16, 17, 18, 19, 20]
		}
	]
}