{
	"credit": "Made with Blockbench",
	"texture_size": [64, 64],
	"textures": {
		"2": "block/reaper",
		"4": "block/dark_oak_log",
		"6": "block/polished_blackstone",
		"7": "block/blast_furnace_top",
		"8": "block/reaper-angry",
		"particle": "block/reaper"
	},
	"elements": [
		{
			"name": "Head",
			"from": [4, 24, 4],
			"to": [12, 32, 12],
			"rotation": {"angle": 0, "axis": "y", "origin": [8, 28, 8]},
			"faces": {
				"north": {"uv": [2, 2, 4, 4], "texture": "#8"},
				"east": {"uv": [0, 2, 2, 4], "texture": "#8"},
				"south": {"uv": [6, 2, 8, 4], "texture": "#8"},
				"west": {"uv": [4, 2, 6, 4], "texture": "#8"},
				"up": {"uv": [4, 2, 2, 0], "texture": "#8"},
				"down": {"uv": [6, 0, 4, 2], "texture": "#8"}
			}
		},
		{
			"name": "Body",
			"from": [4, 12, 6],
			"to": [12, 24, 10],
			"rotation": {"angle": 0, "axis": "y", "origin": [8, 0, 8]},
			"faces": {
				"north": {"uv": [5, 5, 7, 8], "texture": "#8"},
				"east": {"uv": [4, 5, 5, 8], "texture": "#8"},
				"south": {"uv": [8, 5, 10, 8], "texture": "#8"},
				"west": {"uv": [7, 5, 8, 8], "texture": "#8"},
				"up": {"uv": [7, 5, 5, 4], "texture": "#8"},
				"down": {"uv": [9, 4, 7, 5], "texture": "#8"}
			}
		},
		{
			"name": "Right Arm",
			"from": [12, 20, -1.75],
			"to": [16, 24, 10.25],
			"rotation": {"angle": 0, "axis": "x", "origin": [14, 22, 4.25]},
			"faces": {
				"north": {"uv": [13, 4, 12, 5], "rotation": 180, "texture": "#8"},
				"east": {"uv": [10, 5, 11, 8], "rotation": 270, "texture": "#8"},
				"south": {"uv": [12, 5, 11, 4], "texture": "#8"},
				"west": {"uv": [12, 5, 13, 8], "rotation": 90, "texture": "#8"},
				"up": {"uv": [11, 5, 12, 8], "rotation": 180, "texture": "#8"},
				"down": {"uv": [13, 5, 14, 8], "texture": "#8"}
			}
		},
		{
			"name": "Left Arm",
			"from": [0, 12, 8],
			"to": [4, 24, 12],
			"rotation": {"angle": -22.5, "axis": "x", "origin": [2, 18, 10]},
			"faces": {
				"north": {"uv": [9, 13, 10, 16], "texture": "#8"},
				"east": {"uv": [8, 13, 9, 16], "texture": "#8"},
				"south": {"uv": [11, 13, 12, 16], "texture": "#8"},
				"west": {"uv": [10, 13, 11, 16], "texture": "#8"},
				"up": {"uv": [10, 13, 9, 12], "texture": "#8"},
				"down": {"uv": [11, 12, 10, 13], "texture": "#8"}
			}
		},
		{
			"name": "Right Leg",
			"from": [7.9625, 1.75, 10.4375],
			"to": [11.9625, 13.75, 14.4375],
			"rotation": {"angle": -22.5, "axis": "x", "origin": [8.0625, 1.75, 12.4375]},
			"faces": {
				"north": {"uv": [1, 5, 2, 8], "texture": "#8"},
				"east": {"uv": [0, 5, 1, 8], "texture": "#8"},
				"south": {"uv": [3, 5, 4, 8], "texture": "#8"},
				"west": {"uv": [2, 5, 3, 8], "texture": "#8"},
				"up": {"uv": [2, 5, 1, 4], "texture": "#8"},
				"down": {"uv": [3, 4, 2, 5], "texture": "#8"}
			}
		},
		{
			"name": "Left Leg",
			"from": [3.975, -0.25, 3.5],
			"to": [7.975, 11.75, 7.5],
			"rotation": {"angle": 22.5, "axis": "x", "origin": [5.975, 5.75, 5.5]},
			"faces": {
				"north": {"uv": [5, 13, 6, 16], "texture": "#8"},
				"east": {"uv": [4, 13, 5, 16], "texture": "#8"},
				"south": {"uv": [7, 13, 8, 16], "texture": "#8"},
				"west": {"uv": [6, 13, 7, 16], "texture": "#8"},
				"up": {"uv": [6, 13, 5, 12], "texture": "#8"},
				"down": {"uv": [7, 12, 6, 13], "texture": "#8"}
			}
		},
		{
			"from": [13.45536, 15.25, 0.20536],
			"to": [14.45536, 18, 1.20536],
			"rotation": {"angle": 0, "axis": "z", "origin": [13.95536, 24.20089, -6.5]},
			"faces": {
				"north": {"uv": [14, 5, 16, 9], "texture": "#4"},
				"east": {"uv": [14, 5, 16, 9], "texture": "#4"},
				"south": {"uv": [14, 5, 16, 9], "texture": "#4"},
				"west": {"uv": [14, 5, 16, 9], "texture": "#4"},
				"up": {"uv": [1, 2, 3, 4], "rotation": 270, "texture": "#4"},
				"down": {"uv": [14, 9, 16, 11], "rotation": 90, "texture": "#4"}
			}
		},
		{
			"from": [13.45536, 18, 0.08036],
			"to": [14.45536, 20.75, 1.08036],
			"rotation": {"angle": 0, "axis": "z", "origin": [13.95536, 24.20089, -6.5]},
			"faces": {
				"north": {"uv": [5, 5, 7, 9], "texture": "#4"},
				"east": {"uv": [5, 5, 7, 9], "texture": "#4"},
				"south": {"uv": [5, 5, 7, 9], "texture": "#4"},
				"west": {"uv": [5, 5, 7, 9], "texture": "#4"},
				"up": {"uv": [1, 2, 3, 4], "rotation": 270, "texture": "#4"},
				"down": {"uv": [14, 9, 16, 11], "rotation": 90, "texture": "#4"}
			}
		},
		{
			"from": [13.45536, 20.75, -0.04464],
			"to": [14.45536, 23.5, 0.95536],
			"rotation": {"angle": 0, "axis": "z", "origin": [13.95536, 24.20089, -6.5]},
			"faces": {
				"north": {"uv": [6, 9, 8, 13], "texture": "#4"},
				"east": {"uv": [6, 9, 8, 13], "texture": "#4"},
				"south": {"uv": [6, 9, 8, 13], "texture": "#4"},
				"west": {"uv": [6, 9, 8, 13], "texture": "#4"},
				"up": {"uv": [1, 2, 3, 4], "rotation": 270, "texture": "#4"},
				"down": {"uv": [14, 9, 16, 11], "rotation": 90, "texture": "#4"}
			}
		},
		{
			"from": [13.45536, 23.5, -0.16964],
			"to": [14.45536, 26.25, 0.83036],
			"rotation": {"angle": 0, "axis": "z", "origin": [13.95536, 24.20089, -6.5]},
			"faces": {
				"north": {"uv": [14, 12, 16, 16], "texture": "#4"},
				"east": {"uv": [14, 12, 16, 16], "texture": "#4"},
				"south": {"uv": [14, 12, 16, 16], "texture": "#4"},
				"west": {"uv": [14, 12, 16, 16], "texture": "#4"},
				"up": {"uv": [1, 2, 3, 4], "rotation": 270, "texture": "#4"},
				"down": {"uv": [14, 9, 16, 11], "rotation": 90, "texture": "#4"}
			}
		},
		{
			"from": [13.45536, 26.25, -0.29464],
			"to": [14.45536, 29, 0.70536],
			"rotation": {"angle": 0, "axis": "z", "origin": [13.95536, 24.20089, -6.5]},
			"faces": {
				"north": {"uv": [2, 10, 4, 14], "texture": "#4"},
				"east": {"uv": [2, 10, 4, 14], "texture": "#4"},
				"south": {"uv": [2, 10, 4, 14], "texture": "#4"},
				"west": {"uv": [2, 10, 4, 14], "texture": "#4"},
				"up": {"uv": [1, 2, 3, 4], "rotation": 270, "texture": "#4"},
				"down": {"uv": [14, 9, 16, 11], "rotation": 90, "texture": "#4"}
			}
		},
		{
			"from": [13.45536, 12.5, 0.20536],
			"to": [14.45536, 15.25, 1.20536],
			"rotation": {"angle": 0, "axis": "z", "origin": [13.95536, 24.20089, -6.5]},
			"faces": {
				"north": {"uv": [14, 9, 16, 13], "texture": "#4"},
				"east": {"uv": [14, 9, 16, 13], "texture": "#4"},
				"south": {"uv": [14, 9, 16, 13], "texture": "#4"},
				"west": {"uv": [14, 9, 16, 13], "texture": "#4"},
				"up": {"uv": [1, 2, 3, 4], "rotation": 270, "texture": "#4"},
				"down": {"uv": [14, 9, 16, 11], "rotation": 90, "texture": "#4"}
			}
		},
		{
			"from": [13.45536, 9.75, 0.01786],
			"to": [14.45536, 12.5, 1.01786],
			"rotation": {"angle": 0, "axis": "z", "origin": [13.95536, 24.20089, -6.5]},
			"faces": {
				"north": {"uv": [1, 12, 3, 16], "texture": "#4"},
				"east": {"uv": [1, 12, 3, 16], "texture": "#4"},
				"south": {"uv": [1, 12, 3, 16], "texture": "#4"},
				"west": {"uv": [1, 12, 3, 16], "texture": "#4"},
				"up": {"uv": [1, 2, 3, 4], "rotation": 270, "texture": "#4"},
				"down": {"uv": [14, 9, 16, 11], "rotation": 90, "texture": "#4"}
			}
		},
		{
			"from": [13.45536, 7, -0.16964],
			"to": [14.45536, 9.75, 0.83036],
			"rotation": {"angle": 0, "axis": "z", "origin": [13.95536, 24.20089, -6.5]},
			"faces": {
				"north": {"uv": [12, 1, 14, 5], "texture": "#4"},
				"east": {"uv": [12, 1, 14, 5], "texture": "#4"},
				"south": {"uv": [12, 1, 14, 5], "texture": "#4"},
				"west": {"uv": [12, 1, 14, 5], "texture": "#4"},
				"up": {"uv": [1, 2, 3, 4], "rotation": 270, "texture": "#4"},
				"down": {"uv": [14, 9, 16, 11], "rotation": 90, "texture": "#4"}
			}
		},
		{
			"from": [13.45536, 4.25, -0.35714],
			"to": [14.45536, 7, 0.64286],
			"rotation": {"angle": 0, "axis": "z", "origin": [13.95536, 24.20089, -6.5]},
			"faces": {
				"north": {"uv": [7, 5, 9, 9], "texture": "#4"},
				"east": {"uv": [7, 5, 9, 9], "texture": "#4"},
				"south": {"uv": [7, 5, 9, 9], "texture": "#4"},
				"west": {"uv": [7, 5, 9, 9], "texture": "#4"},
				"up": {"uv": [1, 2, 3, 4], "rotation": 270, "texture": "#4"},
				"down": {"uv": [14, 9, 16, 11], "rotation": 90, "texture": "#4"}
			}
		},
		{
			"from": [13.45536, 1.5, -0.54464],
			"to": [14.45536, 4.25, 0.45536],
			"rotation": {"angle": 0, "axis": "z", "origin": [13.95536, 24.20089, -6.5]},
			"faces": {
				"north": {"uv": [12, 9, 14, 13], "texture": "#4"},
				"east": {"uv": [12, 9, 14, 13], "texture": "#4"},
				"south": {"uv": [12, 9, 14, 13], "texture": "#4"},
				"west": {"uv": [0, 0, 2, 4], "texture": "#4"},
				"up": {"uv": [1, 2, 3, 4], "rotation": 270, "texture": "#4"},
				"down": {"uv": [14, 9, 16, 11], "rotation": 90, "texture": "#4"}
			}
		},
		{
			"from": [13.45536, 29, -0.29464],
			"to": [14.45536, 32, 0.70536],
			"rotation": {"angle": 0, "axis": "z", "origin": [13.95536, 24.20089, -6.5]},
			"faces": {
				"north": {"uv": [8, 9, 10, 16], "texture": "#6"},
				"east": {"uv": [12, 9, 14, 16], "texture": "#6"},
				"south": {"uv": [11, 5, 13, 12], "texture": "#6"},
				"west": {"uv": [14, 2, 16, 9], "texture": "#6"},
				"up": {"uv": [14, 7, 16, 9], "rotation": 270, "texture": "#6"},
				"down": {"uv": [9.5, 13.375, 10.5, 14.375], "rotation": 90, "texture": "#2"}
			}
		},
		{
			"from": [13.45536, 29.5, -3.04464],
			"to": [14.45536, 31.5, -0.29464],
			"rotation": {"angle": 0, "axis": "z", "origin": [13.95536, 24.20089, -6.5]},
			"faces": {
				"north": {"uv": [4, 6, 7, 7], "texture": "#7"},
				"east": {"uv": [5, 4, 13, 10], "texture": "#7"},
				"south": {"uv": [4.25, 14.625, 5.25, 15.625], "texture": "#2"},
				"west": {"uv": [5, 4, 13, 10], "texture": "#7"},
				"up": {"uv": [5, 4, 13, 7], "rotation": 270, "texture": "#7"},
				"down": {"uv": [5, 4, 13, 7], "rotation": 90, "texture": "#7"}
			}
		},
		{
			"from": [13.45536, 29.5, -5.79464],
			"to": [14.45536, 31.25, -3.04464],
			"rotation": {"angle": 0, "axis": "z", "origin": [13.95536, 24.20089, -6.5]},
			"faces": {
				"north": {"uv": [12, 4, 15, 5], "texture": "#7"},
				"east": {"uv": [6, 5, 13, 10], "texture": "#7"},
				"south": {"uv": [4.25, 14.625, 5.25, 15.625], "texture": "#2"},
				"west": {"uv": [6, 5, 13, 10], "texture": "#7"},
				"up": {"uv": [4, 3, 11, 6], "rotation": 270, "texture": "#7"},
				"down": {"uv": [4, 3, 11, 6], "rotation": 90, "texture": "#7"}
			}
		},
		{
			"from": [13.45536, 29.5, -8.54464],
			"to": [14.45536, 31, -5.79464],
			"rotation": {"angle": 0, "axis": "z", "origin": [13.95536, 24.20089, -6.5]},
			"faces": {
				"north": {"uv": [3, 4, 6, 5], "texture": "#7"},
				"east": {"uv": [6, 5, 13, 9], "texture": "#7"},
				"south": {"uv": [4.25, 14.625, 5.25, 15.625], "texture": "#2"},
				"west": {"uv": [6, 5, 13, 9], "texture": "#7"},
				"up": {"uv": [1, 10, 8, 13], "rotation": 270, "texture": "#7"},
				"down": {"uv": [1, 10, 8, 13], "rotation": 90, "texture": "#7"}
			}
		},
		{
			"from": [13.45536, 29.25, -9.54464],
			"to": [14.45536, 30.75, -8.54464],
			"rotation": {"angle": 0, "axis": "z", "origin": [13.95536, 24.20089, -6.5]},
			"faces": {
				"north": {"uv": [12, 4, 15, 5], "texture": "#7"},
				"east": {"uv": [11, 5, 14, 9], "texture": "#7"},
				"south": {"uv": [9, 11, 12, 12], "texture": "#7"},
				"west": {"uv": [11, 5, 14, 9], "texture": "#7"},
				"up": {"uv": [11, 3, 15, 6], "rotation": 270, "texture": "#7"},
				"down": {"uv": [11, 3, 15, 6], "rotation": 90, "texture": "#7"}
			}
		},
		{
			"from": [13.45536, 29, -10.54464],
			"to": [14.45536, 30.5, -9.54464],
			"rotation": {"angle": 0, "axis": "z", "origin": [13.95536, 24.20089, -6.5]},
			"faces": {
				"north": {"uv": [3, 13, 6, 14], "texture": "#7"},
				"east": {"uv": [11, 7, 14, 11], "texture": "#7"},
				"south": {"uv": [12, 10, 15, 11], "texture": "#7"},
				"west": {"uv": [11, 7, 14, 11], "texture": "#7"},
				"up": {"uv": [9, 3, 13, 6], "rotation": 270, "texture": "#7"},
				"down": {"uv": [9, 3, 13, 6], "rotation": 90, "texture": "#7"}
			}
		},
		{
			"from": [13.45536, 29, -11.04464],
			"to": [14.45536, 30.25, -10.54464],
			"rotation": {"angle": 0, "axis": "z", "origin": [13.95536, 24.20089, -6.5]},
			"faces": {
				"north": {"uv": [12, 6, 15, 7], "texture": "#7"},
				"east": {"uv": [13, 5, 15, 9], "texture": "#7"},
				"south": {"uv": [4.25, 14.625, 5.25, 15.625], "texture": "#2"},
				"west": {"uv": [13, 5, 15, 9], "texture": "#7"},
				"up": {"uv": [9, 7, 11, 10], "rotation": 270, "texture": "#7"},
				"down": {"uv": [9, 7, 11, 10], "rotation": 90, "texture": "#7"}
			}
		},
		{
			"from": [13.45536, 28.75, -11.54464],
			"to": [14.45536, 30, -11.04464],
			"rotation": {"angle": 0, "axis": "z", "origin": [13.95536, 24.20089, -6.5]},
			"faces": {
				"north": {"uv": [4, 11, 7, 12], "texture": "#7"},
				"east": {"uv": [6, 5, 8, 9], "texture": "#7"},
				"south": {"uv": [6, 13, 9, 14], "texture": "#7"},
				"west": {"uv": [6, 5, 8, 9], "texture": "#7"},
				"up": {"uv": [8, 4, 10, 7], "rotation": 270, "texture": "#7"},
				"down": {"uv": [8, 4, 10, 7], "rotation": 90, "texture": "#7"}
			}
		},
		{
			"from": [13.45536, 28.75, -12.04464],
			"to": [14.45536, 29.75, -11.54464],
			"rotation": {"angle": 0, "axis": "z", "origin": [13.95536, 24.20089, -6.5]},
			"faces": {
				"north": {"uv": [11, 6, 14, 7], "texture": "#7"},
				"east": {"uv": [10, 8, 12, 11], "texture": "#7"},
				"south": {"uv": [4.25, 14.625, 5.25, 15.625], "texture": "#2"},
				"west": {"uv": [9, 10, 11, 13], "texture": "#7"},
				"up": {"uv": [5, 6, 7, 9], "rotation": 270, "texture": "#7"},
				"down": {"uv": [5, 6, 7, 9], "rotation": 90, "texture": "#7"}
			}
		},
		{
			"from": [13.45536, 28.5, -12.54464],
			"to": [14.45536, 29.5, -12.04464],
			"rotation": {"angle": 0, "axis": "z", "origin": [13.95536, 24.20089, -6.5]},
			"faces": {
				"north": {"uv": [5, 7, 8, 8], "texture": "#7"},
				"east": {"uv": [13, 12, 15, 15], "texture": "#7"},
				"south": {"uv": [12, 12, 15, 13], "texture": "#7"},
				"west": {"uv": [13, 12, 15, 15], "texture": "#7"},
				"up": {"uv": [9, 10, 11, 13], "rotation": 270, "texture": "#7"},
				"down": {"uv": [9, 10, 11, 13], "rotation": 90, "texture": "#7"}
			}
		},
		{
			"from": [13.45536, 28.25, -13.04464],
			"to": [14.45536, 29, -12.54464],
			"rotation": {"angle": 0, "axis": "z", "origin": [13.95536, 24.20089, -6.5]},
			"faces": {
				"north": {"uv": [1, 13, 4, 16], "texture": "#7"},
				"east": {"uv": [12, 13, 14, 16], "texture": "#7"},
				"south": {"uv": [13, 11, 16, 12], "texture": "#7"},
				"west": {"uv": [12, 13, 14, 16], "texture": "#7"},
				"up": {"uv": [9, 8, 10, 11], "rotation": 270, "texture": "#7"},
				"down": {"uv": [9, 4, 11, 7], "rotation": 90, "texture": "#7"}
			}
		},
		{
			"from": [13.45536, 28, -13.54464],
			"to": [14.45536, 28.75, -13.04464],
			"rotation": {"angle": 0, "axis": "z", "origin": [13.95536, 24.20089, -6.5]},
			"faces": {
				"north": {"uv": [6, 10, 9, 11], "texture": "#7"},
				"east": {"uv": [13, 6, 15, 8], "texture": "#7"},
				"south": {"uv": [3, 10, 6, 11], "texture": "#7"},
				"west": {"uv": [13, 6, 15, 8], "texture": "#7"},
				"up": {"uv": [10, 6, 12, 9], "rotation": 270, "texture": "#7"},
				"down": {"uv": [12, 8, 14, 11], "rotation": 90, "texture": "#7"}
			}
		},
		{
			"from": [13.45536, 28, -13.79464],
			"to": [14.45536, 28.25, -13.54464],
			"rotation": {"angle": 0, "axis": "z", "origin": [13.95536, 24.20089, -6.5]},
			"faces": {
				"north": {"uv": [12, 4, 13, 5], "texture": "#7"},
				"east": {"uv": [12, 4, 13, 5], "texture": "#7"},
				"south": {"uv": [12, 4, 13, 5], "texture": "#7"},
				"west": {"uv": [12, 4, 13, 5], "texture": "#7"},
				"up": {"uv": [12, 4, 13, 5], "rotation": 270, "texture": "#7"},
				"down": {"uv": [12, 4, 13, 5], "rotation": 90, "texture": "#7"}
			}
		},
		{
			"from": [13.45536, 28, -14.04464],
			"to": [14.45536, 28.25, -13.79464],
			"rotation": {"angle": 0, "axis": "z", "origin": [13.95536, 24.20089, -6.5]},
			"faces": {
				"north": {"uv": [10, 5, 13, 6], "texture": "#7"},
				"east": {"uv": [13, 15, 14, 16], "texture": "#7"},
				"south": {"uv": [4.25, 14.625, 5.25, 15.625], "texture": "#2"},
				"west": {"uv": [13, 15, 14, 16], "texture": "#7"},
				"up": {"uv": [7, 9, 8, 12], "rotation": 270, "texture": "#7"},
				"down": {"uv": [4.25, 14.625, 5.25, 15.625], "rotation": 90, "texture": "#2"}
			}
		},
		{
			"from": [13.45536, 27.75, -14.04464],
			"to": [14.45536, 28, -13.79464],
			"rotation": {"angle": 0, "axis": "z", "origin": [13.95536, 24.20089, -6.5]},
			"faces": {
				"north": {"uv": [10, 6, 11, 7], "texture": "#7"},
				"east": {"uv": [10, 6, 11, 7], "texture": "#7"},
				"south": {"uv": [10, 6, 11, 7], "texture": "#7"},
				"west": {"uv": [10, 6, 11, 7], "texture": "#7"},
				"up": {"uv": [10, 6, 11, 7], "rotation": 270, "texture": "#7"},
				"down": {"uv": [6, 7, 7, 10], "rotation": 90, "texture": "#7"}
			}
		},
		{
			"from": [13.45536, 27.75, -13.79464],
			"to": [14.45536, 28, -13.54464],
			"rotation": {"angle": 0, "axis": "z", "origin": [13.95536, 24.20089, -6.5]},
			"faces": {
				"north": {"uv": [8, 7, 9, 8], "texture": "#7"},
				"east": {"uv": [8, 7, 9, 8], "texture": "#7"},
				"south": {"uv": [8, 7, 9, 8], "texture": "#7"},
				"west": {"uv": [8, 7, 9, 8], "texture": "#7"},
				"up": {"uv": [8, 7, 9, 8], "rotation": 270, "texture": "#7"},
				"down": {"uv": [10, 9, 11, 12], "rotation": 90, "texture": "#7"}
			}
		},
		{
			"from": [13.45536, 28.25, -13.79464],
			"to": [14.45536, 28.5, -13.54464],
			"rotation": {"angle": 0, "axis": "z", "origin": [13.95536, 24.20089, -6.5]},
			"faces": {
				"north": {"uv": [8, 7, 11, 8], "texture": "#7"},
				"east": {"uv": [14, 6, 15, 7], "texture": "#7"},
				"south": {"uv": [14, 6, 15, 7], "texture": "#7"},
				"west": {"uv": [14, 6, 15, 7], "texture": "#7"},
				"up": {"uv": [13, 4, 14, 7], "rotation": 270, "texture": "#7"},
				"down": {"uv": [14, 6, 15, 7], "rotation": 90, "texture": "#7"}
			}
		},
		{
			"from": [13.45536, 29, -12.79464],
			"to": [14.45536, 29.25, -12.54464],
			"rotation": {"angle": 0, "axis": "z", "origin": [13.95536, 24.20089, -6.5]},
			"faces": {
				"north": {"uv": [6, 9, 9, 10], "texture": "#7"},
				"east": {"uv": [14, 6, 15, 7], "texture": "#7"},
				"south": {"uv": [14, 6, 15, 7], "texture": "#7"},
				"west": {"uv": [14, 6, 15, 7], "texture": "#7"},
				"up": {"uv": [11, 6, 12, 9], "rotation": 270, "texture": "#7"},
				"down": {"uv": [14, 6, 15, 7], "rotation": 90, "texture": "#7"}
			}
		}
	],
	"display": {
		"thirdperson_righthand": {
			"rotation": [3, -180, 0],
			"translation": [0, 1, 1.5],
			"scale": [0.2, 0.2, 0.2]
		},
		"thirdperson_lefthand": {
			"scale": [0, 0, 0]
		},
		"firstperson_righthand": {
			"rotation": [0, 140, -2],
			"translation": [1.25, 0, 0],
			"scale": [0.3, 0.3, 0.3]
		},
		"firstperson_lefthand": {
			"scale": [0, 0, 0]
		},
		"ground": {
			"translation": [0, -1.25, 0],
			"scale": [0.15, 0.15, 0.15]
		},
		"gui": {
			"rotation": [-6, -156, 0],
			"translation": [0, -3.75, 0],
			"scale": [0.45, 0.45, 0.45]
		},
		"head": {
			"translation": [0, -30.25, 0],
			"scale": [1.6, 1.6, 1.6]
		}
	},
	"groups": [
		{
			"name": "root",
			"origin": [0, 0, 0],
			"children": [
				{
					"name": "Head",
					"origin": [0, 24, 0],
					"children": [0]
				},
				{
					"name": "Body",
					"origin": [0, 24, 0],
					"children": [1]
				},
				{
					"name": "RightArm",
					"origin": [6.25, 18, 0],
					"children": [2]
				},
				{
					"name": "LeftArm",
					"origin": [-6.25, 18, 0],
					"children": [3]
				},
				{
					"name": "RightLeg",
					"origin": [1.9, 6, 0],
					"children": [4]
				},
				{
					"name": "LeftLeg",
					"origin": [-1.9, 6, 0],
					"children": [5]
				}
			]
		},
		{
			"name": "scythe",
			"origin": [14, 11, 8],
			"children": [6, 7, 8, 9, 10, 11, 12, 13, 14, 15, 16, 17, 18, 19, 20, 21, 22, 23, 24, 25, 26, 27, 28, 29, 30, 31, 32, 33]
		}
	]
}