{
	"credit": "Made with Blockbench",
	"texture_size": [64, 64],
	"textures": {
		"2": "block/reaper",
		"4": "block/dark_oak_log",
		"6": "block/polished_blackstone",
		"7": "block/blast_furnace_top",
		"8": "block/reaper-angry",
		"particle": "block/reaper"
	},
	"elements": [
		{
			"name": "Head",
			"from": [4, 24, 4],
			"to": [12, 32, 12],
			"rotation": {"angle": 0, "axis": "y", "origin": [8, 28, 8]},
			"faces": {
				"north": {"uv": [2, 2, 4, 4], "texture": "#8"},
				"east": {"uv": [0, 2, 2, 4], "texture": "#8"},
				"south": {"uv": [6, 2, 8, 4], "texture": "#8"},
				"west": {"uv": [4, 2, 6, 4], "texture": "#8"},
				"up": {"uv": [4, 2, 2, 0], "texture": "#8"},
				"down": {"uv": [6, 0, 4, 2], "texture": "#8"}
			}
		},
		{
			"name": "Body",
			"from": [4, 12, 6],
			"to": [12, 24, 10],
			"rotation": {"angle": 0, "axis": "y", "origin": [8, 0, 8]},
			"faces": {
				"north": {"uv": [5, 5, 7, 8], "texture": "#8"},
				"east": {"uv": [4, 5, 5, 8], "texture": "#8"},
				"south": {"uv": [8, 5, 10, 8], "texture": "#8"},
				"west": {"uv": [7, 5, 8, 8], "texture": "#8"},
				"up": {"uv": [7, 5, 5, 4], "texture": "#8"},
				"down": {"uv": [9, 4, 7, 5], "texture": "#8"}
			}
		},
		{
			"name": "Right Arm",
			"from": [12, 20, -1.75],
			"to": [16, 24, 10.25],
			"rotation": {"angle": 0, "axis": "y", "origin": [14, 22, 4.25]},
			"faces": {
				"north": {"uv": [13, 4, 12, 5], "rotation": 180, "texture": "#8"},
				"east": {"uv": [10, 5, 11, 8], "rotation": 270, "texture": "#8"},
				"south": {"uv": [12, 5, 11, 4], "texture": "#8"},
				"west": {"uv": [12, 5, 13, 8], "rotation": 90, "texture": "#8"},
				"up": {"uv": [11, 5, 12, 8], "rotation": 180, "texture": "#8"},
				"down": {"uv": [13, 5, 14, 8], "texture": "#8"}
			}
		},
		{
			"name": "Left Arm",
			"from": [0, 18, -2],
			"to": [4, 22, 10],
			"rotation": {"angle": -22.5, "axis": "x", "origin": [2, 20, 4]},
			"faces": {
				"north": {"uv": [11, 12, 10, 13], "rotation": 180, "texture": "#8"},
				"east": {"uv": [8, 13, 9, 16], "rotation": 270, "texture": "#8"},
				"south": {"uv": [10, 13, 9, 12], "texture": "#8"},
				"west": {"uv": [10, 13, 11, 16], "rotation": 90, "texture": "#8"},
				"up": {"uv": [9, 13, 10, 16], "rotation": 180, "texture": "#8"},
				"down": {"uv": [11, 13, 12, 16], "texture": "#8"}
			}
		},
		{
			"name": "Right Leg",
			"from": [7.9625, 0.5625, 6.0625],
			"to": [11.9625, 12.5625, 10.0625],
			"rotation": {"angle": 0, "axis": "x", "origin": [8.0625, 0.5625, 8.0625]},
			"faces": {
				"north": {"uv": [1, 5, 2, 8], "texture": "#8"},
				"east": {"uv": [0, 5, 1, 8], "texture": "#8"},
				"south": {"uv": [3, 5, 4, 8], "texture": "#8"},
				"west": {"uv": [2, 5, 3, 8], "texture": "#8"},
				"up": {"uv": [2, 5, 1, 4], "texture": "#8"},
				"down": {"uv": [3, 4, 2, 5], "texture": "#8"}
			}
		},
		{
			"name": "Left Leg",
			"from": [3.975, 1.25, 8.0625],
			"to": [7.975, 13.25, 12.0625],
			"rotation": {"angle": -22.5, "axis": "x", "origin": [5.975, 7.25, 10.0625]},
			"faces": {
				"north": {"uv": [5, 13, 6, 16], "texture": "#8"},
				"east": {"uv": [4, 13, 5, 16], "texture": "#8"},
				"south": {"uv": [7, 13, 8, 16], "texture": "#8"},
				"west": {"uv": [6, 13, 7, 16], "texture": "#8"},
				"up": {"uv": [6, 13, 5, 12], "texture": "#8"},
				"down": {"uv": [7, 12, 6, 13], "texture": "#8"}
			}
		},
		{
			"from": [5.75446, 22.45089, -0.29464],
			"to": [8.50446, 23.45089, 0.70536],
			"rotation": {"angle": 22.5, "axis": "z", "origin": [14.70536, 22.95089, -7]},
			"faces": {
				"north": {"uv": [14, 5, 16, 9], "rotation": 270, "texture": "#4"},
				"east": {"uv": [1, 2, 3, 4], "texture": "#4"},
				"south": {"uv": [14, 5, 16, 9], "rotation": 90, "texture": "#4"},
				"west": {"uv": [14, 9, 16, 11], "rotation": 180, "texture": "#4"},
				"up": {"uv": [14, 5, 16, 9], "rotation": 90, "texture": "#4"},
				"down": {"uv": [14, 5, 16, 9], "rotation": 90, "texture": "#4"}
			}
		},
		{
			"from": [8.50446, 22.45089, -0.41964],
			"to": [11.25446, 23.45089, 0.58036],
			"rotation": {"angle": 22.5, "axis": "z", "origin": [14.70536, 22.95089, -7]},
			"faces": {
				"north": {"uv": [5, 5, 7, 9], "rotation": 270, "texture": "#4"},
				"east": {"uv": [1, 2, 3, 4], "texture": "#4"},
				"south": {"uv": [5, 5, 7, 9], "rotation": 90, "texture": "#4"},
				"west": {"uv": [14, 9, 16, 11], "rotation": 180, "texture": "#4"},
				"up": {"uv": [5, 5, 7, 9], "rotation": 90, "texture": "#4"},
				"down": {"uv": [5, 5, 7, 9], "rotation": 90, "texture": "#4"}
			}
		},
		{
			"from": [11.25446, 22.45089, -0.54464],
			"to": [14.00446, 23.45089, 0.45536],
			"rotation": {"angle": 22.5, "axis": "z", "origin": [14.70536, 22.95089, -7]},
			"faces": {
				"north": {"uv": [6, 9, 8, 13], "rotation": 270, "texture": "#4"},
				"east": {"uv": [1, 2, 3, 4], "texture": "#4"},
				"south": {"uv": [6, 9, 8, 13], "rotation": 90, "texture": "#4"},
				"west": {"uv": [14, 9, 16, 11], "rotation": 180, "texture": "#4"},
				"up": {"uv": [6, 9, 8, 13], "rotation": 90, "texture": "#4"},
				"down": {"uv": [6, 9, 8, 13], "rotation": 90, "texture": "#4"}
			}
		},
		{
			"from": [14.00446, 22.45089, -0.66964],
			"to": [16.75446, 23.45089, 0.33036],
			"rotation": {"angle": 22.5, "axis": "z", "origin": [14.70536, 22.95089, -7]},
			"faces": {
				"north": {"uv": [14, 12, 16, 16], "rotation": 270, "texture": "#4"},
				"east": {"uv": [1, 2, 3, 4], "texture": "#4"},
				"south": {"uv": [14, 12, 16, 16], "rotation": 90, "texture": "#4"},
				"west": {"uv": [14, 9, 16, 11], "rotation": 180, "texture": "#4"},
				"up": {"uv": [14, 12, 16, 16], "rotation": 90, "texture": "#4"},
				"down": {"uv": [14, 12, 16, 16], "rotation": 90, "texture": "#4"}
			}
		},
		{
			"from": [16.75446, 22.45089, -0.79464],
			"to": [19.50446, 23.45089, 0.20536],
			"rotation": {"angle": 22.5, "axis": "z", "origin": [14.70536, 22.95089, -7]},
			"faces": {
				"north": {"uv": [2, 10, 4, 14], "rotation": 270, "texture": "#4"},
				"east": {"uv": [1, 2, 3, 4], "texture": "#4"},
				"south": {"uv": [2, 10, 4, 14], "rotation": 90, "texture": "#4"},
				"west": {"uv": [14, 9, 16, 11], "rotation": 180, "texture": "#4"},
				"up": {"uv": [2, 10, 4, 14], "rotation": 90, "texture": "#4"},
				"down": {"uv": [2, 10, 4, 14], "rotation": 90, "texture": "#4"}
			}
		},
		{
			"from": [3.00446, 22.45089, -0.29464],
			"to": [5.75446, 23.45089, 0.70536],
			"rotation": {"angle": 22.5, "axis": "z", "origin": [14.70536, 22.95089, -7]},
			"faces": {
				"north": {"uv": [14, 9, 16, 13], "rotation": 270, "texture": "#4"},
				"east": {"uv": [1, 2, 3, 4], "texture": "#4"},
				"south": {"uv": [14, 9, 16, 13], "rotation": 90, "texture": "#4"},
				"west": {"uv": [14, 9, 16, 11], "rotation": 180, "texture": "#4"},
				"up": {"uv": [14, 9, 16, 13], "rotation": 90, "texture": "#4"},
				"down": {"uv": [14, 9, 16, 13], "rotation": 90, "texture": "#4"}
			}
		},
		{
			"from": [0.25446, 22.45089, -0.48214],
			"to": [3.00446, 23.45089, 0.51786],
			"rotation": {"angle": 22.5, "axis": "z", "origin": [14.70536, 22.95089, -7]},
			"faces": {
				"north": {"uv": [1, 12, 3, 16], "rotation": 270, "texture": "#4"},
				"east": {"uv": [1, 2, 3, 4], "texture": "#4"},
				"south": {"uv": [1, 12, 3, 16], "rotation": 90, "texture": "#4"},
				"west": {"uv": [14, 9, 16, 11], "rotation": 180, "texture": "#4"},
				"up": {"uv": [1, 12, 3, 16], "rotation": 90, "texture": "#4"},
				"down": {"uv": [1, 12, 3, 16], "rotation": 90, "texture": "#4"}
			}
		},
		{
			"from": [-2.49554, 22.45089, -0.66964],
			"to": [0.25446, 23.45089, 0.33036],
			"rotation": {"angle": 22.5, "axis": "z", "origin": [14.70536, 22.95089, -7]},
			"faces": {
				"north": {"uv": [12, 1, 14, 5], "rotation": 270, "texture": "#4"},
				"east": {"uv": [1, 2, 3, 4], "texture": "#4"},
				"south": {"uv": [12, 1, 14, 5], "rotation": 90, "texture": "#4"},
				"west": {"uv": [14, 9, 16, 11], "rotation": 180, "texture": "#4"},
				"up": {"uv": [12, 1, 14, 5], "rotation": 90, "texture": "#4"},
				"down": {"uv": [12, 1, 14, 5], "rotation": 90, "texture": "#4"}
			}
		},
		{
			"from": [-5.24554, 22.45089, -0.85714],
			"to": [-2.49554, 23.45089, 0.14286],
			"rotation": {"angle": 22.5, "axis": "z", "origin": [14.70536, 22.95089, -7]},
			"faces": {
				"north": {"uv": [7, 5, 9, 9], "rotation": 270, "texture": "#4"},
				"east": {"uv": [1, 2, 3, 4], "texture": "#4"},
				"south": {"uv": [7, 5, 9, 9], "rotation": 90, "texture": "#4"},
				"west": {"uv": [14, 9, 16, 11], "rotation": 180, "texture": "#4"},
				"up": {"uv": [7, 5, 9, 9], "rotation": 90, "texture": "#4"},
				"down": {"uv": [7, 5, 9, 9], "rotation": 90, "texture": "#4"}
			}
		},
		{
			"from": [-7.99554, 22.45089, -1.04464],
			"to": [-5.24554, 23.45089, -0.04464],
			"rotation": {"angle": 22.5, "axis": "z", "origin": [14.70536, 22.95089, -7]},
			"faces": {
				"north": {"uv": [12, 9, 14, 13], "rotation": 270, "texture": "#4"},
				"east": {"uv": [1, 2, 3, 4], "texture": "#4"},
				"south": {"uv": [12, 9, 14, 13], "rotation": 90, "texture": "#4"},
				"west": {"uv": [14, 9, 16, 11], "rotation": 180, "texture": "#4"},
				"up": {"uv": [0, 0, 2, 4], "rotation": 90, "texture": "#4"},
				"down": {"uv": [12, 9, 14, 13], "rotation": 90, "texture": "#4"}
			}
		},
		{
			"from": [19.50446, 22.45089, -0.79464],
			"to": [22.50446, 23.45089, 0.20536],
			"rotation": {"angle": 22.5, "axis": "z", "origin": [14.70536, 22.95089, -7]},
			"faces": {
				"north": {"uv": [8, 9, 10, 16], "rotation": 270, "texture": "#6"},
				"east": {"uv": [14, 7, 16, 9], "texture": "#6"},
				"south": {"uv": [11, 5, 13, 12], "rotation": 90, "texture": "#6"},
				"west": {"uv": [9.5, 13.375, 10.5, 14.375], "rotation": 180, "texture": "#2"},
				"up": {"uv": [14, 2, 16, 9], "rotation": 90, "texture": "#6"},
				"down": {"uv": [12, 9, 14, 16], "rotation": 90, "texture": "#6"}
			}
		},
		{
			"from": [20.00446, 22.45089, -3.54464],
			"to": [22.00446, 23.45089, -0.79464],
			"rotation": {"angle": 22.5, "axis": "z", "origin": [14.70536, 22.95089, -7]},
			"faces": {
				"north": {"uv": [4, 6, 7, 7], "rotation": 270, "texture": "#7"},
				"east": {"uv": [5, 4, 13, 7], "texture": "#7"},
				"south": {"uv": [4.25, 14.625, 5.25, 15.625], "rotation": 90, "texture": "#2"},
				"west": {"uv": [5, 4, 13, 7], "rotation": 180, "texture": "#7"},
				"up": {"uv": [5, 4, 13, 10], "rotation": 90, "texture": "#7"},
				"down": {"uv": [5, 4, 13, 10], "rotation": 90, "texture": "#7"}
			}
		},
		{
			"from": [20.00446, 22.45089, -6.29464],
			"to": [21.75446, 23.45089, -3.54464],
			"rotation": {"angle": 22.5, "axis": "z", "origin": [14.70536, 22.95089, -7]},
			"faces": {
				"north": {"uv": [12, 4, 15, 5], "rotation": 270, "texture": "#7"},
				"east": {"uv": [4, 3, 11, 6], "texture": "#7"},
				"south": {"uv": [4.25, 14.625, 5.25, 15.625], "rotation": 90, "texture": "#2"},
				"west": {"uv": [4, 3, 11, 6], "rotation": 180, "texture": "#7"},
				"up": {"uv": [6, 5, 13, 10], "rotation": 90, "texture": "#7"},
				"down": {"uv": [6, 5, 13, 10], "rotation": 90, "texture": "#7"}
			}
		},
		{
			"from": [20.00446, 22.45089, -9.04464],
			"to": [21.50446, 23.45089, -6.29464],
			"rotation": {"angle": 22.5, "axis": "z", "origin": [14.70536, 22.95089, -7]},
			"faces": {
				"north": {"uv": [3, 4, 6, 5], "rotation": 270, "texture": "#7"},
				"east": {"uv": [1, 10, 8, 13], "texture": "#7"},
				"south": {"uv": [4.25, 14.625, 5.25, 15.625], "rotation": 90, "texture": "#2"},
				"west": {"uv": [1, 10, 8, 13], "rotation": 180, "texture": "#7"},
				"up": {"uv": [6, 5, 13, 9], "rotation": 90, "texture": "#7"},
				"down": {"uv": [6, 5, 13, 9], "rotation": 90, "texture": "#7"}
			}
		},
		{
			"from": [19.75446, 22.45089, -10.04464],
			"to": [21.25446, 23.45089, -9.04464],
			"rotation": {"angle": 22.5, "axis": "z", "origin": [14.70536, 22.95089, -7]},
			"faces": {
				"north": {"uv": [12, 4, 15, 5], "rotation": 270, "texture": "#7"},
				"east": {"uv": [11, 3, 15, 6], "texture": "#7"},
				"south": {"uv": [9, 11, 12, 12], "rotation": 90, "texture": "#7"},
				"west": {"uv": [11, 3, 15, 6], "rotation": 180, "texture": "#7"},
				"up": {"uv": [11, 5, 14, 9], "rotation": 90, "texture": "#7"},
				"down": {"uv": [11, 5, 14, 9], "rotation": 90, "texture": "#7"}
			}
		},
		{
			"from": [19.50446, 22.45089, -11.04464],
			"to": [21.00446, 23.45089, -10.04464],
			"rotation": {"angle": 22.5, "axis": "z", "origin": [14.70536, 22.95089, -7]},
			"faces": {
				"north": {"uv": [3, 13, 6, 14], "rotation": 270, "texture": "#7"},
				"east": {"uv": [9, 3, 13, 6], "texture": "#7"},
				"south": {"uv": [12, 10, 15, 11], "rotation": 90, "texture": "#7"},
				"west": {"uv": [9, 3, 13, 6], "rotation": 180, "texture": "#7"},
				"up": {"uv": [11, 7, 14, 11], "rotation": 90, "texture": "#7"},
				"down": {"uv": [11, 7, 14, 11], "rotation": 90, "texture": "#7"}
			}
		},
		{
			"from": [19.50446, 22.45089, -11.54464],
			"to": [20.75446, 23.45089, -11.04464],
			"rotation": {"angle": 22.5, "axis": "z", "origin": [14.70536, 22.95089, -7]},
			"faces": {
				"north": {"uv": [12, 6, 15, 7], "rotation": 270, "texture": "#7"},
				"east": {"uv": [9, 7, 11, 10], "texture": "#7"},
				"south": {"uv": [4.25, 14.625, 5.25, 15.625], "rotation": 90, "texture": "#2"},
				"west": {"uv": [9, 7, 11, 10], "rotation": 180, "texture": "#7"},
				"up": {"uv": [13, 5, 15, 9], "rotation": 90, "texture": "#7"},
				"down": {"uv": [13, 5, 15, 9], "rotation": 90, "texture": "#7"}
			}
		},
		{
			"from": [19.25446, 22.45089, -12.04464],
			"to": [20.50446, 23.45089, -11.54464],
			"rotation": {"angle": 22.5, "axis": "z", "origin": [14.70536, 22.95089, -7]},
			"faces": {
				"north": {"uv": [4, 11, 7, 12], "rotation": 270, "texture": "#7"},
				"east": {"uv": [8, 4, 10, 7], "texture": "#7"},
				"south": {"uv": [6, 13, 9, 14], "rotation": 90, "texture": "#7"},
				"west": {"uv": [8, 4, 10, 7], "rotation": 180, "texture": "#7"},
				"up": {"uv": [6, 5, 8, 9], "rotation": 90, "texture": "#7"},
				"down": {"uv": [6, 5, 8, 9], "rotation": 90, "texture": "#7"}
			}
		},
		{
			"from": [19.25446, 22.45089, -12.54464],
			"to": [20.25446, 23.45089, -12.04464],
			"rotation": {"angle": 22.5, "axis": "z", "origin": [14.70536, 22.95089, -7]},
			"faces": {
				"north": {"uv": [11, 6, 14, 7], "rotation": 270, "texture": "#7"},
				"east": {"uv": [5, 6, 7, 9], "texture": "#7"},
				"south": {"uv": [4.25, 14.625, 5.25, 15.625], "rotation": 90, "texture": "#2"},
				"west": {"uv": [5, 6, 7, 9], "rotation": 180, "texture": "#7"},
				"up": {"uv": [9, 10, 11, 13], "rotation": 90, "texture": "#7"},
				"down": {"uv": [10, 8, 12, 11], "rotation": 90, "texture": "#7"}
			}
		},
		{
			"from": [19.00446, 22.45089, -13.04464],
			"to": [20.00446, 23.45089, -12.54464],
			"rotation": {"angle": 22.5, "axis": "z", "origin": [14.70536, 22.95089, -7]},
			"faces": {
				"north": {"uv": [5, 7, 8, 8], "rotation": 270, "texture": "#7"},
				"east": {"uv": [9, 10, 11, 13], "texture": "#7"},
				"south": {"uv": [12, 12, 15, 13], "rotation": 90, "texture": "#7"},
				"west": {"uv": [9, 10, 11, 13], "rotation": 180, "texture": "#7"},
				"up": {"uv": [13, 12, 15, 15], "rotation": 90, "texture": "#7"},
				"down": {"uv": [13, 12, 15, 15], "rotation": 90, "texture": "#7"}
			}
		},
		{
			"from": [18.75446, 22.45089, -13.54464],
			"to": [19.50446, 23.45089, -13.04464],
			"rotation": {"angle": 22.5, "axis": "z", "origin": [14.70536, 22.95089, -7]},
			"faces": {
				"north": {"uv": [1, 13, 4, 16], "rotation": 270, "texture": "#7"},
				"east": {"uv": [9, 8, 10, 11], "texture": "#7"},
				"south": {"uv": [13, 11, 16, 12], "rotation": 90, "texture": "#7"},
				"west": {"uv": [9, 4, 11, 7], "rotation": 180, "texture": "#7"},
				"up": {"uv": [12, 13, 14, 16], "rotation": 90, "texture": "#7"},
				"down": {"uv": [12, 13, 14, 16], "rotation": 90, "texture": "#7"}
			}
		},
		{
			"from": [18.50446, 22.45089, -14.04464],
			"to": [19.25446, 23.45089, -13.54464],
			"rotation": {"angle": 22.5, "axis": "z", "origin": [14.70536, 22.95089, -7]},
			"faces": {
				"north": {"uv": [6, 10, 9, 11], "rotation": 270, "texture": "#7"},
				"east": {"uv": [10, 6, 12, 9], "texture": "#7"},
				"south": {"uv": [3, 10, 6, 11], "rotation": 90, "texture": "#7"},
				"west": {"uv": [12, 8, 14, 11], "rotation": 180, "texture": "#7"},
				"up": {"uv": [13, 6, 15, 8], "rotation": 90, "texture": "#7"},
				"down": {"uv": [13, 6, 15, 8], "rotation": 90, "texture": "#7"}
			}
		},
		{
			"from": [18.50446, 22.45089, -14.29464],
			"to": [18.75446, 23.45089, -14.04464],
			"rotation": {"angle": 22.5, "axis": "z", "origin": [14.70536, 22.95089, -7]},
			"faces": {
				"north": {"uv": [12, 4, 13, 5], "rotation": 270, "texture": "#7"},
				"east": {"uv": [12, 4, 13, 5], "texture": "#7"},
				"south": {"uv": [12, 4, 13, 5], "rotation": 90, "texture": "#7"},
				"west": {"uv": [12, 4, 13, 5], "rotation": 180, "texture": "#7"},
				"up": {"uv": [12, 4, 13, 5], "rotation": 90, "texture": "#7"},
				"down": {"uv": [12, 4, 13, 5], "rotation": 90, "texture": "#7"}
			}
		},
		{
			"from": [18.50446, 22.45089, -14.54464],
			"to": [18.75446, 23.45089, -14.29464],
			"rotation": {"angle": 22.5, "axis": "z", "origin": [14.70536, 22.95089, -7]},
			"faces": {
				"north": {"uv": [10, 5, 13, 6], "rotation": 270, "texture": "#7"},
				"east": {"uv": [7, 9, 8, 12], "texture": "#7"},
				"south": {"uv": [4.25, 14.625, 5.25, 15.625], "rotation": 90, "texture": "#2"},
				"west": {"uv": [4.25, 14.625, 5.25, 15.625], "rotation": 180, "texture": "#2"},
				"up": {"uv": [13, 15, 14, 16], "rotation": 90, "texture": "#7"},
				"down": {"uv": [13, 15, 14, 16], "rotation": 90, "texture": "#7"}
			}
		},
		{
			"from": [18.25446, 22.45089, -14.54464],
			"to": [18.50446, 23.45089, -14.29464],
			"rotation": {"angle": 22.5, "axis": "z", "origin": [14.70536, 22.95089, -7]},
			"faces": {
				"north": {"uv": [10, 6, 11, 7], "rotation": 270, "texture": "#7"},
				"east": {"uv": [10, 6, 11, 7], "texture": "#7"},
				"south": {"uv": [10, 6, 11, 7], "rotation": 90, "texture": "#7"},
				"west": {"uv": [6, 7, 7, 10], "rotation": 180, "texture": "#7"},
				"up": {"uv": [10, 6, 11, 7], "rotation": 90, "texture": "#7"},
				"down": {"uv": [10, 6, 11, 7], "rotation": 90, "texture": "#7"}
			}
		},
		{
			"from": [18.25446, 22.45089, -14.29464],
			"to": [18.50446, 23.45089, -14.04464],
			"rotation": {"angle": 22.5, "axis": "z", "origin": [14.70536, 22.95089, -7]},
			"faces": {
				"north": {"uv": [8, 7, 9, 8], "rotation": 270, "texture": "#7"},
				"east": {"uv": [8, 7, 9, 8], "texture": "#7"},
				"south": {"uv": [8, 7, 9, 8], "rotation": 90, "texture": "#7"},
				"west": {"uv": [10, 9, 11, 12], "rotation": 180, "texture": "#7"},
				"up": {"uv": [8, 7, 9, 8], "rotation": 90, "texture": "#7"},
				"down": {"uv": [8, 7, 9, 8], "rotation": 90, "texture": "#7"}
			}
		},
		{
			"from": [18.75446, 22.45089, -14.29464],
			"to": [19.00446, 23.45089, -14.04464],
			"rotation": {"angle": 22.5, "axis": "z", "origin": [14.70536, 22.95089, -7]},
			"faces": {
				"north": {"uv": [8, 7, 11, 8], "rotation": 270, "texture": "#7"},
				"east": {"uv": [13, 4, 14, 7], "texture": "#7"},
				"south": {"uv": [14, 6, 15, 7], "rotation": 90, "texture": "#7"},
				"west": {"uv": [14, 6, 15, 7], "rotation": 180, "texture": "#7"},
				"up": {"uv": [14, 6, 15, 7], "rotation": 90, "texture": "#7"},
				"down": {"uv": [14, 6, 15, 7], "rotation": 90, "texture": "#7"}
			}
		},
		{
			"from": [19.50446, 22.45089, -13.29464],
			"to": [19.75446, 23.45089, -13.04464],
			"rotation": {"angle": 22.5, "axis": "z", "origin": [14.70536, 22.95089, -7]},
			"faces": {
				"north": {"uv": [6, 9, 9, 10], "rotation": 270, "texture": "#7"},
				"east": {"uv": [11, 6, 12, 9], "texture": "#7"},
				"south": {"uv": [14, 6, 15, 7], "rotation": 90, "texture": "#7"},
				"west": {"uv": [14, 6, 15, 7], "rotation": 180, "texture": "#7"},
				"up": {"uv": [14, 6, 15, 7], "rotation": 90, "texture": "#7"},
				"down": {"uv": [14, 6, 15, 7], "rotation": 90, "texture": "#7"}
			}
		}
	],
	"display": {
		"thirdperson_righthand": {
			"rotation": [3, -180, 0],
			"translation": [0, 1, 1.5],
			"scale": [0.2, 0.2, 0.2]
		},
		"thirdperson_lefthand": {
			"scale": [0, 0, 0]
		},
		"firstperson_righthand": {
			"rotation": [0, 140, -2],
			"translation": [1.25, 0, 0],
			"scale": [0.3, 0.3, 0.3]
		},
		"firstperson_lefthand": {
			"scale": [0, 0, 0]
		},
		"ground": {
			"translation": [0, -1.25, 0],
			"scale": [0.15, 0.15, 0.15]
		},
		"gui": {
			"rotation": [-6, -156, 0],
			"translation": [0, -3.75, 0],
			"scale": [0.45, 0.45, 0.45]
		},
		"head": {
			"translation": [0, -30.25, 0],
			"scale": [1.6, 1.6, 1.6]
		}
	},
	"groups": [
		{
			"name": "root",
			"origin": [0, 0, 0],
			"children": [
				{
					"name": "Head",
					"origin": [0, 24, 0],
					"children": [0]
				},
				{
					"name": "Body",
					"origin": [0, 24, 0],
					"children": [1]
				},
				{
					"name": "RightArm",
					"origin": [6.25, 18, 0],
					"children": [2]
				},
				{
					"name": "LeftArm",
					"origin": [-6.25, 18, 0],
					"children": [3]
				},
				{
					"name": "RightLeg",
					"origin": [1.9, 6, 0],
					"children": [4]
				},
				{
					"name": "LeftLeg",
					"origin": [-1.9, 6, 0],
					"children": [5]
				}
			]
		},
		{
			"name": "scythe",
			"origin": [14, 11, 8],
			"children": [6, 7, 8, 9, 10, 11, 12, 13, 14, 15, 16, 17, 18, 19, 20, 21, 22, 23, 24, 25, 26, 27, 28, 29, 30, 31, 32, 33]
		}
	]
}