{
	"credit": "Made with Blockbench",
	"texture_size": [64, 64],
	"textures": {
		"2": "block/reaper",
		"4": "block/dark_oak_log",
		"6": "block/polished_blackstone",
		"7": "block/blast_furnace_top",
		"particle": "block/reaper"
	},
	"elements": [
		{
			"name": "Head",
			"from": [4, 24, 4],
			"to": [12, 32, 12],
			"rotation": {"angle": -22.5, "axis": "y", "origin": [8, 28, 8]},
			"faces": {
				"north": {"uv": [2, 2, 4, 4], "texture": "#2"},
				"east": {"uv": [0, 2, 2, 4], "texture": "#2"},
				"south": {"uv": [6, 2, 8, 4], "texture": "#2"},
				"west": {"uv": [4, 2, 6, 4], "texture": "#2"},
				"up": {"uv": [4, 2, 2, 0], "texture": "#2"},
				"down": {"uv": [6, 0, 4, 2], "texture": "#2"}
			}
		},
		{
			"name": "Body",
			"from": [4, 12, 6],
			"to": [12, 24, 10],
			"rotation": {"angle": 0, "axis": "y", "origin": [8, 0, 8]},
			"faces": {
				"north": {"uv": [5, 5, 7, 8], "texture": "#2"},
				"east": {"uv": [4, 5, 5, 8], "texture": "#2"},
				"south": {"uv": [8, 5, 10, 8], "texture": "#2"},
				"west": {"uv": [7, 5, 8, 8], "texture": "#2"},
				"up": {"uv": [7, 5, 5, 4], "texture": "#2"},
				"down": {"uv": [9, 4, 7, 5], "texture": "#2"}
			}
		},
		{
			"name": "Right Arm",
			"from": [12, 12, 6],
			"to": [16, 24, 10],
			"rotation": {"angle": -22.5, "axis": "y", "origin": [14, 18, 8]},
			"faces": {
				"north": {"uv": [11, 5, 12, 8], "texture": "#2"},
				"east": {"uv": [10, 5, 11, 8], "texture": "#2"},
				"south": {"uv": [13, 5, 14, 8], "texture": "#2"},
				"west": {"uv": [12, 5, 13, 8], "texture": "#2"},
				"up": {"uv": [12, 5, 11, 4], "texture": "#2"},
				"down": {"uv": [13, 4, 12, 5], "texture": "#2"}
			}
		},
		{
			"name": "Left Arm",
			"from": [0, 12, 6],
			"to": [4, 24, 10],
			"rotation": {"angle": 0, "axis": "y", "origin": [2, 18, 8]},
			"faces": {
				"north": {"uv": [9, 13, 10, 16], "texture": "#2"},
				"east": {"uv": [8, 13, 9, 16], "texture": "#2"},
				"south": {"uv": [11, 13, 12, 16], "texture": "#2"},
				"west": {"uv": [10, 13, 11, 16], "texture": "#2"},
				"up": {"uv": [10, 13, 9, 12], "texture": "#2"},
				"down": {"uv": [11, 12, 10, 13], "texture": "#2"}
			}
		},
		{
			"name": "Right Leg",
			"from": [7.9625, 0, 6],
			"to": [11.9625, 12, 10],
			"rotation": {"angle": -22.5, "axis": "y", "origin": [8.0625, 0, 8]},
			"faces": {
				"north": {"uv": [1, 5, 2, 8], "texture": "#2"},
				"east": {"uv": [0, 5, 1, 8], "texture": "#2"},
				"south": {"uv": [3, 5, 4, 8], "texture": "#2"},
				"west": {"uv": [2, 5, 3, 8], "texture": "#2"},
				"up": {"uv": [2, 5, 1, 4], "texture": "#2"},
				"down": {"uv": [3, 4, 2, 5], "texture": "#2"}
			}
		},
		{
			"name": "Left Leg",
			"from": [3.975, 0, 6],
			"to": [7.975, 12, 10],
			"rotation": {"angle": 0, "axis": "y", "origin": [7.875, 0, 8]},
			"faces": {
				"north": {"uv": [5, 13, 6, 16], "texture": "#2"},
				"east": {"uv": [4, 13, 5, 16], "texture": "#2"},
				"south": {"uv": [7, 13, 8, 16], "texture": "#2"},
				"west": {"uv": [6, 13, 7, 16], "texture": "#2"},
				"up": {"uv": [6, 13, 5, 12], "texture": "#2"},
				"down": {"uv": [7, 12, 6, 13], "texture": "#2"}
			}
		},
		{
			"from": [10, 10.75, 10],
			"to": [11, 13.5, 11],
			"rotation": {"angle": -22.5, "axis": "z", "origin": [17.70536, 19.70089, 10.5]},
			"faces": {
				"north": {"uv": [14, 5, 16, 9], "texture": "#4"},
				"east": {"uv": [14, 5, 16, 9], "texture": "#4"},
				"south": {"uv": [14, 5, 16, 9], "texture": "#4"},
				"west": {"uv": [14, 5, 16, 9], "texture": "#4"},
				"up": {"uv": [1, 2, 3, 4], "texture": "#4"},
				"down": {"uv": [14, 9, 16, 11], "texture": "#4"}
			}
		},
		{
			"from": [10.125, 13.5, 10],
			"to": [11.125, 16.25, 11],
			"rotation": {"angle": -22.5, "axis": "z", "origin": [17.70536, 19.70089, 10.5]},
			"faces": {
				"north": {"uv": [5, 5, 7, 9], "texture": "#4"},
				"east": {"uv": [5, 5, 7, 9], "texture": "#4"},
				"south": {"uv": [5, 5, 7, 9], "texture": "#4"},
				"west": {"uv": [5, 5, 7, 9], "texture": "#4"},
				"up": {"uv": [1, 2, 3, 4], "texture": "#4"},
				"down": {"uv": [14, 9, 16, 11], "texture": "#4"}
			}
		},
		{
			"from": [10.25, 16.25, 10],
			"to": [11.25, 19, 11],
			"rotation": {"angle": -22.5, "axis": "z", "origin": [17.70536, 19.70089, 10.5]},
			"faces": {
				"north": {"uv": [6, 9, 8, 13], "texture": "#4"},
				"east": {"uv": [6, 9, 8, 13], "texture": "#4"},
				"south": {"uv": [6, 9, 8, 13], "texture": "#4"},
				"west": {"uv": [6, 9, 8, 13], "texture": "#4"},
				"up": {"uv": [1, 2, 3, 4], "texture": "#4"},
				"down": {"uv": [14, 9, 16, 11], "texture": "#4"}
			}
		},
		{
			"from": [10.375, 19, 10],
			"to": [11.375, 21.75, 11],
			"rotation": {"angle": -22.5, "axis": "z", "origin": [17.70536, 19.70089, 10.5]},
			"faces": {
				"north": {"uv": [14, 12, 16, 16], "texture": "#4"},
				"east": {"uv": [14, 12, 16, 16], "texture": "#4"},
				"south": {"uv": [14, 12, 16, 16], "texture": "#4"},
				"west": {"uv": [14, 12, 16, 16], "texture": "#4"},
				"up": {"uv": [1, 2, 3, 4], "texture": "#4"},
				"down": {"uv": [14, 9, 16, 11], "texture": "#4"}
			}
		},
		{
			"from": [10.5, 21.75, 10],
			"to": [11.5, 24.5, 11],
			"rotation": {"angle": -22.5, "axis": "z", "origin": [17.70536, 19.70089, 10.5]},
			"faces": {
				"north": {"uv": [2, 10, 4, 14], "texture": "#4"},
				"east": {"uv": [2, 10, 4, 14], "texture": "#4"},
				"south": {"uv": [2, 10, 4, 14], "texture": "#4"},
				"west": {"uv": [2, 10, 4, 14], "texture": "#4"},
				"up": {"uv": [1, 2, 3, 4], "texture": "#4"},
				"down": {"uv": [14, 9, 16, 11], "texture": "#4"}
			}
		},
		{
			"from": [10, 8, 10],
			"to": [11, 10.75, 11],
			"rotation": {"angle": -22.5, "axis": "z", "origin": [17.70536, 19.70089, 10.5]},
			"faces": {
				"north": {"uv": [14, 9, 16, 13], "texture": "#4"},
				"east": {"uv": [14, 9, 16, 13], "texture": "#4"},
				"south": {"uv": [14, 9, 16, 13], "texture": "#4"},
				"west": {"uv": [14, 9, 16, 13], "texture": "#4"},
				"up": {"uv": [1, 2, 3, 4], "texture": "#4"},
				"down": {"uv": [14, 9, 16, 11], "texture": "#4"}
			}
		},
		{
			"from": [10.1875, 5.25, 10],
			"to": [11.1875, 8, 11],
			"rotation": {"angle": -22.5, "axis": "z", "origin": [17.70536, 19.70089, 10.5]},
			"faces": {
				"north": {"uv": [1, 12, 3, 16], "texture": "#4"},
				"east": {"uv": [1, 12, 3, 16], "texture": "#4"},
				"south": {"uv": [1, 12, 3, 16], "texture": "#4"},
				"west": {"uv": [1, 12, 3, 16], "texture": "#4"},
				"up": {"uv": [1, 2, 3, 4], "texture": "#4"},
				"down": {"uv": [14, 9, 16, 11], "texture": "#4"}
			}
		},
		{
			"from": [10.375, 2.5, 10],
			"to": [11.375, 5.25, 11],
			"rotation": {"angle": -22.5, "axis": "z", "origin": [17.70536, 19.70089, 10.5]},
			"faces": {
				"north": {"uv": [12, 1, 14, 5], "texture": "#4"},
				"east": {"uv": [12, 1, 14, 5], "texture": "#4"},
				"south": {"uv": [12, 1, 14, 5], "texture": "#4"},
				"west": {"uv": [12, 1, 14, 5], "texture": "#4"},
				"up": {"uv": [1, 2, 3, 4], "texture": "#4"},
				"down": {"uv": [14, 9, 16, 11], "texture": "#4"}
			}
		},
		{
			"from": [10.5625, -0.25, 10],
			"to": [11.5625, 2.5, 11],
			"rotation": {"angle": -22.5, "axis": "z", "origin": [17.70536, 19.70089, 10.5]},
			"faces": {
				"north": {"uv": [7, 5, 9, 9], "texture": "#4"},
				"east": {"uv": [7, 5, 9, 9], "texture": "#4"},
				"south": {"uv": [7, 5, 9, 9], "texture": "#4"},
				"west": {"uv": [7, 5, 9, 9], "texture": "#4"},
				"up": {"uv": [1, 2, 3, 4], "texture": "#4"},
				"down": {"uv": [14, 9, 16, 11], "texture": "#4"}
			}
		},
		{
			"from": [10.75, -3, 10],
			"to": [11.75, -0.25, 11],
			"rotation": {"angle": -22.5, "axis": "z", "origin": [17.70536, 19.70089, 10.5]},
			"faces": {
				"north": {"uv": [0, 0, 2, 4], "texture": "#4"},
				"east": {"uv": [12, 9, 14, 13], "texture": "#4"},
				"south": {"uv": [12, 9, 14, 13], "texture": "#4"},
				"west": {"uv": [12, 9, 14, 13], "texture": "#4"},
				"up": {"uv": [1, 2, 3, 4], "texture": "#4"},
				"down": {"uv": [14, 9, 16, 11], "texture": "#4"}
			}
		},
		{
			"from": [10.5, 24.5, 10],
			"to": [11.5, 27.5, 11],
			"rotation": {"angle": -22.5, "axis": "z", "origin": [17.70536, 19.70089, 10.5]},
			"faces": {
				"north": {"uv": [14, 2, 16, 9], "texture": "#6"},
				"east": {"uv": [8, 9, 10, 16], "texture": "#6"},
				"south": {"uv": [12, 9, 14, 16], "texture": "#6"},
				"west": {"uv": [11, 5, 13, 12], "texture": "#6"},
				"up": {"uv": [14, 7, 16, 9], "texture": "#6"},
				"down": {"uv": [9.5, 13.375, 10.5, 14.375], "texture": "#2"}
			}
		},
		{
			"from": [11.5, 25, 10],
			"to": [14.25, 27, 11],
			"rotation": {"angle": -22.5, "axis": "z", "origin": [17.70536, 19.70089, 10.5]},
			"faces": {
				"north": {"uv": [5, 4, 13, 10], "texture": "#7"},
				"east": {"uv": [4, 6, 7, 7], "texture": "#7"},
				"south": {"uv": [5, 4, 13, 10], "texture": "#7"},
				"west": {"uv": [4.25, 14.625, 5.25, 15.625], "texture": "#2"},
				"up": {"uv": [5, 4, 13, 7], "texture": "#7"},
				"down": {"uv": [5, 4, 13, 7], "texture": "#7"}
			}
		},
		{
			"from": [14.25, 25, 10],
			"to": [17, 26.75, 11],
			"rotation": {"angle": -22.5, "axis": "z", "origin": [17.70536, 19.70089, 10.5]},
			"faces": {
				"north": {"uv": [6, 5, 13, 10], "texture": "#7"},
				"east": {"uv": [12, 4, 15, 5], "texture": "#7"},
				"south": {"uv": [6, 5, 13, 10], "texture": "#7"},
				"west": {"uv": [4.25, 14.625, 5.25, 15.625], "texture": "#2"},
				"up": {"uv": [4, 3, 11, 6], "texture": "#7"},
				"down": {"uv": [4, 3, 11, 6], "texture": "#7"}
			}
		},
		{
			"from": [17, 25, 10],
			"to": [19.75, 26.5, 11],
			"rotation": {"angle": -22.5, "axis": "z", "origin": [17.70536, 19.70089, 10.5]},
			"faces": {
				"north": {"uv": [6, 5, 13, 9], "texture": "#7"},
				"east": {"uv": [3, 4, 6, 5], "texture": "#7"},
				"south": {"uv": [6, 5, 13, 9], "texture": "#7"},
				"west": {"uv": [4.25, 14.625, 5.25, 15.625], "texture": "#2"},
				"up": {"uv": [1, 10, 8, 13], "texture": "#7"},
				"down": {"uv": [1, 10, 8, 13], "texture": "#7"}
			}
		},
		{
			"from": [19.75, 24.75, 10],
			"to": [20.75, 26.25, 11],
			"rotation": {"angle": -22.5, "axis": "z", "origin": [17.70536, 19.70089, 10.5]},
			"faces": {
				"north": {"uv": [11, 5, 14, 9], "texture": "#7"},
				"east": {"uv": [12, 4, 15, 5], "texture": "#7"},
				"south": {"uv": [11, 5, 14, 9], "texture": "#7"},
				"west": {"uv": [9, 11, 12, 12], "texture": "#7"},
				"up": {"uv": [11, 3, 15, 6], "texture": "#7"},
				"down": {"uv": [11, 3, 15, 6], "texture": "#7"}
			}
		},
		{
			"from": [20.75, 24.5, 10],
			"to": [21.75, 26, 11],
			"rotation": {"angle": -22.5, "axis": "z", "origin": [17.70536, 19.70089, 10.5]},
			"faces": {
				"north": {"uv": [11, 7, 14, 11], "texture": "#7"},
				"east": {"uv": [3, 13, 6, 14], "texture": "#7"},
				"south": {"uv": [11, 7, 14, 11], "texture": "#7"},
				"west": {"uv": [12, 10, 15, 11], "texture": "#7"},
				"up": {"uv": [9, 3, 13, 6], "texture": "#7"},
				"down": {"uv": [9, 3, 13, 6], "texture": "#7"}
			}
		},
		{
			"from": [21.75, 24.5, 10],
			"to": [22.25, 25.75, 11],
			"rotation": {"angle": -22.5, "axis": "z", "origin": [17.70536, 19.70089, 10.5]},
			"faces": {
				"north": {"uv": [13, 5, 15, 9], "texture": "#7"},
				"east": {"uv": [12, 6, 15, 7], "texture": "#7"},
				"south": {"uv": [13, 5, 15, 9], "texture": "#7"},
				"west": {"uv": [4.25, 14.625, 5.25, 15.625], "texture": "#2"},
				"up": {"uv": [9, 7, 11, 10], "texture": "#7"},
				"down": {"uv": [9, 7, 11, 10], "texture": "#7"}
			}
		},
		{
			"from": [22.25, 24.25, 10],
			"to": [22.75, 25.5, 11],
			"rotation": {"angle": -22.5, "axis": "z", "origin": [17.70536, 19.70089, 10.5]},
			"faces": {
				"north": {"uv": [6, 5, 8, 9], "texture": "#7"},
				"east": {"uv": [4, 11, 7, 12], "texture": "#7"},
				"south": {"uv": [6, 5, 8, 9], "texture": "#7"},
				"west": {"uv": [6, 13, 9, 14], "texture": "#7"},
				"up": {"uv": [8, 4, 10, 7], "texture": "#7"},
				"down": {"uv": [8, 4, 10, 7], "texture": "#7"}
			}
		},
		{
			"from": [22.75, 24.25, 10],
			"to": [23.25, 25.25, 11],
			"rotation": {"angle": -22.5, "axis": "z", "origin": [17.70536, 19.70089, 10.5]},
			"faces": {
				"north": {"uv": [9, 10, 11, 13], "texture": "#7"},
				"east": {"uv": [11, 6, 14, 7], "texture": "#7"},
				"south": {"uv": [10, 8, 12, 11], "texture": "#7"},
				"west": {"uv": [4.25, 14.625, 5.25, 15.625], "texture": "#2"},
				"up": {"uv": [5, 6, 7, 9], "texture": "#7"},
				"down": {"uv": [5, 6, 7, 9], "texture": "#7"}
			}
		},
		{
			"from": [23.25, 24, 10],
			"to": [23.75, 25, 11],
			"rotation": {"angle": -22.5, "axis": "z", "origin": [17.70536, 19.70089, 10.5]},
			"faces": {
				"north": {"uv": [13, 12, 15, 15], "texture": "#7"},
				"east": {"uv": [5, 7, 8, 8], "texture": "#7"},
				"south": {"uv": [13, 12, 15, 15], "texture": "#7"},
				"west": {"uv": [12, 12, 15, 13], "texture": "#7"},
				"up": {"uv": [9, 10, 11, 13], "texture": "#7"},
				"down": {"uv": [9, 10, 11, 13], "texture": "#7"}
			}
		},
		{
			"from": [23.75, 23.75, 10],
			"to": [24.25, 24.5, 11],
			"rotation": {"angle": -22.5, "axis": "z", "origin": [17.70536, 19.70089, 10.5]},
			"faces": {
				"north": {"uv": [12, 13, 14, 16], "texture": "#7"},
				"east": {"uv": [1, 13, 4, 16], "texture": "#7"},
				"south": {"uv": [12, 13, 14, 16], "texture": "#7"},
				"west": {"uv": [13, 11, 16, 12], "texture": "#7"},
				"up": {"uv": [9, 8, 10, 11], "texture": "#7"},
				"down": {"uv": [9, 4, 11, 7], "texture": "#7"}
			}
		},
		{
			"from": [24.25, 23.5, 10],
			"to": [24.75, 24.25, 11],
			"rotation": {"angle": -22.5, "axis": "z", "origin": [17.70536, 19.70089, 10.5]},
			"faces": {
				"north": {"uv": [13, 6, 15, 8], "texture": "#7"},
				"east": {"uv": [6, 10, 9, 11], "texture": "#7"},
				"south": {"uv": [13, 6, 15, 8], "texture": "#7"},
				"west": {"uv": [3, 10, 6, 11], "texture": "#7"},
				"up": {"uv": [10, 6, 12, 9], "texture": "#7"},
				"down": {"uv": [12, 8, 14, 11], "texture": "#7"}
			}
		},
		{
			"from": [24.75, 23.5, 10],
			"to": [25, 23.75, 11],
			"rotation": {"angle": -22.5, "axis": "z", "origin": [17.70536, 19.70089, 10.5]},
			"faces": {
				"north": {"uv": [12, 4, 13, 5], "texture": "#7"},
				"east": {"uv": [12, 4, 13, 5], "texture": "#7"},
				"south": {"uv": [12, 4, 13, 5], "texture": "#7"},
				"west": {"uv": [12, 4, 13, 5], "texture": "#7"},
				"up": {"uv": [12, 4, 13, 5], "texture": "#7"},
				"down": {"uv": [12, 4, 13, 5], "texture": "#7"}
			}
		},
		{
			"from": [25, 23.5, 10],
			"to": [25.25, 23.75, 11],
			"rotation": {"angle": -22.5, "axis": "z", "origin": [17.70536, 19.70089, 10.5]},
			"faces": {
				"north": {"uv": [13, 15, 14, 16], "texture": "#7"},
				"east": {"uv": [10, 5, 13, 6], "texture": "#7"},
				"south": {"uv": [13, 15, 14, 16], "texture": "#7"},
				"west": {"uv": [4.25, 14.625, 5.25, 15.625], "texture": "#2"},
				"up": {"uv": [7, 9, 8, 12], "texture": "#7"},
				"down": {"uv": [4.25, 14.625, 5.25, 15.625], "texture": "#2"}
			}
		},
		{
			"from": [25, 23.25, 10],
			"to": [25.25, 23.5, 11],
			"rotation": {"angle": -22.5, "axis": "z", "origin": [17.70536, 19.70089, 10.5]},
			"faces": {
				"north": {"uv": [10, 6, 11, 7], "texture": "#7"},
				"east": {"uv": [10, 6, 11, 7], "texture": "#7"},
				"south": {"uv": [10, 6, 11, 7], "texture": "#7"},
				"west": {"uv": [10, 6, 11, 7], "texture": "#7"},
				"up": {"uv": [10, 6, 11, 7], "texture": "#7"},
				"down": {"uv": [6, 7, 7, 10], "texture": "#7"}
			}
		},
		{
			"from": [24.75, 23.25, 10],
			"to": [25, 23.5, 11],
			"rotation": {"angle": -22.5, "axis": "z", "origin": [17.70536, 19.70089, 10.5]},
			"faces": {
				"north": {"uv": [8, 7, 9, 8], "texture": "#7"},
				"east": {"uv": [8, 7, 9, 8], "texture": "#7"},
				"south": {"uv": [8, 7, 9, 8], "texture": "#7"},
				"west": {"uv": [8, 7, 9, 8], "texture": "#7"},
				"up": {"uv": [8, 7, 9, 8], "texture": "#7"},
				"down": {"uv": [10, 9, 11, 12], "texture": "#7"}
			}
		},
		{
			"from": [24.75, 23.75, 10],
			"to": [25, 24, 11],
			"rotation": {"angle": -22.5, "axis": "z", "origin": [17.70536, 19.70089, 10.5]},
			"faces": {
				"north": {"uv": [14, 6, 15, 7], "texture": "#7"},
				"east": {"uv": [8, 7, 11, 8], "texture": "#7"},
				"south": {"uv": [14, 6, 15, 7], "texture": "#7"},
				"west": {"uv": [14, 6, 15, 7], "texture": "#7"},
				"up": {"uv": [13, 4, 14, 7], "texture": "#7"},
				"down": {"uv": [14, 6, 15, 7], "texture": "#7"}
			}
		},
		{
			"from": [23.75, 24.5, 10],
			"to": [24, 24.75, 11],
			"rotation": {"angle": -22.5, "axis": "z", "origin": [17.70536, 19.70089, 10.5]},
			"faces": {
				"north": {"uv": [14, 6, 15, 7], "texture": "#7"},
				"east": {"uv": [6, 9, 9, 10], "texture": "#7"},
				"south": {"uv": [14, 6, 15, 7], "texture": "#7"},
				"west": {"uv": [14, 6, 15, 7], "texture": "#7"},
				"up": {"uv": [11, 6, 12, 9], "texture": "#7"},
				"down": {"uv": [14, 6, 15, 7], "texture": "#7"}
			}
		}
	],
	"display": {
		"thirdperson_righthand": {
			"rotation": [3, -180, 0],
			"translation": [0, 1, 1.5],
			"scale": [0.2, 0.2, 0.2]
		},
		"thirdperson_lefthand": {
			"scale": [0, 0, 0]
		},
		"firstperson_righthand": {
			"rotation": [0, 140, -2],
			"translation": [1.25, 0, 0],
			"scale": [0.3, 0.3, 0.3]
		},
		"firstperson_lefthand": {
			"scale": [0, 0, 0]
		},
		"ground": {
			"translation": [0, -1.25, 0],
			"scale": [0.15, 0.15, 0.15]
		},
		"gui": {
			"rotation": [-6, -156, 0],
			"translation": [0, -3.75, 0],
			"scale": [0.45, 0.45, 0.45]
		},
		"head": {
			"translation": [0, -30.25, 0],
			"scale": [1.6, 1.6, 1.6]
		}
	},
	"groups": [
		{
			"name": "root",
			"origin": [0, 0, 0],
			"children": [
				{
					"name": "Head",
					"origin": [0, 24, 0],
					"children": [0]
				},
				{
					"name": "Body",
					"origin": [0, 24, 0],
					"children": [1]
				},
				{
					"name": "RightArm",
					"origin": [6.25, 18, 0],
					"children": [2]
				},
				{
					"name": "LeftArm",
					"origin": [-6.25, 18, 0],
					"children": [3]
				},
				{
					"name": "RightLeg",
					"origin": [1.9, 6, 0],
					"children": [4]
				},
				{
					"name": "LeftLeg",
					"origin": [-1.9, 6, 0],
					"children": [5]
				}
			]
		},
		{
			"name": "scythe",
			"origin": [14, 11, 8],
			"children": [6, 7, 8, 9, 10, 11, 12, 13, 14, 15, 16, 17, 18, 19, 20, 21, 22, 23, 24, 25, 26, 27, 28, 29, 30, 31, 32, 33]
		}
	]
}