{
	"credit": "Made with Blockbench",
	"texture_size": [64, 64],
	"textures": {
		"2": "block/ring",
		"3": "block/ring-aggressive",
		"particle": "block/ring"
	},
	"elements": [
		{
			"name": "Head",
			"from": [2.66913, 10.09388, 0.27154],
			"to": [10.66913, 18.09388, 8.27154],
			"rotation": {"angle": 22.5, "axis": "z", "origin": [6.71837, 14.12139, 2.19997]},
			"faces": {
				"north": {"uv": [2, 2, 4, 4], "texture": "#3"},
				"east": {"uv": [0, 2, 2, 4], "texture": "#2"},
				"south": {"uv": [6, 2, 8, 4], "texture": "#3"},
				"west": {"uv": [4, 2, 6, 4], "texture": "#3"},
				"up": {"uv": [4, 2, 2, 0], "texture": "#3"},
				"down": {"uv": [6, 0, 4, 2], "texture": "#3"}
			}
		},
		{
			"name": "Head",
			"from": [2.76762, 10.1489, 0.12841],
			"to": [10.76762, 18.1489, 0.12841],
			"rotation": {"angle": 22.5, "axis": "z", "origin": [6.71837, 14.12139, 2.19997]},
			"faces": {
				"north": {"uv": [12.25, 1.5, 14.25, 3.5], "texture": "#3"},
				"east": {"uv": [0, 11.375, 2, 13.375], "texture": "#2"},
				"south": {"uv": [0, 11.375, 2, 13.375], "texture": "#3"},
				"west": {"uv": [0, 11.375, 2, 13.375], "texture": "#3"},
				"up": {"uv": [0, 11.375, 2, 13.375], "texture": "#3"},
				"down": {"uv": [0, 11.375, 2, 13.375], "texture": "#3"}
			}
		},
		{
			"name": "Body",
			"from": [3.66913, 4.54519, 0.6318],
			"to": [11.66913, 8.54519, 12.6318],
			"rotation": {"angle": 45, "axis": "x", "origin": [7.65898, 5.67857, 7.20323]},
			"faces": {
				"north": {"uv": [7, 5, 5, 4], "rotation": 180, "texture": "#3"},
				"east": {"uv": [4, 5, 5, 8], "rotation": 90, "texture": "#2"},
				"south": {"uv": [9, 4, 7, 5], "texture": "#3"},
				"west": {"uv": [7, 5, 8, 8], "rotation": 270, "texture": "#3"},
				"up": {"uv": [8, 5, 10, 8], "texture": "#3"},
				"down": {"uv": [5, 5, 7, 8], "rotation": 180, "texture": "#3"}
			}
		},
		{
			"name": "Right Arm",
			"from": [11.6875, 0.53856, 0.34246],
			"to": [15.6875, 12.53856, 4.34246],
			"rotation": {"angle": 22.5, "axis": "x", "origin": [13.6875, 6.53856, 2.34246]},
			"faces": {
				"north": {"uv": [13, 5, 14, 8], "texture": "#3"},
				"east": {"uv": [12, 5, 13, 8], "texture": "#3"},
				"south": {"uv": [11, 5, 12, 8], "texture": "#3"},
				"west": {"uv": [10, 5, 11, 8], "texture": "#2"},
				"up": {"uv": [12, 5, 11, 4], "rotation": 180, "texture": "#3"},
				"down": {"uv": [13, 4, 12, 5], "rotation": 180, "texture": "#3"}
			}
		},
		{
			"name": "Left Arm",
			"from": [-0.33574, 9.01916, -5.8682],
			"to": [3.66426, 13.01916, 6.1318],
			"rotation": {"angle": 22.5, "axis": "x", "origin": [1.66426, 11.01916, 0.1318]},
			"faces": {
				"north": {"uv": [11, 12, 10, 13], "texture": "#3"},
				"east": {"uv": [10, 13, 11, 16], "rotation": 270, "texture": "#3"},
				"south": {"uv": [10, 13, 9, 12], "rotation": 180, "texture": "#3"},
				"west": {"uv": [8, 13, 9, 16], "rotation": 90, "texture": "#2"},
				"up": {"uv": [11, 13, 12, 16], "rotation": 180, "texture": "#3"},
				"down": {"uv": [9, 13, 10, 16], "texture": "#3"}
			}
		},
		{
			"name": "Right Leg",
			"from": [7.7125, 1.78784, 9.6318],
			"to": [11.7125, 5.78784, 21.6318],
			"rotation": {"angle": -22.5, "axis": "x", "origin": [9.7125, 3.78784, 15.6318]},
			"faces": {
				"north": {"uv": [2, 5, 1, 4], "rotation": 180, "texture": "#3"},
				"east": {"uv": [0, 5, 1, 8], "rotation": 90, "texture": "#2"},
				"south": {"uv": [3, 4, 2, 5], "texture": "#3"},
				"west": {"uv": [2, 5, 3, 8], "rotation": 270, "texture": "#3"},
				"up": {"uv": [3, 5, 4, 8], "texture": "#3"},
				"down": {"uv": [1, 5, 2, 8], "rotation": 180, "texture": "#3"}
			}
		},
		{
			"name": "Left Leg",
			"from": [1.40365, 0.24736, 10.3818],
			"to": [5.40365, 4.24736, 22.3818],
			"rotation": {"angle": -22.5, "axis": "y", "origin": [3.40365, 2.24736, 16.3818]},
			"faces": {
				"north": {"uv": [6, 13, 5, 12], "rotation": 180, "texture": "#3"},
				"east": {"uv": [4, 13, 5, 16], "rotation": 90, "texture": "#2"},
				"south": {"uv": [7, 12, 6, 13], "texture": "#3"},
				"west": {"uv": [6, 13, 7, 16], "rotation": 270, "texture": "#3"},
				"up": {"uv": [7, 13, 8, 16], "texture": "#3"},
				"down": {"uv": [5, 13, 6, 16], "rotation": 180, "texture": "#3"}
			}
		}
	],
	"display": {
		"thirdperson_righthand": {
			"rotation": [3, -180, 0],
			"translation": [0, 1, 1.5],
			"scale": [0.2, 0.2, 0.2]
		},
		"thirdperson_lefthand": {
			"scale": [0, 0, 0]
		},
		"firstperson_righthand": {
			"rotation": [0, 140, -2],
			"translation": [1.25, 0, 0],
			"scale": [0.3, 0.3, 0.3]
		},
		"firstperson_lefthand": {
			"scale": [0, 0, 0]
		},
		"ground": {
			"translation": [0, -1.25, 0],
			"scale": [0.15, 0.15, 0.15]
		},
		"gui": {
			"rotation": [-6, -156, 0],
			"translation": [0, -3.75, 0],
			"scale": [0.45, 0.45, 0.45]
		},
		"head": {
			"translation": [0, -30.25, 0],
			"scale": [1.6, 1.6, 1.6]
		}
	},
	"groups": [
		{
			"name": "root",
			"origin": [0, 0, 0],
			"children": [
				{
					"name": "Head",
					"origin": [0, 24, 0],
					"children": [0, 1]
				},
				{
					"name": "Body",
					"origin": [0, 24, 0],
					"children": [2]
				},
				{
					"name": "RightArm",
					"origin": [6.25, 18, 0],
					"children": [3]
				},
				{
					"name": "LeftArm",
					"origin": [-6.25, 18, 0],
					"children": [4]
				},
				{
					"name": "RightLeg",
					"origin": [1.9, 6, 0],
					"children": [5]
				},
				{
					"name": "LeftLeg",
					"origin": [-1.9, 6, 0],
					"children": [6]
				}
			]
		}
	]
}