{
	"credit": "Made with Blockbench",
	"texture_size": [64, 64],
	"textures": {
		"6": "block/teeth-angry",
		"particle": "swallower/swallower"
	},
	"elements": [
		{
			"name": "Head",
			"from": [5, 16.5, 2.75],
			"to": [11, 22.5, 8.75],
			"rotation": {"angle": 0, "axis": "y", "origin": [7.98958, 10.25, 5.75]},
			"faces": {
				"north": {"uv": [2, 2, 4, 4], "texture": "#6"},
				"east": {"uv": [0, 2, 2, 4], "texture": "#6"},
				"south": {"uv": [6, 2, 8, 4], "texture": "#6"},
				"west": {"uv": [4, 2, 6, 4], "texture": "#6"},
				"up": {"uv": [4, 2, 2, 0], "texture": "#6"},
				"down": {"uv": [6, 0, 4, 2], "texture": "#6"}
			}
		},
		{
			"name": "Body",
			"from": [5, 8, 6.5625],
			"to": [11, 17, 9.5625],
			"rotation": {"angle": -22.5, "axis": "x", "origin": [7.98958, 10.75, 8.0625]},
			"faces": {
				"north": {"uv": [5, 5, 7, 8], "texture": "#6"},
				"east": {"uv": [4, 5, 5, 8], "texture": "#6"},
				"south": {"uv": [8, 5, 10, 8], "texture": "#6"},
				"west": {"uv": [7, 5, 8, 8], "texture": "#6"},
				"up": {"uv": [7, 5, 5, 4], "texture": "#6"},
				"down": {"uv": [9, 4, 7, 5], "texture": "#6"}
			}
		},
		{
			"name": "Right Arm",
			"from": [11, 8.25, 2.75],
			"to": [14, 17.25, 5.75],
			"rotation": {"angle": 45, "axis": "x", "origin": [12.5, 12.75, 4.25]},
			"faces": {
				"north": {"uv": [11, 5, 12, 8], "texture": "#6"},
				"east": {"uv": [10, 5, 11, 8], "texture": "#6"},
				"south": {"uv": [13, 5, 14, 8], "texture": "#6"},
				"west": {"uv": [12, 5, 13, 8], "texture": "#6"},
				"up": {"uv": [12, 5, 11, 4], "texture": "#6"},
				"down": {"uv": [13, 4, 12, 5], "texture": "#6"}
			}
		},
		{
			"name": "Left Arm",
			"from": [2, 11.5, 4.9375],
			"to": [5, 14.5, 13.9375],
			"rotation": {"angle": 22.5, "axis": "x", "origin": [7.98958, 13, 11.1875]},
			"faces": {
				"north": {"uv": [10, 13, 9, 12], "rotation": 180, "texture": "#6"},
				"east": {"uv": [8, 13, 9, 16], "rotation": 90, "texture": "#6"},
				"south": {"uv": [11, 12, 10, 13], "texture": "#6"},
				"west": {"uv": [10, 13, 11, 16], "rotation": 270, "texture": "#6"},
				"up": {"uv": [11, 13, 12, 16], "texture": "#6"},
				"down": {"uv": [9, 13, 10, 16], "rotation": 180, "texture": "#6"}
			}
		},
		{
			"name": "Right Leg",
			"from": [7.9625, -0.8125, 5.1875],
			"to": [10.9625, 8.1875, 8.1875],
			"rotation": {"angle": -45, "axis": "x", "origin": [7.98958, 10.9375, 6.6875]},
			"faces": {
				"north": {"uv": [1, 5, 2, 8], "texture": "#6"},
				"east": {"uv": [0, 5, 1, 8], "texture": "#6"},
				"south": {"uv": [3, 5, 4, 8], "texture": "#6"},
				"west": {"uv": [2, 5, 3, 8], "texture": "#6"},
				"up": {"uv": [2, 5, 1, 4], "texture": "#6"},
				"down": {"uv": [3, 4, 2, 5], "texture": "#6"}
			}
		},
		{
			"name": "Left Leg",
			"from": [4.975, -2.75, 9.4375],
			"to": [7.975, 6.25, 12.4375],
			"rotation": {"angle": 45, "axis": "x", "origin": [7.98958, 9, 10.9375]},
			"faces": {
				"north": {"uv": [5, 13, 6, 16], "texture": "#6"},
				"east": {"uv": [4, 13, 5, 16], "texture": "#6"},
				"south": {"uv": [7, 13, 8, 16], "texture": "#6"},
				"west": {"uv": [6, 13, 7, 16], "texture": "#6"},
				"up": {"uv": [6, 13, 5, 12], "texture": "#6"},
				"down": {"uv": [7, 12, 6, 13], "texture": "#6"}
			}
		}
	],
	"display": {
		"thirdperson_righthand": {
			"rotation": [3, -180, 0],
			"translation": [0, 1, 1.5],
			"scale": [0.2, 0.2, 0.2]
		},
		"thirdperson_lefthand": {
			"scale": [0, 0, 0]
		},
		"firstperson_righthand": {
			"rotation": [0, 140, -2],
			"translation": [1.25, 0, 0],
			"scale": [0.3, 0.3, 0.3]
		},
		"firstperson_lefthand": {
			"scale": [0, 0, 0]
		},
		"ground": {
			"translation": [0, -1.25, 0],
			"scale": [0.15, 0.15, 0.15]
		},
		"gui": {
			"rotation": [-6, -156, 0],
			"translation": [0, -3.75, 0],
			"scale": [0.45, 0.45, 0.45]
		},
		"head": {
			"translation": [0, -30.25, 0],
			"scale": [1.6, 1.6, 1.6]
		}
	},
	"groups": [
		{
			"name": "root",
			"origin": [0, 0, 0],
			"children": [
				{
					"name": "Head",
					"origin": [0, 24, 0],
					"children": [0]
				},
				{
					"name": "Body",
					"origin": [0, 24, 0],
					"children": [1]
				},
				{
					"name": "RightArm",
					"origin": [6.25, 18, 0],
					"children": [2]
				},
				{
					"name": "LeftArm",
					"origin": [-6.25, 18, 0],
					"children": [3]
				},
				{
					"name": "RightLeg",
					"origin": [1.9, 6, 0],
					"children": [4]
				},
				{
					"name": "LeftLeg",
					"origin": [-1.9, 6, 0],
					"children": [5]
				}
			]
		}
	]
}