{
	"credit": "Made with Blockbench",
	"texture_size": [64, 64],
	"textures": {
		"3": "block/werewolf-aggressive",
		"4": "block/bone_block_side",
		"particle": "block/werewolf"
	},
	"elements": [
		{
			"name": "Head",
			"from": [4, 22.25, 2.25],
			"to": [12, 30.25, 10.25],
			"rotation": {"angle": 0, "axis": "y", "origin": [8, 26.25, 4.1875]},
			"faces": {
				"north": {"uv": [2, 2, 4, 4], "texture": "#3"},
				"east": {"uv": [0, 2, 2, 4], "texture": "#3"},
				"south": {"uv": [6, 2, 8, 4], "texture": "#3"},
				"west": {"uv": [4, 2, 6, 4], "texture": "#3"},
				"up": {"uv": [4, 2, 2, 0], "texture": "#3"},
				"down": {"uv": [6, 0, 4, 2], "texture": "#3"}
			}
		},
		{
			"name": "Head",
			"from": [4, 22.25, 2],
			"to": [12, 30.25, 2.25],
			"rotation": {"angle": 0, "axis": "y", "origin": [8, 26.25, 4.1875]},
			"faces": {
				"north": {"uv": [10, 2, 12, 4], "texture": "#3"},
				"east": {"uv": [15, 0.5, 16, 2.5], "texture": "#3"},
				"south": {"uv": [14, 0, 16, 2], "texture": "#3"},
				"west": {"uv": [14.25, 0, 16, 2], "texture": "#3"},
				"up": {"uv": [16, 1.25, 14, 0.25], "texture": "#3"},
				"down": {"uv": [16, 0, 14, 1], "texture": "#3"}
			}
		},
		{
			"name": "Body",
			"from": [4, 11.25, 6],
			"to": [12, 23.25, 10],
			"rotation": {"angle": -22.5, "axis": "x", "origin": [8, 17.25, 8]},
			"faces": {
				"north": {"uv": [5, 5, 7, 8], "texture": "#3"},
				"east": {"uv": [4, 5, 5, 8], "texture": "#3"},
				"south": {"uv": [8, 5, 10, 8], "texture": "#3"},
				"west": {"uv": [7, 5, 8, 8], "texture": "#3"},
				"up": {"uv": [7, 5, 5, 4], "texture": "#3"},
				"down": {"uv": [9, 4, 7, 5], "texture": "#3"}
			}
		},
		{
			"name": "Right Arm",
			"from": [12, 18.0125, -3.6125],
			"to": [16, 22.0125, 8.3875],
			"rotation": {"angle": 0, "axis": "x", "origin": [14, 21.8125, -4.55]},
			"faces": {
				"north": {"uv": [13, 4, 12, 5], "rotation": 180, "texture": "#3"},
				"east": {"uv": [10, 5, 11, 8], "rotation": 270, "texture": "#3"},
				"south": {"uv": [12, 5, 11, 4], "texture": "#3"},
				"west": {"uv": [12, 5, 13, 8], "rotation": 90, "texture": "#3"},
				"up": {"uv": [11, 5, 12, 8], "rotation": 180, "texture": "#3"},
				"down": {"uv": [13, 5, 14, 8], "texture": "#3"}
			}
		},
		{
			"from": [15, 21.5125, -5.6125],
			"to": [15.75, 22.2625, -2.8625],
			"rotation": {"angle": 0, "axis": "x", "origin": [14, 21.8125, -4.55]},
			"faces": {
				"north": {"uv": [11, 2, 15, 6], "rotation": 180, "texture": "#4"},
				"east": {"uv": [8, 0, 12, 16], "rotation": 270, "texture": "#4"},
				"south": {"uv": [11, 2, 15, 6], "texture": "#4"},
				"west": {"uv": [8, 0, 12, 16], "rotation": 90, "texture": "#4"},
				"up": {"uv": [8, 0, 12, 16], "rotation": 180, "texture": "#4"},
				"down": {"uv": [8, 0, 12, 16], "texture": "#4"}
			}
		},
		{
			"from": [15, 21.7625, -5.8625],
			"to": [15.75, 22.2625, -5.6125],
			"rotation": {"angle": 0, "axis": "x", "origin": [14, 21.8125, -4.55]},
			"faces": {
				"north": {"uv": [8, 2, 15, 6], "rotation": 180, "texture": "#4"},
				"east": {"uv": [8, 13, 12, 16], "rotation": 270, "texture": "#4"},
				"south": {"uv": [11, 2, 15, 6], "texture": "#4"},
				"west": {"uv": [8, 13, 12, 16], "rotation": 90, "texture": "#4"},
				"up": {"uv": [8, 13, 12, 16], "rotation": 180, "texture": "#4"},
				"down": {"uv": [8, 13, 12, 16], "texture": "#4"}
			}
		},
		{
			"from": [13.625, 21.7625, -5.8625],
			"to": [14.375, 22.2625, -5.6125],
			"rotation": {"angle": 0, "axis": "x", "origin": [14, 21.8125, -4.55]},
			"faces": {
				"north": {"uv": [8, 2, 15, 6], "rotation": 180, "texture": "#4"},
				"east": {"uv": [8, 13, 12, 16], "rotation": 270, "texture": "#4"},
				"south": {"uv": [11, 2, 15, 6], "texture": "#4"},
				"west": {"uv": [8, 13, 12, 16], "rotation": 90, "texture": "#4"},
				"up": {"uv": [8, 13, 12, 16], "rotation": 180, "texture": "#4"},
				"down": {"uv": [8, 13, 12, 16], "texture": "#4"}
			}
		},
		{
			"from": [12.25, 21.7625, -5.8625],
			"to": [13, 22.2625, -5.6125],
			"rotation": {"angle": 0, "axis": "x", "origin": [14, 21.8125, -4.55]},
			"faces": {
				"north": {"uv": [8, 2, 15, 6], "rotation": 180, "texture": "#4"},
				"east": {"uv": [8, 13, 12, 16], "rotation": 270, "texture": "#4"},
				"south": {"uv": [11, 2, 15, 6], "texture": "#4"},
				"west": {"uv": [8, 13, 12, 16], "rotation": 90, "texture": "#4"},
				"up": {"uv": [8, 13, 12, 16], "rotation": 180, "texture": "#4"},
				"down": {"uv": [8, 13, 12, 16], "texture": "#4"}
			}
		},
		{
			"from": [15, 22.0125, -6.1125],
			"to": [15.75, 22.2625, -5.8625],
			"rotation": {"angle": 0, "axis": "x", "origin": [14, 21.8125, -4.55]},
			"faces": {
				"north": {"uv": [8, 2, 15, 6], "rotation": 180, "texture": "#4"},
				"east": {"uv": [9, 13, 12, 16], "rotation": 270, "texture": "#4"},
				"south": {"uv": [11, 2, 15, 6], "texture": "#4"},
				"west": {"uv": [9, 13, 12, 16], "rotation": 90, "texture": "#4"},
				"up": {"uv": [8, 13, 12, 16], "rotation": 180, "texture": "#4"},
				"down": {"uv": [8, 13, 12, 16], "texture": "#4"}
			}
		},
		{
			"from": [13.625, 22.0125, -6.1125],
			"to": [14.375, 22.2625, -5.8625],
			"rotation": {"angle": 0, "axis": "x", "origin": [14, 21.8125, -4.55]},
			"faces": {
				"north": {"uv": [8, 2, 15, 6], "rotation": 180, "texture": "#4"},
				"east": {"uv": [9, 13, 12, 16], "rotation": 270, "texture": "#4"},
				"south": {"uv": [11, 2, 15, 6], "texture": "#4"},
				"west": {"uv": [9, 13, 12, 16], "rotation": 90, "texture": "#4"},
				"up": {"uv": [8, 13, 12, 16], "rotation": 180, "texture": "#4"},
				"down": {"uv": [8, 13, 12, 16], "texture": "#4"}
			}
		},
		{
			"from": [12.25, 22.0125, -6.1125],
			"to": [13, 22.2625, -5.8625],
			"rotation": {"angle": 0, "axis": "x", "origin": [14, 21.8125, -4.55]},
			"faces": {
				"north": {"uv": [8, 2, 15, 6], "rotation": 180, "texture": "#4"},
				"east": {"uv": [9, 13, 12, 16], "rotation": 270, "texture": "#4"},
				"south": {"uv": [11, 2, 15, 6], "texture": "#4"},
				"west": {"uv": [9, 13, 12, 16], "rotation": 90, "texture": "#4"},
				"up": {"uv": [8, 13, 12, 16], "rotation": 180, "texture": "#4"},
				"down": {"uv": [8, 13, 12, 16], "texture": "#4"}
			}
		},
		{
			"from": [13.625, 21.5125, -5.6125],
			"to": [14.375, 22.2625, -2.8625],
			"rotation": {"angle": 0, "axis": "x", "origin": [14, 21.8125, -4.55]},
			"faces": {
				"north": {"uv": [11, 2, 15, 6], "rotation": 180, "texture": "#4"},
				"east": {"uv": [8, 0, 12, 16], "rotation": 270, "texture": "#4"},
				"south": {"uv": [11, 2, 15, 6], "texture": "#4"},
				"west": {"uv": [8, 0, 12, 16], "rotation": 90, "texture": "#4"},
				"up": {"uv": [8, 0, 12, 16], "rotation": 180, "texture": "#4"},
				"down": {"uv": [8, 0, 12, 16], "texture": "#4"}
			}
		},
		{
			"from": [12.25, 21.5125, -5.6125],
			"to": [13, 22.2625, -2.8625],
			"rotation": {"angle": 0, "axis": "x", "origin": [14, 21.8125, -4.55]},
			"faces": {
				"north": {"uv": [11, 2, 15, 6], "rotation": 180, "texture": "#4"},
				"east": {"uv": [8, 0, 12, 16], "rotation": 270, "texture": "#4"},
				"south": {"uv": [11, 2, 15, 6], "texture": "#4"},
				"west": {"uv": [8, 0, 12, 16], "rotation": 90, "texture": "#4"},
				"up": {"uv": [8, 0, 12, 16], "rotation": 180, "texture": "#4"},
				"down": {"uv": [8, 0, 12, 16], "texture": "#4"}
			}
		},
		{
			"name": "Left Arm",
			"from": [0, 13.25, 13.25],
			"to": [4, 25.25, 17.25],
			"rotation": {"angle": -45, "axis": "x", "origin": [2, 12.3125, 13.45]},
			"faces": {
				"north": {"uv": [9, 13, 10, 16], "texture": "#3"},
				"east": {"uv": [8, 13, 9, 16], "texture": "#3"},
				"south": {"uv": [11, 13, 12, 16], "texture": "#3"},
				"west": {"uv": [10, 13, 11, 16], "texture": "#3"},
				"up": {"uv": [10, 13, 9, 12], "texture": "#3"},
				"down": {"uv": [11, 12, 10, 13], "texture": "#3"}
			}
		},
		{
			"from": [3, 11.25, 13],
			"to": [3.75, 14, 13.75],
			"rotation": {"angle": -45, "axis": "x", "origin": [2, 12.3125, 13.45]},
			"faces": {
				"north": {"uv": [8, 0, 12, 16], "texture": "#4"},
				"east": {"uv": [8, 0, 12, 16], "texture": "#4"},
				"south": {"uv": [8, 0, 12, 16], "texture": "#4"},
				"west": {"uv": [8, 0, 12, 16], "texture": "#4"},
				"up": {"uv": [11, 2, 15, 6], "texture": "#4"},
				"down": {"uv": [11, 2, 15, 6], "texture": "#4"}
			}
		},
		{
			"from": [3, 11, 13],
			"to": [3.75, 11.25, 13.5],
			"rotation": {"angle": -45, "axis": "x", "origin": [2, 12.3125, 13.45]},
			"faces": {
				"north": {"uv": [8, 13, 12, 16], "texture": "#4"},
				"east": {"uv": [8, 13, 12, 16], "texture": "#4"},
				"south": {"uv": [8, 13, 12, 16], "texture": "#4"},
				"west": {"uv": [8, 13, 12, 16], "texture": "#4"},
				"up": {"uv": [11, 2, 15, 6], "texture": "#4"},
				"down": {"uv": [8, 2, 15, 6], "texture": "#4"}
			}
		},
		{
			"from": [1.625, 11, 13],
			"to": [2.375, 11.25, 13.5],
			"rotation": {"angle": -45, "axis": "x", "origin": [2, 12.3125, 13.45]},
			"faces": {
				"north": {"uv": [8, 13, 12, 16], "texture": "#4"},
				"east": {"uv": [8, 13, 12, 16], "texture": "#4"},
				"south": {"uv": [8, 13, 12, 16], "texture": "#4"},
				"west": {"uv": [8, 13, 12, 16], "texture": "#4"},
				"up": {"uv": [11, 2, 15, 6], "texture": "#4"},
				"down": {"uv": [8, 2, 15, 6], "texture": "#4"}
			}
		},
		{
			"from": [0.25, 11, 13],
			"to": [1, 11.25, 13.5],
			"rotation": {"angle": -45, "axis": "x", "origin": [2, 12.3125, 13.45]},
			"faces": {
				"north": {"uv": [8, 13, 12, 16], "texture": "#4"},
				"east": {"uv": [8, 13, 12, 16], "texture": "#4"},
				"south": {"uv": [8, 13, 12, 16], "texture": "#4"},
				"west": {"uv": [8, 13, 12, 16], "texture": "#4"},
				"up": {"uv": [11, 2, 15, 6], "texture": "#4"},
				"down": {"uv": [8, 2, 15, 6], "texture": "#4"}
			}
		},
		{
			"from": [3, 10.75, 13],
			"to": [3.75, 11, 13.25],
			"rotation": {"angle": -45, "axis": "x", "origin": [2, 12.3125, 13.45]},
			"faces": {
				"north": {"uv": [8, 13, 12, 16], "texture": "#4"},
				"east": {"uv": [9, 13, 12, 16], "texture": "#4"},
				"south": {"uv": [8, 13, 12, 16], "texture": "#4"},
				"west": {"uv": [9, 13, 12, 16], "texture": "#4"},
				"up": {"uv": [11, 2, 15, 6], "texture": "#4"},
				"down": {"uv": [8, 2, 15, 6], "texture": "#4"}
			}
		},
		{
			"from": [1.625, 10.75, 13],
			"to": [2.375, 11, 13.25],
			"rotation": {"angle": -45, "axis": "x", "origin": [2, 12.3125, 13.45]},
			"faces": {
				"north": {"uv": [8, 13, 12, 16], "texture": "#4"},
				"east": {"uv": [9, 13, 12, 16], "texture": "#4"},
				"south": {"uv": [8, 13, 12, 16], "texture": "#4"},
				"west": {"uv": [9, 13, 12, 16], "texture": "#4"},
				"up": {"uv": [11, 2, 15, 6], "texture": "#4"},
				"down": {"uv": [8, 2, 15, 6], "texture": "#4"}
			}
		},
		{
			"from": [0.25, 10.75, 13],
			"to": [1, 11, 13.25],
			"rotation": {"angle": -45, "axis": "x", "origin": [2, 12.3125, 13.45]},
			"faces": {
				"north": {"uv": [8, 13, 12, 16], "texture": "#4"},
				"east": {"uv": [9, 13, 12, 16], "texture": "#4"},
				"south": {"uv": [8, 13, 12, 16], "texture": "#4"},
				"west": {"uv": [9, 13, 12, 16], "texture": "#4"},
				"up": {"uv": [11, 2, 15, 6], "texture": "#4"},
				"down": {"uv": [8, 2, 15, 6], "texture": "#4"}
			}
		},
		{
			"from": [1.625, 11.25, 13],
			"to": [2.375, 14, 13.75],
			"rotation": {"angle": -45, "axis": "x", "origin": [2, 12.3125, 13.45]},
			"faces": {
				"north": {"uv": [8, 0, 12, 16], "texture": "#4"},
				"east": {"uv": [8, 0, 12, 16], "texture": "#4"},
				"south": {"uv": [8, 0, 12, 16], "texture": "#4"},
				"west": {"uv": [8, 0, 12, 16], "texture": "#4"},
				"up": {"uv": [11, 2, 15, 6], "texture": "#4"},
				"down": {"uv": [11, 2, 15, 6], "texture": "#4"}
			}
		},
		{
			"from": [0.25, 11.25, 13],
			"to": [1, 14, 13.75],
			"rotation": {"angle": -45, "axis": "x", "origin": [2, 12.3125, 13.45]},
			"faces": {
				"north": {"uv": [8, 0, 12, 16], "texture": "#4"},
				"east": {"uv": [8, 0, 12, 16], "texture": "#4"},
				"south": {"uv": [8, 0, 12, 16], "texture": "#4"},
				"west": {"uv": [8, 0, 12, 16], "texture": "#4"},
				"up": {"uv": [11, 2, 15, 6], "texture": "#4"},
				"down": {"uv": [11, 2, 15, 6], "texture": "#4"}
			}
		},
		{
			"name": "Right Leg",
			"from": [7.9625, 3.875, 16.375],
			"to": [11.9625, 15.875, 20.375],
			"rotation": {"angle": -45, "axis": "x", "origin": [8.0625, 3.875, 18.375]},
			"faces": {
				"north": {"uv": [1, 5, 2, 8], "texture": "#3"},
				"east": {"uv": [0, 5, 1, 8], "texture": "#3"},
				"south": {"uv": [3, 5, 4, 8], "texture": "#3"},
				"west": {"uv": [2, 5, 3, 8], "texture": "#3"},
				"up": {"uv": [2, 5, 1, 4], "texture": "#3"},
				"down": {"uv": [3, 4, 2, 5], "texture": "#3"}
			}
		},
		{
			"name": "Left Leg",
			"from": [3.975, -0.5, 3.6875],
			"to": [7.975, 11.5, 7.6875],
			"rotation": {"angle": 45, "axis": "x", "origin": [5.975, 5.5, 5.6875]},
			"faces": {
				"north": {"uv": [5, 13, 6, 16], "texture": "#3"},
				"east": {"uv": [4, 13, 5, 16], "texture": "#3"},
				"south": {"uv": [7, 13, 8, 16], "texture": "#3"},
				"west": {"uv": [6, 13, 7, 16], "texture": "#3"},
				"up": {"uv": [6, 13, 5, 12], "texture": "#3"},
				"down": {"uv": [7, 12, 6, 13], "texture": "#3"}
			}
		}
	],
	"display": {
		"thirdperson_righthand": {
			"rotation": [3, -180, 0],
			"translation": [0, 1, 1.5],
			"scale": [0.2, 0.2, 0.2]
		},
		"thirdperson_lefthand": {
			"scale": [0, 0, 0]
		},
		"firstperson_righthand": {
			"rotation": [0, 140, -2],
			"translation": [1.25, 0, 0],
			"scale": [0.3, 0.3, 0.3]
		},
		"firstperson_lefthand": {
			"scale": [0, 0, 0]
		},
		"ground": {
			"translation": [0, -1.25, 0],
			"scale": [0.15, 0.15, 0.15]
		},
		"gui": {
			"rotation": [-6, -156, 0],
			"translation": [0, -3.75, 0],
			"scale": [0.45, 0.45, 0.45]
		},
		"head": {
			"translation": [0, -30.25, 0],
			"scale": [1.6, 1.6, 1.6]
		}
	},
	"groups": [
		{
			"name": "root",
			"origin": [0, 0, 0],
			"children": [
				{
					"name": "Head",
					"origin": [0, 24, 0],
					"children": [0, 1]
				},
				{
					"name": "Body",
					"origin": [0, 24, 0],
					"children": [2]
				},
				{
					"name": "RightArm",
					"origin": [6.25, 18, 0],
					"children": [3,
						{
							"name": "clawsright",
							"origin": [8, 8, 8],
							"children": [4, 5, 6, 7, 8, 9, 10, 11, 12]
						}
					]
				},
				{
					"name": "LeftArm",
					"origin": [-6.25, 18, 0],
					"children": [13,
						{
							"name": "clawsleft",
							"origin": [8, 8, 8],
							"children": [14, 15, 16, 17, 18, 19, 20, 21, 22]
						}
					]
				},
				{
					"name": "RightLeg",
					"origin": [1.9, 6, 0],
					"children": [23]
				},
				{
					"name": "LeftLeg",
					"origin": [-1.9, 6, 0],
					"children": [24]
				}
			]
		}
	]
}