{
	"credit": "Made with Blockbench",
	"texture_size": [64, 64],
	"textures": {
		"2": "block/wisp-a",
		"7": "block/magma",
		"particle": "block/wisp-a"
	},
	"elements": [
		{
			"name": "Head",
			"from": [4, 23.5, 3],
			"to": [12, 31.5, 11],
			"rotation": {"angle": -22.5, "axis": "x", "origin": [8, 27.5, 7]},
			"faces": {
				"north": {"uv": [2, 2, 4, 4], "texture": "#2"},
				"east": {"uv": [0, 2, 2, 4], "texture": "#2"},
				"south": {"uv": [6, 2, 8, 4], "texture": "#2"},
				"west": {"uv": [4, 2, 6, 4], "texture": "#2"},
				"up": {"uv": [4, 2, 2, 0], "texture": "#2"},
				"down": {"uv": [6, 0, 4, 2], "texture": "#2"}
			}
		},
		{
			"name": "Body",
			"from": [4, 12, 6],
			"to": [12, 24, 10],
			"rotation": {"angle": 0, "axis": "y", "origin": [8, 0, 8]},
			"faces": {
				"north": {"uv": [5, 5, 7, 8], "texture": "#2"},
				"east": {"uv": [4, 5, 5, 8], "texture": "#2"},
				"south": {"uv": [8, 5, 10, 8], "texture": "#2"},
				"west": {"uv": [7, 5, 8, 8], "texture": "#2"},
				"up": {"uv": [7, 5, 5, 4], "texture": "#2"},
				"down": {"uv": [9, 4, 7, 5], "texture": "#2"}
			}
		},
		{
			"name": "Right Arm",
			"from": [10, 18.75, -2.1875],
			"to": [14, 22.75, 9.8125],
			"rotation": {"angle": 22.5, "axis": "y", "origin": [12, 20.75, 3.8125]},
			"faces": {
				"north": {"uv": [13, 4, 12, 5], "rotation": 180, "texture": "#2"},
				"east": {"uv": [10, 5, 11, 8], "rotation": 270, "texture": "#2"},
				"south": {"uv": [12, 5, 11, 4], "texture": "#2"},
				"west": {"uv": [12, 5, 13, 8], "rotation": 90, "texture": "#2"},
				"up": {"uv": [11, 5, 12, 8], "rotation": 180, "texture": "#2"},
				"down": {"uv": [13, 5, 14, 8], "texture": "#2"}
			}
		},
		{
			"name": "Left Arm",
			"from": [1.5, 17.75, -2.25],
			"to": [5.5, 21.75, 9.75],
			"rotation": {"angle": -22.5, "axis": "y", "origin": [3.5, 19.75, 3.75]},
			"faces": {
				"north": {"uv": [11, 12, 10, 13], "rotation": 270, "texture": "#2"},
				"east": {"uv": [11, 13, 12, 16], "rotation": 270, "texture": "#2"},
				"south": {"uv": [10, 13, 9, 12], "rotation": 270, "texture": "#2"},
				"west": {"uv": [9, 13, 10, 16], "rotation": 90, "texture": "#2"},
				"up": {"uv": [8, 13, 9, 16], "rotation": 180, "texture": "#2"},
				"down": {"uv": [10, 13, 11, 16], "texture": "#2"}
			}
		},
		{
			"name": "Right Leg",
			"from": [7.9625, 0, 6],
			"to": [11.9625, 12, 10],
			"rotation": {"angle": 0, "axis": "x", "origin": [7.96875, 6, 8]},
			"faces": {
				"north": {"uv": [1, 5, 2, 8], "texture": "#2"},
				"east": {"uv": [0, 5, 1, 8], "texture": "#2"},
				"south": {"uv": [3, 5, 4, 8], "texture": "#2"},
				"west": {"uv": [2, 5, 3, 8], "texture": "#2"},
				"up": {"uv": [11.875, 2.375, 10.875, 1.375], "texture": "#2"},
				"down": {"uv": [3, 4, 2, 5], "texture": "#2"}
			}
		},
		{
			"name": "Left Leg",
			"from": [3.975, -0.1875, 3.8125],
			"to": [7.975, 11.8125, 7.8125],
			"rotation": {"angle": 22.5, "axis": "x", "origin": [7.96875, 5.8125, 5.8125]},
			"faces": {
				"north": {"uv": [5, 13, 6, 16], "texture": "#2"},
				"east": {"uv": [4, 13, 5, 16], "texture": "#2"},
				"south": {"uv": [7, 13, 8, 16], "texture": "#2"},
				"west": {"uv": [6, 13, 7, 16], "texture": "#2"},
				"up": {"uv": [12, 5, 11, 4], "texture": "#2"},
				"down": {"uv": [7, 12, 6, 13], "texture": "#2"}
			}
		},
		{
			"from": [7.5, 17, 7.6875],
			"to": [8.5, 18, 8.6875],
			"rotation": {"angle": 0, "axis": "y", "origin": [15.5, 25, 15.6875]},
			"faces": {
				"north": {"uv": [8.5, 13, 10.5, 15], "texture": "#7"},
				"east": {"uv": [8.5, 13, 10.5, 15], "texture": "#7"},
				"south": {"uv": [8.5, 13, 10.5, 15], "texture": "#7"},
				"west": {"uv": [8.5, 13, 10.5, 15], "texture": "#7"},
				"up": {"uv": [8.5, 13, 10.5, 15], "texture": "#7"},
				"down": {"uv": [8.5, 13, 10.5, 15], "texture": "#7"}
			}
		},
		{
			"from": [8.5, 18, 7.6875],
			"to": [9.5, 19, 8.6875],
			"rotation": {"angle": 0, "axis": "y", "origin": [16.5, 26, 15.6875]},
			"faces": {
				"north": {"uv": [14, 0, 16, 2], "texture": "#7"},
				"east": {"uv": [14, 0, 16, 2], "texture": "#7"},
				"south": {"uv": [14, 0, 16, 2], "texture": "#7"},
				"west": {"uv": [14, 0, 16, 2], "texture": "#7"},
				"up": {"uv": [14, 0, 16, 2], "texture": "#7"},
				"down": {"uv": [14, 0, 16, 2], "texture": "#7"}
			}
		},
		{
			"from": [6.5, 18, 7.6875],
			"to": [7.5, 19, 8.6875],
			"rotation": {"angle": 0, "axis": "y", "origin": [14.5, 26, 15.6875]},
			"faces": {
				"north": {"uv": [3, 0, 5, 2], "texture": "#7"},
				"east": {"uv": [3, 0, 5, 2], "texture": "#7"},
				"south": {"uv": [3, 0, 5, 2], "texture": "#7"},
				"west": {"uv": [3, 0, 5, 2], "texture": "#7"},
				"up": {"uv": [3, 0, 5, 2], "texture": "#7"},
				"down": {"uv": [3, 0, 5, 2], "texture": "#7"}
			}
		},
		{
			"from": [9.5, 19, 7.6875],
			"to": [10.5, 20, 8.6875],
			"rotation": {"angle": 0, "axis": "y", "origin": [17.5, 27, 15.6875]},
			"faces": {
				"north": {"uv": [0, 9, 2, 11], "texture": "#7"},
				"east": {"uv": [0, 9, 2, 11], "texture": "#7"},
				"south": {"uv": [0, 9, 2, 11], "texture": "#7"},
				"west": {"uv": [0, 9, 2, 11], "texture": "#7"},
				"up": {"uv": [0, 9, 2, 11], "texture": "#7"},
				"down": {"uv": [0, 9, 2, 11], "texture": "#7"}
			}
		},
		{
			"from": [6.5, 19, 7.6875],
			"to": [7.5, 20, 8.6875],
			"rotation": {"angle": 0, "axis": "y", "origin": [14.5, 27, 15.6875]},
			"faces": {
				"north": {"uv": [12, 11, 14, 13], "texture": "#7"},
				"east": {"uv": [12, 11, 14, 13], "texture": "#7"},
				"south": {"uv": [12, 11, 14, 13], "texture": "#7"},
				"west": {"uv": [12, 11, 14, 13], "texture": "#7"},
				"up": {"uv": [12, 11, 14, 13], "texture": "#7"},
				"down": {"uv": [12, 11, 14, 13], "texture": "#7"}
			}
		},
		{
			"from": [5.5, 19, 7.6875],
			"to": [6.5, 20, 8.6875],
			"rotation": {"angle": 0, "axis": "y", "origin": [13.5, 27, 15.6875]},
			"faces": {
				"north": {"uv": [9, 5, 11, 7], "texture": "#7"},
				"east": {"uv": [9, 5, 11, 7], "texture": "#7"},
				"south": {"uv": [9, 5, 11, 7], "texture": "#7"},
				"west": {"uv": [9, 5, 11, 7], "texture": "#7"},
				"up": {"uv": [9, 5, 11, 7], "texture": "#7"},
				"down": {"uv": [9, 5, 11, 7], "texture": "#7"}
			}
		},
		{
			"from": [8.5, 20, 7.6875],
			"to": [9.5, 21, 8.6875],
			"rotation": {"angle": 0, "axis": "y", "origin": [16.5, 28, 15.6875]},
			"faces": {
				"north": {"uv": [7, 9, 9, 11], "texture": "#7"},
				"east": {"uv": [7, 9, 9, 11], "texture": "#7"},
				"south": {"uv": [7, 9, 9, 11], "texture": "#7"},
				"west": {"uv": [7, 9, 9, 11], "texture": "#7"},
				"up": {"uv": [7, 9, 9, 11], "texture": "#7"},
				"down": {"uv": [7, 9, 9, 11], "texture": "#7"}
			}
		},
		{
			"from": [9.5, 20, 7.6875],
			"to": [10.5, 21, 8.6875],
			"rotation": {"angle": 0, "axis": "y", "origin": [17.5, 28, 15.6875]},
			"faces": {
				"north": {"uv": [6, 5, 8, 7], "texture": "#7"},
				"east": {"uv": [6, 5, 8, 7], "texture": "#7"},
				"south": {"uv": [6, 5, 8, 7], "texture": "#7"},
				"west": {"uv": [6, 5, 8, 7], "texture": "#7"},
				"up": {"uv": [6, 5, 8, 7], "texture": "#7"},
				"down": {"uv": [6, 5, 8, 7], "texture": "#7"}
			}
		},
		{
			"from": [5.5, 20, 7.6875],
			"to": [6.5, 21, 8.6875],
			"rotation": {"angle": 0, "axis": "y", "origin": [13.5, 28, 15.6875]},
			"faces": {
				"north": {"uv": [5, 12, 7, 14], "texture": "#7"},
				"east": {"uv": [5, 12, 7, 14], "texture": "#7"},
				"south": {"uv": [5, 12, 7, 14], "texture": "#7"},
				"west": {"uv": [5, 12, 7, 14], "texture": "#7"},
				"up": {"uv": [5, 12, 7, 14], "texture": "#7"},
				"down": {"uv": [5, 12, 7, 14], "texture": "#7"}
			}
		},
		{
			"from": [8.5, 21, 7.6875],
			"to": [9.5, 22, 8.6875],
			"rotation": {"angle": 0, "axis": "y", "origin": [16.5, 29, 15.6875]},
			"faces": {
				"north": {"uv": [7, 7, 9, 9], "texture": "#7"},
				"east": {"uv": [7, 7, 9, 9], "texture": "#7"},
				"south": {"uv": [7, 7, 9, 9], "texture": "#7"},
				"west": {"uv": [7, 7, 9, 9], "texture": "#7"},
				"up": {"uv": [7, 7, 9, 9], "texture": "#7"},
				"down": {"uv": [7, 7, 9, 9], "texture": "#7"}
			}
		},
		{
			"from": [6.5, 21, 7.6875],
			"to": [7.5, 22, 8.6875],
			"rotation": {"angle": 0, "axis": "y", "origin": [14.5, 29, 15.6875]},
			"faces": {
				"north": {"uv": [10, 7, 12, 9], "texture": "#7"},
				"east": {"uv": [10, 7, 12, 9], "texture": "#7"},
				"south": {"uv": [10, 7, 12, 9], "texture": "#7"},
				"west": {"uv": [10, 7, 12, 9], "texture": "#7"},
				"up": {"uv": [10, 7, 12, 9], "texture": "#7"},
				"down": {"uv": [10, 7, 12, 9], "texture": "#7"}
			}
		}
	],
	"display": {
		"thirdperson_righthand": {
			"rotation": [3, -180, 0],
			"translation": [0, 1, 1.5],
			"scale": [0.2, 0.2, 0.2]
		},
		"thirdperson_lefthand": {
			"scale": [0, 0, 0]
		},
		"firstperson_righthand": {
			"rotation": [0, 140, -2],
			"translation": [1.25, 0, 0],
			"scale": [0.3, 0.3, 0.3]
		},
		"firstperson_lefthand": {
			"scale": [0, 0, 0]
		},
		"ground": {
			"translation": [0, -1.25, 0],
			"scale": [0.15, 0.15, 0.15]
		},
		"gui": {
			"rotation": [-6, -156, 0],
			"translation": [0, -3.75, 0],
			"scale": [0.45, 0.45, 0.45]
		},
		"head": {
			"translation": [0, -30.25, 0],
			"scale": [1.6, 1.6, 1.6]
		}
	},
	"groups": [
		{
			"name": "root",
			"origin": [0, 0, 0],
			"children": [
				{
					"name": "Head",
					"origin": [0, 24, 0],
					"children": [0]
				},
				{
					"name": "Body",
					"origin": [0, 24, 0],
					"children": [1]
				},
				{
					"name": "RightArm",
					"origin": [6.25, 18, 0],
					"children": [2]
				},
				{
					"name": "LeftArm",
					"origin": [-6.25, 18, 0],
					"children": [3]
				},
				{
					"name": "RightLeg",
					"origin": [1.9, 6, 0],
					"children": [4]
				},
				{
					"name": "LeftLeg",
					"origin": [-1.9, 6, 0],
					"children": [5]
				}
			]
		},
		{
			"name": "heart",
			"origin": [16, 36, 7.9375],
			"children": [6, 7, 8, 9, 10, 11, 12, 13, 14, 15, 16]
		}
	]
}