{
	"credit": "Made with Blockbench",
	"textures": {
		"0": "block/polished_blackstone_bricks",
		"1": "block/black_concrete",
		"particle": "block/polished_blackstone_bricks"
	},
	"elements": [
		{
			"from": [-16, 0, 0],
			"to": [-15, 15, 1],
			"rotation": {"angle": 0, "axis": "y", "origin": [6.23529, 17.57843, 7.5]},
			"faces": {
				"north": {"uv": [5, 0, 6, 16], "texture": "#0"},
				"east": {"uv": [5, 0, 6, 16], "texture": "#0"},
				"south": {"uv": [5, 0, 6, 16], "texture": "#0"},
				"west": {"uv": [5, 0, 6, 16], "texture": "#0"},
				"up": {"uv": [5, 0, 6, 1], "texture": "#0"},
				"down": {"uv": [5, 0, 6, 16], "texture": "#0"}
			}
		},
		{
			"from": [-16, 0, 14],
			"to": [-15, 15, 15],
			"rotation": {"angle": 0, "axis": "y", "origin": [6.23529, 17.57843, 7.5]},
			"faces": {
				"north": {"uv": [5, 0, 6, 16], "texture": "#0"},
				"east": {"uv": [5, 0, 6, 16], "texture": "#0"},
				"south": {"uv": [5, 0, 6, 16], "texture": "#0"},
				"west": {"uv": [5, 0, 6, 16], "texture": "#0"},
				"up": {"uv": [5, 0, 6, 1], "texture": "#0"},
				"down": {"uv": [5, 0, 6, 16], "texture": "#0"}
			}
		},
		{
			"from": [31, 0, 0],
			"to": [32, 15, 1],
			"rotation": {"angle": 0, "axis": "y", "origin": [6.23529, 17.57843, 7.5]},
			"faces": {
				"north": {"uv": [5, 0, 6, 16], "texture": "#0"},
				"east": {"uv": [5, 0, 6, 16], "texture": "#0"},
				"south": {"uv": [5, 0, 6, 16], "texture": "#0"},
				"west": {"uv": [5, 0, 6, 16], "texture": "#0"},
				"up": {"uv": [5, 0, 6, 1], "texture": "#0"},
				"down": {"uv": [5, 0, 6, 16], "texture": "#0"}
			}
		},
		{
			"from": [31, 29, 0],
			"to": [32, 31, 1],
			"rotation": {"angle": 0, "axis": "y", "origin": [6.23529, 17.57843, 7.5]},
			"faces": {
				"north": {"uv": [5, 6, 6, 8], "texture": "#0"},
				"east": {"uv": [5, 6, 6, 8], "texture": "#0"},
				"south": {"uv": [5, 7, 6, 9], "texture": "#0"},
				"west": {"uv": [5, 6, 6, 8], "texture": "#0"},
				"up": {"uv": [5, 6, 6, 8], "texture": "#0"},
				"down": {"uv": [5, 6, 6, 8], "texture": "#0"}
			}
		},
		{
			"from": [-16, 29, 0],
			"to": [-15, 31, 1],
			"rotation": {"angle": 0, "axis": "y", "origin": [6.23529, 17.57843, 7.5]},
			"faces": {
				"north": {"uv": [5, 6, 6, 8], "texture": "#0"},
				"east": {"uv": [5, 6, 6, 8], "texture": "#0"},
				"south": {"uv": [5, 7, 6, 9], "texture": "#0"},
				"west": {"uv": [5, 6, 6, 8], "texture": "#0"},
				"up": {"uv": [5, 6, 6, 8], "texture": "#0"},
				"down": {"uv": [5, 6, 6, 8], "texture": "#0"}
			}
		},
		{
			"from": [-16, 29, 14],
			"to": [-15, 31, 15],
			"rotation": {"angle": 0, "axis": "y", "origin": [6.23529, 17.57843, 7.5]},
			"faces": {
				"north": {"uv": [5, 6, 6, 8], "texture": "#0"},
				"east": {"uv": [5, 6, 6, 8], "texture": "#0"},
				"south": {"uv": [5, 7, 6, 9], "texture": "#0"},
				"west": {"uv": [5, 6, 6, 8], "texture": "#0"},
				"up": {"uv": [5, 6, 6, 8], "texture": "#0"},
				"down": {"uv": [5, 6, 6, 8], "texture": "#0"}
			}
		},
		{
			"from": [31, 29, 14],
			"to": [32, 31, 15],
			"rotation": {"angle": 0, "axis": "y", "origin": [6.23529, 17.57843, 7.5]},
			"faces": {
				"north": {"uv": [5, 6, 6, 8], "texture": "#0"},
				"east": {"uv": [5, 6, 6, 8], "texture": "#0"},
				"south": {"uv": [5, 7, 6, 9], "texture": "#0"},
				"west": {"uv": [5, 6, 6, 8], "texture": "#0"},
				"up": {"uv": [5, 6, 6, 8], "texture": "#0"},
				"down": {"uv": [5, 6, 6, 8], "texture": "#0"}
			}
		},
		{
			"from": [31, 15, 0],
			"to": [32, 29, 1],
			"rotation": {"angle": 0, "axis": "y", "origin": [6.23529, 17.57843, 7.5]},
			"faces": {
				"north": {"uv": [5, 0, 6, 15], "texture": "#0"},
				"east": {"uv": [5, 0, 6, 15], "texture": "#0"},
				"south": {"uv": [5, 0, 6, 15], "texture": "#0"},
				"west": {"uv": [5, 0, 6, 15], "texture": "#0"},
				"up": {"uv": [5, 0, 6, 15], "texture": "#0"},
				"down": {"uv": [5, 0, 6, 15], "texture": "#0"}
			}
		},
		{
			"from": [-16, 15, 0],
			"to": [-15, 29, 1],
			"rotation": {"angle": 0, "axis": "y", "origin": [6.23529, 17.57843, 7.5]},
			"faces": {
				"north": {"uv": [5, 0, 6, 15], "texture": "#0"},
				"east": {"uv": [5, 0, 6, 15], "texture": "#0"},
				"south": {"uv": [5, 0, 6, 15], "texture": "#0"},
				"west": {"uv": [5, 0, 6, 15], "texture": "#0"},
				"up": {"uv": [5, 0, 6, 15], "texture": "#0"},
				"down": {"uv": [5, 0, 6, 15], "texture": "#0"}
			}
		},
		{
			"from": [-16, 15, 14],
			"to": [-15, 29, 15],
			"rotation": {"angle": 0, "axis": "y", "origin": [6.23529, 17.57843, 7.5]},
			"faces": {
				"north": {"uv": [5, 0, 6, 15], "texture": "#0"},
				"east": {"uv": [5, 0, 6, 15], "texture": "#0"},
				"south": {"uv": [5, 0, 6, 15], "texture": "#0"},
				"west": {"uv": [5, 0, 6, 15], "texture": "#0"},
				"up": {"uv": [5, 0, 6, 15], "texture": "#0"},
				"down": {"uv": [5, 0, 6, 15], "texture": "#0"}
			}
		},
		{
			"from": [31, 15, 14],
			"to": [32, 29, 15],
			"rotation": {"angle": 0, "axis": "y", "origin": [6.23529, 17.57843, 7.5]},
			"faces": {
				"north": {"uv": [5, 0, 6, 15], "texture": "#0"},
				"east": {"uv": [5, 0, 6, 15], "texture": "#0"},
				"south": {"uv": [5, 0, 6, 15], "texture": "#0"},
				"west": {"uv": [5, 0, 6, 15], "texture": "#0"},
				"up": {"uv": [5, 0, 6, 15], "texture": "#0"},
				"down": {"uv": [5, 0, 6, 15], "texture": "#0"}
			}
		},
		{
			"from": [31, 0, 14],
			"to": [32, 15, 15],
			"rotation": {"angle": 0, "axis": "y", "origin": [6.23529, 17.57843, 7.5]},
			"faces": {
				"north": {"uv": [5, 0, 6, 16], "texture": "#0"},
				"east": {"uv": [5, 0, 6, 16], "texture": "#0"},
				"south": {"uv": [5, 0, 6, 16], "texture": "#0"},
				"west": {"uv": [5, 0, 6, 16], "texture": "#0"},
				"up": {"uv": [5, 0, 6, 1], "texture": "#0"},
				"down": {"uv": [5, 0, 6, 16], "texture": "#0"}
			}
		},
		{
			"from": [17, 4, 0],
			"to": [31, 6, 1],
			"rotation": {"angle": 0, "axis": "y", "origin": [6.23529, 17.57843, 7.5]},
			"faces": {
				"north": {"uv": [0, 13, 16, 15], "texture": "#0"},
				"east": {"uv": [5, 0, 6, 16], "texture": "#0"},
				"south": {"uv": [0, 12, 16, 14], "texture": "#0"},
				"west": {"uv": [14, 2, 15, 5], "texture": "#0"},
				"up": {"uv": [0, 8, 16, 9], "texture": "#0"},
				"down": {"uv": [0, 8, 16, 9], "texture": "#0"}
			}
		},
		{
			"from": [17, 16, 0],
			"to": [31, 18, 1],
			"rotation": {"angle": 0, "axis": "y", "origin": [6.23529, 17.57843, 7.5]},
			"faces": {
				"north": {"uv": [0, 13, 16, 15], "texture": "#0"},
				"east": {"uv": [5, 0, 6, 16], "texture": "#0"},
				"south": {"uv": [0, 12, 16, 14], "texture": "#0"},
				"west": {"uv": [14, 2, 15, 5], "texture": "#0"},
				"up": {"uv": [0, 8, 16, 9], "texture": "#0"},
				"down": {"uv": [0, 8, 16, 9], "texture": "#0"}
			}
		},
		{
			"from": [17, 28, 0],
			"to": [31, 30, 1],
			"rotation": {"angle": 0, "axis": "y", "origin": [6.23529, 17.57843, 7.5]},
			"faces": {
				"north": {"uv": [0, 13, 16, 15], "texture": "#0"},
				"east": {"uv": [5, 0, 6, 16], "texture": "#0"},
				"south": {"uv": [0, 12, 16, 14], "texture": "#0"},
				"west": {"uv": [14, 2, 15, 5], "texture": "#0"},
				"up": {"uv": [0, 8, 16, 9], "texture": "#0"},
				"down": {"uv": [0, 8, 16, 9], "texture": "#0"}
			}
		},
		{
			"from": [17, 4, 14],
			"to": [31, 6, 15],
			"rotation": {"angle": 0, "axis": "y", "origin": [6.23529, 17.57843, 7.5]},
			"faces": {
				"north": {"uv": [0, 13, 16, 15], "texture": "#0"},
				"east": {"uv": [5, 0, 6, 16], "texture": "#0"},
				"south": {"uv": [0, 12, 16, 14], "texture": "#0"},
				"west": {"uv": [14, 2, 15, 5], "texture": "#0"},
				"up": {"uv": [0, 8, 16, 9], "texture": "#0"},
				"down": {"uv": [0, 8, 16, 9], "texture": "#0"}
			}
		},
		{
			"from": [17, 16, 14],
			"to": [31, 18, 15],
			"rotation": {"angle": 0, "axis": "y", "origin": [6.23529, 17.57843, 7.5]},
			"faces": {
				"north": {"uv": [0, 13, 16, 15], "texture": "#0"},
				"east": {"uv": [5, 0, 6, 16], "texture": "#0"},
				"south": {"uv": [0, 12, 16, 14], "texture": "#0"},
				"west": {"uv": [14, 2, 15, 5], "texture": "#0"},
				"up": {"uv": [0, 8, 16, 9], "texture": "#0"},
				"down": {"uv": [0, 8, 16, 9], "texture": "#0"}
			}
		},
		{
			"from": [17, 28, 14],
			"to": [31, 30, 15],
			"rotation": {"angle": 0, "axis": "y", "origin": [6.23529, 17.57843, 7.5]},
			"faces": {
				"north": {"uv": [0, 13, 16, 15], "texture": "#0"},
				"east": {"uv": [5, 0, 6, 16], "texture": "#0"},
				"south": {"uv": [0, 12, 16, 14], "texture": "#0"},
				"west": {"uv": [14, 2, 15, 5], "texture": "#0"},
				"up": {"uv": [0, 8, 16, 9], "texture": "#0"},
				"down": {"uv": [0, 8, 16, 9], "texture": "#0"}
			}
		},
		{
			"from": [31, 4, 1],
			"to": [32, 6, 14],
			"rotation": {"angle": 0, "axis": "y", "origin": [6.23529, 17.57843, 7.5]},
			"faces": {
				"north": {"uv": [5, 0, 6, 16], "texture": "#0"},
				"east": {"uv": [0, 12, 16, 14], "texture": "#0"},
				"south": {"uv": [14, 2, 15, 5], "texture": "#0"},
				"west": {"uv": [0, 13, 16, 15], "texture": "#0"},
				"up": {"uv": [0, 8, 16, 9], "rotation": 270, "texture": "#0"},
				"down": {"uv": [0, 8, 16, 9], "rotation": 90, "texture": "#0"}
			}
		},
		{
			"from": [31, 16, 1],
			"to": [32, 18, 14],
			"rotation": {"angle": 0, "axis": "y", "origin": [6.23529, 17.57843, 7.5]},
			"faces": {
				"north": {"uv": [5, 0, 6, 16], "texture": "#0"},
				"east": {"uv": [0, 12, 16, 14], "texture": "#0"},
				"south": {"uv": [14, 2, 15, 5], "texture": "#0"},
				"west": {"uv": [0, 13, 16, 15], "texture": "#0"},
				"up": {"uv": [0, 8, 16, 9], "rotation": 270, "texture": "#0"},
				"down": {"uv": [0, 8, 16, 9], "rotation": 90, "texture": "#0"}
			}
		},
		{
			"from": [31, 28, 1],
			"to": [32, 30, 14],
			"rotation": {"angle": 0, "axis": "y", "origin": [6.23529, 17.57843, 7.5]},
			"faces": {
				"north": {"uv": [5, 0, 6, 16], "texture": "#0"},
				"east": {"uv": [0, 12, 16, 14], "texture": "#0"},
				"south": {"uv": [14, 2, 15, 5], "texture": "#0"},
				"west": {"uv": [0, 13, 16, 15], "texture": "#0"},
				"up": {"uv": [0, 8, 16, 9], "rotation": 270, "texture": "#0"},
				"down": {"uv": [0, 8, 16, 9], "rotation": 90, "texture": "#0"}
			}
		},
		{
			"from": [-16, 4, 1],
			"to": [-15, 6, 14],
			"rotation": {"angle": 0, "axis": "y", "origin": [6.23529, 17.57843, 7.5]},
			"faces": {
				"north": {"uv": [5, 0, 6, 16], "texture": "#0"},
				"east": {"uv": [0, 12, 16, 14], "texture": "#0"},
				"south": {"uv": [14, 2, 15, 5], "texture": "#0"},
				"west": {"uv": [0, 13, 16, 15], "texture": "#0"},
				"up": {"uv": [0, 8, 16, 9], "rotation": 270, "texture": "#0"},
				"down": {"uv": [0, 8, 16, 9], "rotation": 90, "texture": "#0"}
			}
		},
		{
			"from": [-16, 16, 1],
			"to": [-15, 18, 14],
			"rotation": {"angle": 0, "axis": "y", "origin": [6.23529, 17.57843, 7.5]},
			"faces": {
				"north": {"uv": [5, 0, 6, 16], "texture": "#0"},
				"east": {"uv": [0, 12, 16, 14], "texture": "#0"},
				"south": {"uv": [14, 2, 15, 5], "texture": "#0"},
				"west": {"uv": [0, 13, 16, 15], "texture": "#0"},
				"up": {"uv": [0, 8, 16, 9], "rotation": 270, "texture": "#0"},
				"down": {"uv": [0, 8, 16, 9], "rotation": 90, "texture": "#0"}
			}
		},
		{
			"from": [-16, 28, 1],
			"to": [-15, 30, 14],
			"rotation": {"angle": 0, "axis": "y", "origin": [6.23529, 17.57843, 7.5]},
			"faces": {
				"north": {"uv": [5, 0, 6, 16], "texture": "#0"},
				"east": {"uv": [0, 12, 16, 14], "texture": "#0"},
				"south": {"uv": [14, 2, 15, 5], "texture": "#0"},
				"west": {"uv": [0, 13, 16, 15], "texture": "#0"},
				"up": {"uv": [0, 8, 16, 9], "rotation": 270, "texture": "#0"},
				"down": {"uv": [0, 8, 16, 9], "rotation": 90, "texture": "#0"}
			}
		},
		{
			"from": [-11, 4, 0],
			"to": [3, 6, 1],
			"rotation": {"angle": 0, "axis": "y", "origin": [6.23529, 17.57843, 7.5]},
			"faces": {
				"north": {"uv": [0, 13, 16, 15], "texture": "#0"},
				"east": {"uv": [5, 0, 6, 16], "texture": "#0"},
				"south": {"uv": [0, 12, 16, 14], "texture": "#0"},
				"west": {"uv": [14, 2, 15, 5], "texture": "#0"},
				"up": {"uv": [0, 8, 16, 9], "texture": "#0"},
				"down": {"uv": [0, 8, 16, 9], "texture": "#0"}
			}
		},
		{
			"from": [-11, 16, 0],
			"to": [3, 18, 1],
			"rotation": {"angle": 0, "axis": "y", "origin": [6.23529, 17.57843, 7.5]},
			"faces": {
				"north": {"uv": [0, 13, 16, 15], "texture": "#0"},
				"east": {"uv": [5, 0, 6, 16], "texture": "#0"},
				"south": {"uv": [0, 12, 16, 14], "texture": "#0"},
				"west": {"uv": [14, 2, 15, 5], "texture": "#0"},
				"up": {"uv": [0, 8, 16, 9], "texture": "#0"},
				"down": {"uv": [0, 8, 16, 9], "texture": "#0"}
			}
		},
		{
			"from": [-11, 28, 0],
			"to": [3, 30, 1],
			"rotation": {"angle": 0, "axis": "y", "origin": [6.23529, 17.57843, 7.5]},
			"faces": {
				"north": {"uv": [0, 13, 16, 15], "texture": "#0"},
				"east": {"uv": [5, 0, 6, 16], "texture": "#0"},
				"south": {"uv": [0, 12, 16, 14], "texture": "#0"},
				"west": {"uv": [14, 2, 15, 5], "texture": "#0"},
				"up": {"uv": [0, 8, 16, 9], "texture": "#0"},
				"down": {"uv": [0, 8, 16, 9], "texture": "#0"}
			}
		},
		{
			"from": [-11, 4, 14],
			"to": [3, 6, 15],
			"rotation": {"angle": 0, "axis": "y", "origin": [6.23529, 17.57843, 7.5]},
			"faces": {
				"north": {"uv": [0, 13, 16, 15], "texture": "#0"},
				"east": {"uv": [5, 0, 6, 16], "texture": "#0"},
				"south": {"uv": [0, 12, 16, 14], "texture": "#0"},
				"west": {"uv": [14, 2, 15, 5], "texture": "#0"},
				"up": {"uv": [0, 8, 16, 9], "texture": "#0"},
				"down": {"uv": [0, 8, 16, 9], "texture": "#0"}
			}
		},
		{
			"from": [-11, 16, 14],
			"to": [3, 18, 15],
			"rotation": {"angle": 0, "axis": "y", "origin": [6.23529, 17.57843, 7.5]},
			"faces": {
				"north": {"uv": [0, 13, 16, 15], "texture": "#0"},
				"east": {"uv": [5, 0, 6, 16], "texture": "#0"},
				"south": {"uv": [0, 12, 16, 14], "texture": "#0"},
				"west": {"uv": [14, 2, 15, 5], "texture": "#0"},
				"up": {"uv": [0, 8, 16, 9], "texture": "#0"},
				"down": {"uv": [0, 8, 16, 9], "texture": "#0"}
			}
		},
		{
			"from": [-11, 28, 14],
			"to": [3, 30, 15],
			"rotation": {"angle": 0, "axis": "y", "origin": [6.23529, 17.57843, 7.5]},
			"faces": {
				"north": {"uv": [0, 13, 16, 15], "texture": "#0"},
				"east": {"uv": [5, 0, 6, 16], "texture": "#0"},
				"south": {"uv": [0, 12, 16, 14], "texture": "#0"},
				"west": {"uv": [14, 2, 15, 5], "texture": "#0"},
				"up": {"uv": [0, 8, 16, 9], "texture": "#0"},
				"down": {"uv": [0, 8, 16, 9], "texture": "#0"}
			}
		},
		{
			"from": [-15, 4, 0],
			"to": [-11, 6, 1],
			"rotation": {"angle": 0, "axis": "y", "origin": [6.23529, 17.57843, 7.5]},
			"faces": {
				"north": {"uv": [1, 13, 5, 15], "texture": "#0"},
				"east": {"uv": [5, 0, 6, 16], "texture": "#0"},
				"south": {"uv": [0, 12, 4, 14], "texture": "#0"},
				"west": {"uv": [14, 2, 15, 5], "texture": "#0"},
				"up": {"uv": [0, 8, 16, 9], "texture": "#0"},
				"down": {"uv": [0, 8, 16, 9], "texture": "#0"}
			}
		},
		{
			"from": [-15, 16, 0],
			"to": [-11, 18, 1],
			"rotation": {"angle": 0, "axis": "y", "origin": [6.23529, 17.57843, 7.5]},
			"faces": {
				"north": {"uv": [1, 13, 5, 15], "texture": "#0"},
				"east": {"uv": [5, 0, 6, 16], "texture": "#0"},
				"south": {"uv": [0, 12, 4, 14], "texture": "#0"},
				"west": {"uv": [14, 2, 15, 5], "texture": "#0"},
				"up": {"uv": [0, 8, 16, 9], "texture": "#0"},
				"down": {"uv": [0, 8, 16, 9], "texture": "#0"}
			}
		},
		{
			"from": [-15, 28, 0],
			"to": [-11, 30, 1],
			"rotation": {"angle": 0, "axis": "y", "origin": [6.23529, 17.57843, 7.5]},
			"faces": {
				"north": {"uv": [1, 13, 5, 15], "texture": "#0"},
				"east": {"uv": [5, 0, 6, 16], "texture": "#0"},
				"south": {"uv": [0, 12, 4, 14], "texture": "#0"},
				"west": {"uv": [14, 2, 15, 5], "texture": "#0"},
				"up": {"uv": [0, 8, 16, 9], "texture": "#0"},
				"down": {"uv": [0, 8, 16, 9], "texture": "#0"}
			}
		},
		{
			"from": [-15, 4, 14],
			"to": [-11, 6, 15],
			"rotation": {"angle": 0, "axis": "y", "origin": [6.23529, 17.57843, 7.5]},
			"faces": {
				"north": {"uv": [0, 13, 4, 15], "texture": "#0"},
				"east": {"uv": [5, 0, 6, 16], "texture": "#0"},
				"south": {"uv": [0, 12, 4, 14], "texture": "#0"},
				"west": {"uv": [14, 2, 15, 5], "texture": "#0"},
				"up": {"uv": [0, 8, 16, 9], "texture": "#0"},
				"down": {"uv": [0, 8, 16, 9], "texture": "#0"}
			}
		},
		{
			"from": [-15, 16, 14],
			"to": [-11, 18, 15],
			"rotation": {"angle": 0, "axis": "y", "origin": [6.23529, 17.57843, 7.5]},
			"faces": {
				"north": {"uv": [0, 13, 4, 15], "texture": "#0"},
				"east": {"uv": [5, 0, 6, 16], "texture": "#0"},
				"south": {"uv": [0, 12, 4, 14], "texture": "#0"},
				"west": {"uv": [14, 2, 15, 5], "texture": "#0"},
				"up": {"uv": [0, 8, 16, 9], "texture": "#0"},
				"down": {"uv": [0, 8, 16, 9], "texture": "#0"}
			}
		},
		{
			"from": [-15, 28, 14],
			"to": [-11, 30, 15],
			"rotation": {"angle": 0, "axis": "y", "origin": [6.23529, 17.57843, 7.5]},
			"faces": {
				"north": {"uv": [0, 13, 4, 15], "texture": "#0"},
				"east": {"uv": [5, 0, 6, 16], "texture": "#0"},
				"south": {"uv": [0, 12, 4, 14], "texture": "#0"},
				"west": {"uv": [14, 2, 15, 5], "texture": "#0"},
				"up": {"uv": [0, 8, 16, 9], "texture": "#0"},
				"down": {"uv": [0, 8, 16, 9], "texture": "#0"}
			}
		},
		{
			"from": [3, 4, 0],
			"to": [17, 6, 1],
			"rotation": {"angle": 0, "axis": "y", "origin": [6.23529, 17.57843, 7.5]},
			"faces": {
				"north": {"uv": [0, 13, 16, 15], "texture": "#0"},
				"east": {"uv": [5, 0, 6, 16], "texture": "#0"},
				"south": {"uv": [0, 12, 16, 14], "texture": "#0"},
				"west": {"uv": [14, 2, 15, 5], "texture": "#0"},
				"up": {"uv": [0, 8, 16, 9], "texture": "#0"},
				"down": {"uv": [0, 8, 16, 9], "texture": "#0"}
			}
		},
		{
			"from": [3, 16, 0],
			"to": [17, 18, 1],
			"rotation": {"angle": 0, "axis": "y", "origin": [6.23529, 17.57843, 7.5]},
			"faces": {
				"north": {"uv": [0, 13, 16, 15], "texture": "#0"},
				"east": {"uv": [5, 0, 6, 16], "texture": "#0"},
				"south": {"uv": [0, 12, 16, 14], "texture": "#0"},
				"west": {"uv": [14, 2, 15, 5], "texture": "#0"},
				"up": {"uv": [0, 8, 16, 9], "texture": "#0"},
				"down": {"uv": [0, 8, 16, 9], "texture": "#0"}
			}
		},
		{
			"from": [3, 28, 0],
			"to": [17, 30, 1],
			"rotation": {"angle": 0, "axis": "y", "origin": [6.23529, 17.57843, 7.5]},
			"faces": {
				"north": {"uv": [0, 13, 16, 15], "texture": "#0"},
				"east": {"uv": [5, 0, 6, 16], "texture": "#0"},
				"south": {"uv": [0, 12, 16, 14], "texture": "#0"},
				"west": {"uv": [14, 2, 15, 5], "texture": "#0"},
				"up": {"uv": [0, 8, 16, 9], "texture": "#0"},
				"down": {"uv": [0, 8, 16, 9], "texture": "#0"}
			}
		},
		{
			"from": [3, 4, 14],
			"to": [17, 6, 15],
			"rotation": {"angle": 0, "axis": "y", "origin": [6.23529, 17.57843, 7.5]},
			"faces": {
				"north": {"uv": [0, 13, 16, 15], "texture": "#0"},
				"east": {"uv": [5, 0, 6, 16], "texture": "#0"},
				"south": {"uv": [0, 12, 16, 14], "texture": "#0"},
				"west": {"uv": [14, 2, 15, 5], "texture": "#0"},
				"up": {"uv": [0, 8, 16, 9], "texture": "#0"},
				"down": {"uv": [0, 8, 16, 9], "texture": "#0"}
			}
		},
		{
			"from": [3, 16, 14],
			"to": [17, 18, 15],
			"rotation": {"angle": 0, "axis": "y", "origin": [6.23529, 17.57843, 7.5]},
			"faces": {
				"north": {"uv": [0, 13, 16, 15], "texture": "#0"},
				"east": {"uv": [5, 0, 6, 16], "texture": "#0"},
				"south": {"uv": [0, 12, 16, 14], "texture": "#0"},
				"west": {"uv": [14, 2, 15, 5], "texture": "#0"},
				"up": {"uv": [0, 8, 16, 9], "texture": "#0"},
				"down": {"uv": [0, 8, 16, 9], "texture": "#0"}
			}
		},
		{
			"from": [3, 28, 14],
			"to": [17, 30, 15],
			"rotation": {"angle": 0, "axis": "y", "origin": [6.23529, 17.57843, 7.5]},
			"faces": {
				"north": {"uv": [0, 13, 16, 15], "texture": "#0"},
				"east": {"uv": [5, 0, 6, 16], "texture": "#0"},
				"south": {"uv": [0, 12, 16, 14], "texture": "#0"},
				"west": {"uv": [14, 2, 15, 5], "texture": "#0"},
				"up": {"uv": [0, 8, 16, 9], "texture": "#0"},
				"down": {"uv": [0, 8, 16, 9], "texture": "#0"}
			}
		},
		{
			"from": [0, 4, 1],
			"to": [16, 5, 14],
			"rotation": {"angle": 0, "axis": "y", "origin": [6.23529, 17.57843, 7.5]},
			"faces": {
				"north": {"uv": [0, 0, 16, 16], "texture": "#1"},
				"east": {"uv": [0, 0, 16, 16], "texture": "#1"},
				"south": {"uv": [0, 0, 16, 16], "texture": "#1"},
				"west": {"uv": [0, 0, 16, 16], "texture": "#1"},
				"up": {"uv": [0, 0, 16, 16], "texture": "#1"},
				"down": {"uv": [0, 0, 16, 16], "texture": "#1"}
			}
		},
		{
			"from": [0, 16, 1],
			"to": [16, 17, 14],
			"rotation": {"angle": 0, "axis": "y", "origin": [6.23529, 17.57843, 7.5]},
			"faces": {
				"north": {"uv": [0, 0, 16, 16], "texture": "#1"},
				"east": {"uv": [0, 0, 16, 16], "texture": "#1"},
				"south": {"uv": [0, 0, 16, 16], "texture": "#1"},
				"west": {"uv": [0, 0, 16, 16], "texture": "#1"},
				"up": {"uv": [0, 0, 16, 16], "texture": "#1"},
				"down": {"uv": [0, 0, 16, 16], "texture": "#1"}
			}
		},
		{
			"from": [0, 28, 1],
			"to": [16, 29, 14],
			"rotation": {"angle": 0, "axis": "y", "origin": [6.23529, 17.57843, 7.5]},
			"faces": {
				"north": {"uv": [0, 0, 16, 16], "texture": "#1"},
				"east": {"uv": [0, 0, 16, 16], "texture": "#1"},
				"south": {"uv": [0, 0, 16, 16], "texture": "#1"},
				"west": {"uv": [0, 0, 16, 16], "texture": "#1"},
				"up": {"uv": [0, 0, 16, 16], "texture": "#1"},
				"down": {"uv": [0, 0, 16, 16], "texture": "#1"}
			}
		},
		{
			"from": [-15, 4, 1],
			"to": [0, 5, 14],
			"rotation": {"angle": 0, "axis": "y", "origin": [6.23529, 17.57843, 7.5]},
			"faces": {
				"north": {"uv": [0, 0, 16, 16], "texture": "#1"},
				"east": {"uv": [0, 0, 16, 16], "texture": "#1"},
				"south": {"uv": [0, 0, 16, 16], "texture": "#1"},
				"west": {"uv": [0, 0, 16, 16], "texture": "#1"},
				"up": {"uv": [0, 0, 16, 16], "texture": "#1"},
				"down": {"uv": [0, 0, 16, 16], "texture": "#1"}
			}
		},
		{
			"from": [-15, 16, 1],
			"to": [0, 17, 14],
			"rotation": {"angle": 0, "axis": "y", "origin": [6.23529, 17.57843, 7.5]},
			"faces": {
				"north": {"uv": [0, 0, 16, 16], "texture": "#1"},
				"east": {"uv": [0, 0, 16, 16], "texture": "#1"},
				"south": {"uv": [0, 0, 16, 16], "texture": "#1"},
				"west": {"uv": [0, 0, 16, 16], "texture": "#1"},
				"up": {"uv": [0, 0, 16, 16], "texture": "#1"},
				"down": {"uv": [0, 0, 16, 16], "texture": "#1"}
			}
		},
		{
			"from": [-15, 28, 1],
			"to": [0, 29, 14],
			"rotation": {"angle": 0, "axis": "y", "origin": [6.23529, 17.57843, 7.5]},
			"faces": {
				"north": {"uv": [0, 0, 16, 16], "texture": "#1"},
				"east": {"uv": [0, 0, 16, 16], "texture": "#1"},
				"south": {"uv": [0, 0, 16, 16], "texture": "#1"},
				"west": {"uv": [0, 0, 16, 16], "texture": "#1"},
				"up": {"uv": [0, 0, 16, 16], "texture": "#1"},
				"down": {"uv": [0, 0, 16, 16], "texture": "#1"}
			}
		},
		{
			"from": [16, 4, 1],
			"to": [31, 5, 14],
			"rotation": {"angle": 0, "axis": "y", "origin": [6.23529, 17.57843, 7.5]},
			"faces": {
				"north": {"uv": [0, 0, 16, 16], "texture": "#1"},
				"east": {"uv": [0, 0, 16, 16], "texture": "#1"},
				"south": {"uv": [0, 0, 16, 16], "texture": "#1"},
				"west": {"uv": [0, 0, 16, 16], "texture": "#1"},
				"up": {"uv": [0, 0, 16, 16], "texture": "#1"},
				"down": {"uv": [0, 0, 16, 16], "texture": "#1"}
			}
		},
		{
			"from": [16, 16, 1],
			"to": [31, 17, 14],
			"rotation": {"angle": 0, "axis": "y", "origin": [6.23529, 17.57843, 7.5]},
			"faces": {
				"north": {"uv": [0, 0, 16, 16], "texture": "#1"},
				"east": {"uv": [0, 0, 16, 16], "texture": "#1"},
				"south": {"uv": [0, 0, 16, 16], "texture": "#1"},
				"west": {"uv": [0, 0, 16, 16], "texture": "#1"},
				"up": {"uv": [0, 0, 16, 16], "texture": "#1"},
				"down": {"uv": [0, 0, 16, 16], "texture": "#1"}
			}
		},
		{
			"from": [16, 28, 1],
			"to": [31, 29, 14],
			"rotation": {"angle": 0, "axis": "y", "origin": [6.23529, 17.57843, 7.5]},
			"faces": {
				"north": {"uv": [0, 0, 16, 16], "texture": "#1"},
				"east": {"uv": [0, 0, 16, 16], "texture": "#1"},
				"south": {"uv": [0, 0, 16, 16], "texture": "#1"},
				"west": {"uv": [0, 0, 16, 16], "texture": "#1"},
				"up": {"uv": [0, 0, 16, 16], "texture": "#1"},
				"down": {"uv": [0, 0, 16, 16], "texture": "#1"}
			}
		}
	]
}