{
	"credit": "Made with Blockbench",
	"texture_size": [64, 64],
	"textures": {
		"2": "block/gray_concrete",
		"5": "block/static",
		"particle": "block/yellow_concrete"
	},
	"elements": [
		{
			"from": [7, 4, -16],
			"to": [11, 5, 32],
			"rotation": {"angle": 45, "axis": "y", "origin": [8.75, 12.75, 8]},
			"faces": {
				"north": {"uv": [15, 15.75, 16, 16], "texture": "#2"},
				"east": {"uv": [0, 15.75, 12, 16], "texture": "#2"},
				"south": {"uv": [15, 15.75, 16, 16], "texture": "#2"},
				"west": {"uv": [4, 15.75, 16, 16], "texture": "#2"},
				"up": {"uv": [15, 4, 16, 16], "texture": "#2"},
				"down": {"uv": [15, 0, 16, 12], "texture": "#2"}
			}
		},
		{
			"from": [7, 28, -16],
			"to": [11, 29, 32],
			"rotation": {"angle": 45, "axis": "y", "origin": [8.75, 12.75, 8]},
			"faces": {
				"north": {"uv": [15, 15.75, 16, 16], "texture": "#2"},
				"east": {"uv": [0, 15.75, 12, 16], "texture": "#2"},
				"south": {"uv": [15, 15.75, 16, 16], "texture": "#2"},
				"west": {"uv": [4, 15.75, 16, 16], "texture": "#2"},
				"up": {"uv": [15, 4, 16, 16], "texture": "#2"},
				"down": {"uv": [15, 0, 16, 12], "texture": "#2"}
			}
		},
		{
			"from": [7, 5, -16],
			"to": [11, 28, -15],
			"rotation": {"angle": 45, "axis": "y", "origin": [8.75, 12.75, 8]},
			"faces": {
				"north": {"uv": [1, 1, 2, 6.75], "texture": "#2"},
				"east": {"uv": [0, 1, 0.25, 6.75], "texture": "#2"},
				"south": {"uv": [6, 1, 7, 6.75], "texture": "#2"},
				"west": {"uv": [5, 1, 5.25, 6.75], "texture": "#2"},
				"up": {"uv": [5, 1, 6, 1.25], "texture": "#2"},
				"down": {"uv": [9, 0, 10, 0.25], "texture": "#2"}
			}
		},
		{
			"from": [7, 5, 31],
			"to": [11, 28, 32],
			"rotation": {"angle": 45, "axis": "y", "origin": [8.75, 12.75, 8]},
			"faces": {
				"north": {"uv": [1, 1, 2, 6.75], "texture": "#2"},
				"east": {"uv": [0, 1, 0.25, 6.75], "texture": "#2"},
				"south": {"uv": [6, 1, 7, 6.75], "texture": "#2"},
				"west": {"uv": [5, 1, 5.25, 6.75], "texture": "#2"},
				"up": {"uv": [5, 1, 6, 1.25], "texture": "#2"},
				"down": {"uv": [9, 0, 10, 0.25], "texture": "#2"}
			}
		},
		{
			"from": [8, 5, -15],
			"to": [9, 28, 31],
			"rotation": {"angle": 45, "axis": "y", "origin": [8.75, 12.75, 8]},
			"faces": {
				"north": {"uv": [0, 0, 16, 16], "texture": "#missing"},
				"east": {"uv": [0, 8.13925, 16, 15.9985], "texture": "#5"},
				"south": {"uv": [0, 0, 16, 16], "texture": "#missing"},
				"west": {"uv": [0, 0, 16, 16], "texture": "#missing"},
				"up": {"uv": [0, 0, 16, 16], "texture": "#missing"},
				"down": {"uv": [0, 0, 16, 16], "texture": "#missing"}
			}
		},
		{
			"from": [7, 5, -15],
			"to": [8, 28, 31],
			"rotation": {"angle": 45, "axis": "y", "origin": [8.75, 12.75, 8]},
			"faces": {
				"north": {"uv": [0, 0, 16, 16], "texture": "#2"},
				"east": {"uv": [0, 0, 16, 16], "texture": "#2"},
				"south": {"uv": [0, 0, 16, 16], "texture": "#2"},
				"west": {"uv": [0, 0, 16, 16], "texture": "#2"},
				"up": {"uv": [0, 0, 16, 16], "texture": "#2"},
				"down": {"uv": [0, 0, 16, 16], "texture": "#2"}
			}
		},
		{
			"from": [8, 1, 7],
			"to": [10, 4, 9],
			"rotation": {"angle": 45, "axis": "y", "origin": [8.75, 12.75, 8]},
			"faces": {
				"north": {"uv": [0, 0, 2, 1], "texture": "#2"},
				"east": {"uv": [0, 0, 2, 1], "texture": "#2"},
				"south": {"uv": [0, 0, 2, 1], "texture": "#2"},
				"west": {"uv": [0, 0, 2, 1], "texture": "#2"},
				"up": {"uv": [0, 0, 2, 1], "texture": "#2"},
				"down": {"uv": [0, 0, 2, 1], "texture": "#2"}
			}
		},
		{
			"from": [5, 0, 2],
			"to": [13, 1, 14],
			"rotation": {"angle": 45, "axis": "y", "origin": [8.75, 12.75, 8]},
			"faces": {
				"north": {"uv": [0, 0, 16, 16], "texture": "#2"},
				"east": {"uv": [0, 0, 16, 16], "texture": "#2"},
				"south": {"uv": [0, 0, 16, 16], "texture": "#2"},
				"west": {"uv": [0, 0, 16, 16], "texture": "#2"},
				"up": {"uv": [0, 0, 16, 16], "texture": "#2"},
				"down": {"uv": [0, 0, 16, 16], "texture": "#2"}
			}
		}
	]
}