{
	"credit": "Made with Blockbench",
	"ambientocclusion": false,
	"textures": {
		"0": "block/light_gray_concrete",
		"1": "block/white_concrete",
		"2": "block/polished_diorite",
		"particle": "block/light_gray_concrete"
	},
	"elements": [
		{
			"from": [5, 0, 4],
			"to": [11.25, 1, 12],
			"faces": {
				"north": {"uv": [5, 4, 11, 12], "texture": "#1"},
				"east": {"uv": [5, 4, 11, 12], "texture": "#1"},
				"south": {"uv": [5, 4, 11, 12], "texture": "#1"},
				"west": {"uv": [5, 4, 11, 12], "texture": "#1"},
				"up": {"uv": [5, 4, 11, 12], "texture": "#1"},
				"down": {"uv": [5, 4, 11, 12], "texture": "#1"}
			}
		},
		{
			"from": [7, 0, 7],
			"to": [9, 4, 8],
			"rotation": {"angle": 45, "axis": "x", "origin": [8, 1, 8]},
			"faces": {
				"north": {"uv": [7, 6, 9, 16], "texture": "#0"},
				"east": {"uv": [7, 6, 9, 16], "texture": "#0"},
				"south": {"uv": [7, 6, 9, 16], "texture": "#0"},
				"west": {"uv": [7, 6, 9, 16], "texture": "#0"},
				"up": {"uv": [7, 6, 9, 16], "texture": "#0"},
				"down": {"uv": [7, 6, 9, 16], "texture": "#0"}
			}
		},
		{
			"from": [7.75, 0.75, 10.9375],
			"to": [8.25, 1.25, 11.4375],
			"rotation": {"angle": 0, "axis": "y", "origin": [15.5, 8.75, 18.4375]},
			"faces": {
				"north": {"uv": [0, 0, 0.5, 0.5], "texture": "#2"},
				"east": {"uv": [0, 0, 0.5, 0.5], "texture": "#2"},
				"south": {"uv": [0, 0, 0.5, 0.5], "texture": "#2"},
				"west": {"uv": [0, 0, 0.5, 0.5], "texture": "#2"},
				"up": {"uv": [0, 0, 16, 16], "texture": "#2"},
				"down": {"uv": [0, 0, 0.5, 0.5], "texture": "#2"}
			}
		},
		{
			"from": [7.75, 0.75, 4.375],
			"to": [8.25, 1.25, 4.875],
			"rotation": {"angle": 0, "axis": "y", "origin": [15.5, 8.75, 11.875]},
			"faces": {
				"north": {"uv": [0, 0, 0.5, 0.5], "texture": "#2"},
				"east": {"uv": [0, 0, 0.5, 0.5], "texture": "#2"},
				"south": {"uv": [0, 0, 0.5, 0.5], "texture": "#2"},
				"west": {"uv": [0, 0, 0.5, 0.5], "texture": "#2"},
				"up": {"uv": [0, 0, 16, 16], "texture": "#2"},
				"down": {"uv": [0, 0, 0.5, 0.5], "texture": "#2"}
			}
		},
		{
			"from": [6.75, 1, 5.25],
			"to": [7, 1.25, 10.625],
			"rotation": {"angle": 0, "axis": "y", "origin": [14, 9, 14.75]},
			"faces": {
				"north": {"uv": [0, 0, 1, 1], "texture": "#1"},
				"east": {"uv": [0, 0, 1, 1], "texture": "#1"},
				"south": {"uv": [0, 0, 1, 1], "texture": "#1"},
				"west": {"uv": [0, 0, 1, 1], "texture": "#1"},
				"up": {"uv": [0, 0, 1, 1], "texture": "#1"},
				"down": {"uv": [0, 0, 1, 1], "texture": "#1"}
			}
		},
		{
			"from": [9, 1, 5.25],
			"to": [9.25, 1.25, 10.625],
			"rotation": {"angle": 0, "axis": "y", "origin": [16.25, 9, 14.75]},
			"faces": {
				"north": {"uv": [0, 0, 1, 1], "texture": "#1"},
				"east": {"uv": [0, 0, 1, 1], "texture": "#1"},
				"south": {"uv": [0, 0, 1, 1], "texture": "#1"},
				"west": {"uv": [0, 0, 1, 1], "texture": "#1"},
				"up": {"uv": [0, 0, 1, 1], "texture": "#1"},
				"down": {"uv": [0, 0, 1, 1], "texture": "#1"}
			}
		},
		{
			"from": [7, 1, 5.25],
			"to": [9, 1.25, 5.5],
			"rotation": {"angle": 0, "axis": "y", "origin": [9.25, 1.125, 5.375]},
			"faces": {
				"north": {"uv": [0, 0, 1, 1], "texture": "#1"},
				"east": {"uv": [0, 0, 1, 1], "texture": "#1"},
				"south": {"uv": [0, 0, 1, 1], "texture": "#1"},
				"west": {"uv": [0, 0, 1, 1], "texture": "#1"},
				"up": {"uv": [0, 0, 1, 1], "rotation": 270, "texture": "#1"},
				"down": {"uv": [0, 0, 1, 1], "rotation": 90, "texture": "#1"}
			}
		},
		{
			"from": [7, 1, 10.375],
			"to": [9, 1.25, 10.625],
			"rotation": {"angle": 0, "axis": "y", "origin": [9.25, 1.125, 10.5]},
			"faces": {
				"north": {"uv": [0, 0, 1, 1], "texture": "#1"},
				"east": {"uv": [0, 0, 1, 1], "texture": "#1"},
				"south": {"uv": [0, 0, 1, 1], "texture": "#1"},
				"west": {"uv": [0, 0, 1, 1], "texture": "#1"},
				"up": {"uv": [0, 0, 1, 1], "rotation": 270, "texture": "#1"},
				"down": {"uv": [0, 0, 1, 1], "rotation": 90, "texture": "#1"}
			}
		}
	]
}