{
	"credit": "Made with Blockbench",
	"textures": {
		"0": "block/polished_blackstone_bricks",
		"1": "block/black_concrete",
		"particle": "block/polished_blackstone_bricks"
	},
	"elements": [
		{
			"from": [0, 0, 31],
			"to": [1, 15, 32],
			"rotation": {"angle": 0, "axis": "y", "origin": [8, 4.5, 8]},
			"faces": {
				"north": {"uv": [5, 0, 6, 16], "texture": "#0"},
				"east": {"uv": [5, 0, 6, 16], "texture": "#0"},
				"south": {"uv": [5, 0, 6, 16], "texture": "#0"},
				"west": {"uv": [5, 0, 6, 16], "texture": "#0"},
				"up": {"uv": [5, 0, 6, 1], "rotation": 270, "texture": "#0"},
				"down": {"uv": [5, 0, 6, 16], "rotation": 90, "texture": "#0"}
			}
		},
		{
			"from": [15, 0, 31],
			"to": [16, 15, 32],
			"rotation": {"angle": 0, "axis": "y", "origin": [8, 4.5, 8]},
			"faces": {
				"north": {"uv": [5, 0, 6, 16], "texture": "#0"},
				"east": {"uv": [5, 0, 6, 16], "texture": "#0"},
				"south": {"uv": [5, 0, 6, 16], "texture": "#0"},
				"west": {"uv": [5, 0, 6, 16], "texture": "#0"},
				"up": {"uv": [5, 0, 6, 1], "rotation": 270, "texture": "#0"},
				"down": {"uv": [5, 0, 6, 16], "rotation": 90, "texture": "#0"}
			}
		},
		{
			"from": [0, 0, -16],
			"to": [1, 15, -15],
			"rotation": {"angle": 0, "axis": "y", "origin": [8, 4.5, 8]},
			"faces": {
				"north": {"uv": [5, 0, 6, 16], "texture": "#0"},
				"east": {"uv": [5, 0, 6, 16], "texture": "#0"},
				"south": {"uv": [5, 0, 6, 16], "texture": "#0"},
				"west": {"uv": [5, 0, 6, 16], "texture": "#0"},
				"up": {"uv": [5, 0, 6, 1], "rotation": 270, "texture": "#0"},
				"down": {"uv": [5, 0, 6, 16], "rotation": 90, "texture": "#0"}
			}
		},
		{
			"from": [0, 29, -16],
			"to": [1, 31, -15],
			"rotation": {"angle": 0, "axis": "y", "origin": [8, 4.5, 8]},
			"faces": {
				"north": {"uv": [5, 6, 6, 8], "texture": "#0"},
				"east": {"uv": [5, 7, 6, 9], "texture": "#0"},
				"south": {"uv": [5, 6, 6, 8], "texture": "#0"},
				"west": {"uv": [5, 6, 6, 8], "texture": "#0"},
				"up": {"uv": [5, 6, 6, 8], "rotation": 270, "texture": "#0"},
				"down": {"uv": [5, 6, 6, 8], "rotation": 90, "texture": "#0"}
			}
		},
		{
			"from": [0, 29, 31],
			"to": [1, 31, 32],
			"rotation": {"angle": 0, "axis": "y", "origin": [8, 4.5, 8]},
			"faces": {
				"north": {"uv": [5, 6, 6, 8], "texture": "#0"},
				"east": {"uv": [5, 7, 6, 9], "texture": "#0"},
				"south": {"uv": [5, 6, 6, 8], "texture": "#0"},
				"west": {"uv": [5, 6, 6, 8], "texture": "#0"},
				"up": {"uv": [5, 6, 6, 8], "rotation": 270, "texture": "#0"},
				"down": {"uv": [5, 6, 6, 8], "rotation": 90, "texture": "#0"}
			}
		},
		{
			"from": [15, 29, 31],
			"to": [16, 31, 32],
			"rotation": {"angle": 0, "axis": "y", "origin": [8, 4.5, 8]},
			"faces": {
				"north": {"uv": [5, 6, 6, 8], "texture": "#0"},
				"east": {"uv": [5, 7, 6, 9], "texture": "#0"},
				"south": {"uv": [5, 6, 6, 8], "texture": "#0"},
				"west": {"uv": [5, 6, 6, 8], "texture": "#0"},
				"up": {"uv": [5, 6, 6, 8], "rotation": 270, "texture": "#0"},
				"down": {"uv": [5, 6, 6, 8], "rotation": 90, "texture": "#0"}
			}
		},
		{
			"from": [15, 29, -16],
			"to": [16, 31, -15],
			"rotation": {"angle": 0, "axis": "y", "origin": [8, 4.5, 8]},
			"faces": {
				"north": {"uv": [5, 6, 6, 8], "texture": "#0"},
				"east": {"uv": [5, 7, 6, 9], "texture": "#0"},
				"south": {"uv": [5, 6, 6, 8], "texture": "#0"},
				"west": {"uv": [5, 6, 6, 8], "texture": "#0"},
				"up": {"uv": [5, 6, 6, 8], "rotation": 270, "texture": "#0"},
				"down": {"uv": [5, 6, 6, 8], "rotation": 90, "texture": "#0"}
			}
		},
		{
			"from": [0, 15, -16],
			"to": [1, 29, -15],
			"rotation": {"angle": 0, "axis": "y", "origin": [8, 4.5, 8]},
			"faces": {
				"north": {"uv": [5, 0, 6, 15], "texture": "#0"},
				"east": {"uv": [5, 0, 6, 15], "texture": "#0"},
				"south": {"uv": [5, 0, 6, 15], "texture": "#0"},
				"west": {"uv": [5, 0, 6, 15], "texture": "#0"},
				"up": {"uv": [5, 0, 6, 15], "rotation": 270, "texture": "#0"},
				"down": {"uv": [5, 0, 6, 15], "rotation": 90, "texture": "#0"}
			}
		},
		{
			"from": [0, 15, 31],
			"to": [1, 29, 32],
			"rotation": {"angle": 0, "axis": "y", "origin": [8, 4.5, 8]},
			"faces": {
				"north": {"uv": [5, 0, 6, 15], "texture": "#0"},
				"east": {"uv": [5, 0, 6, 15], "texture": "#0"},
				"south": {"uv": [5, 0, 6, 15], "texture": "#0"},
				"west": {"uv": [5, 0, 6, 15], "texture": "#0"},
				"up": {"uv": [5, 0, 6, 15], "rotation": 270, "texture": "#0"},
				"down": {"uv": [5, 0, 6, 15], "rotation": 90, "texture": "#0"}
			}
		},
		{
			"from": [15, 15, 31],
			"to": [16, 29, 32],
			"rotation": {"angle": 0, "axis": "y", "origin": [8, 4.5, 8]},
			"faces": {
				"north": {"uv": [5, 0, 6, 15], "texture": "#0"},
				"east": {"uv": [5, 0, 6, 15], "texture": "#0"},
				"south": {"uv": [5, 0, 6, 15], "texture": "#0"},
				"west": {"uv": [5, 0, 6, 15], "texture": "#0"},
				"up": {"uv": [5, 0, 6, 15], "rotation": 270, "texture": "#0"},
				"down": {"uv": [5, 0, 6, 15], "rotation": 90, "texture": "#0"}
			}
		},
		{
			"from": [15, 15, -16],
			"to": [16, 29, -15],
			"rotation": {"angle": 0, "axis": "y", "origin": [8, 4.5, 8]},
			"faces": {
				"north": {"uv": [5, 0, 6, 15], "texture": "#0"},
				"east": {"uv": [5, 0, 6, 15], "texture": "#0"},
				"south": {"uv": [5, 0, 6, 15], "texture": "#0"},
				"west": {"uv": [5, 0, 6, 15], "texture": "#0"},
				"up": {"uv": [5, 0, 6, 15], "rotation": 270, "texture": "#0"},
				"down": {"uv": [5, 0, 6, 15], "rotation": 90, "texture": "#0"}
			}
		},
		{
			"from": [15, 0, -16],
			"to": [16, 15, -15],
			"rotation": {"angle": 0, "axis": "y", "origin": [8, 4.5, 8]},
			"faces": {
				"north": {"uv": [5, 0, 6, 16], "texture": "#0"},
				"east": {"uv": [5, 0, 6, 16], "texture": "#0"},
				"south": {"uv": [5, 0, 6, 16], "texture": "#0"},
				"west": {"uv": [5, 0, 6, 16], "texture": "#0"},
				"up": {"uv": [5, 0, 6, 1], "rotation": 270, "texture": "#0"},
				"down": {"uv": [5, 0, 6, 16], "rotation": 90, "texture": "#0"}
			}
		},
		{
			"from": [0, 4, -15],
			"to": [1, 6, -1],
			"rotation": {"angle": 0, "axis": "y", "origin": [8, 4.5, 8]},
			"faces": {
				"north": {"uv": [5, 0, 6, 16], "texture": "#0"},
				"east": {"uv": [0, 12, 16, 14], "texture": "#0"},
				"south": {"uv": [14, 2, 15, 5], "texture": "#0"},
				"west": {"uv": [0, 13, 16, 15], "texture": "#0"},
				"up": {"uv": [0, 8, 16, 9], "rotation": 270, "texture": "#0"},
				"down": {"uv": [0, 8, 16, 9], "rotation": 90, "texture": "#0"}
			}
		},
		{
			"from": [0, 16, -15],
			"to": [1, 18, -1],
			"rotation": {"angle": 0, "axis": "y", "origin": [8, 4.5, 8]},
			"faces": {
				"north": {"uv": [5, 0, 6, 16], "texture": "#0"},
				"east": {"uv": [0, 12, 16, 14], "texture": "#0"},
				"south": {"uv": [14, 2, 15, 5], "texture": "#0"},
				"west": {"uv": [0, 13, 16, 15], "texture": "#0"},
				"up": {"uv": [0, 8, 16, 9], "rotation": 270, "texture": "#0"},
				"down": {"uv": [0, 8, 16, 9], "rotation": 90, "texture": "#0"}
			}
		},
		{
			"from": [0, 28, -15],
			"to": [1, 30, -1],
			"rotation": {"angle": 0, "axis": "y", "origin": [8, 4.5, 8]},
			"faces": {
				"north": {"uv": [5, 0, 6, 16], "texture": "#0"},
				"east": {"uv": [0, 12, 16, 14], "texture": "#0"},
				"south": {"uv": [14, 2, 15, 5], "texture": "#0"},
				"west": {"uv": [0, 13, 16, 15], "texture": "#0"},
				"up": {"uv": [0, 8, 16, 9], "rotation": 270, "texture": "#0"},
				"down": {"uv": [0, 8, 16, 9], "rotation": 90, "texture": "#0"}
			}
		},
		{
			"from": [15, 4, -15],
			"to": [16, 6, -1],
			"rotation": {"angle": 0, "axis": "y", "origin": [8, 4.5, 8]},
			"faces": {
				"north": {"uv": [5, 0, 6, 16], "texture": "#0"},
				"east": {"uv": [0, 12, 16, 14], "texture": "#0"},
				"south": {"uv": [14, 2, 15, 5], "texture": "#0"},
				"west": {"uv": [0, 13, 16, 15], "texture": "#0"},
				"up": {"uv": [0, 8, 16, 9], "rotation": 270, "texture": "#0"},
				"down": {"uv": [0, 8, 16, 9], "rotation": 90, "texture": "#0"}
			}
		},
		{
			"from": [15, 16, -15],
			"to": [16, 18, -1],
			"rotation": {"angle": 0, "axis": "y", "origin": [8, 4.5, 8]},
			"faces": {
				"north": {"uv": [5, 0, 6, 16], "texture": "#0"},
				"east": {"uv": [0, 12, 16, 14], "texture": "#0"},
				"south": {"uv": [14, 2, 15, 5], "texture": "#0"},
				"west": {"uv": [0, 13, 16, 15], "texture": "#0"},
				"up": {"uv": [0, 8, 16, 9], "rotation": 270, "texture": "#0"},
				"down": {"uv": [0, 8, 16, 9], "rotation": 90, "texture": "#0"}
			}
		},
		{
			"from": [15, 28, -15],
			"to": [16, 30, -1],
			"rotation": {"angle": 0, "axis": "y", "origin": [8, 4.5, 8]},
			"faces": {
				"north": {"uv": [5, 0, 6, 16], "texture": "#0"},
				"east": {"uv": [0, 12, 16, 14], "texture": "#0"},
				"south": {"uv": [14, 2, 15, 5], "texture": "#0"},
				"west": {"uv": [0, 13, 16, 15], "texture": "#0"},
				"up": {"uv": [0, 8, 16, 9], "rotation": 270, "texture": "#0"},
				"down": {"uv": [0, 8, 16, 9], "rotation": 90, "texture": "#0"}
			}
		},
		{
			"from": [1, 4, -16],
			"to": [15, 6, -15],
			"rotation": {"angle": 0, "axis": "y", "origin": [8, 4.5, 8]},
			"faces": {
				"north": {"uv": [0, 12, 16, 14], "texture": "#0"},
				"east": {"uv": [14, 2, 15, 5], "texture": "#0"},
				"south": {"uv": [0, 13, 16, 15], "texture": "#0"},
				"west": {"uv": [5, 0, 6, 16], "texture": "#0"},
				"up": {"uv": [0, 8, 16, 9], "rotation": 180, "texture": "#0"},
				"down": {"uv": [0, 8, 16, 9], "rotation": 180, "texture": "#0"}
			}
		},
		{
			"from": [1, 16, -16],
			"to": [15, 18, -15],
			"rotation": {"angle": 0, "axis": "y", "origin": [8, 4.5, 8]},
			"faces": {
				"north": {"uv": [0, 12, 16, 14], "texture": "#0"},
				"east": {"uv": [14, 2, 15, 5], "texture": "#0"},
				"south": {"uv": [0, 13, 16, 15], "texture": "#0"},
				"west": {"uv": [5, 0, 6, 16], "texture": "#0"},
				"up": {"uv": [0, 8, 16, 9], "rotation": 180, "texture": "#0"},
				"down": {"uv": [0, 8, 16, 9], "rotation": 180, "texture": "#0"}
			}
		},
		{
			"from": [1, 28, -16],
			"to": [15, 30, -15],
			"rotation": {"angle": 0, "axis": "y", "origin": [8, 4.5, 8]},
			"faces": {
				"north": {"uv": [0, 12, 16, 14], "texture": "#0"},
				"east": {"uv": [14, 2, 15, 5], "texture": "#0"},
				"south": {"uv": [0, 13, 16, 15], "texture": "#0"},
				"west": {"uv": [5, 0, 6, 16], "texture": "#0"},
				"up": {"uv": [0, 8, 16, 9], "rotation": 180, "texture": "#0"},
				"down": {"uv": [0, 8, 16, 9], "rotation": 180, "texture": "#0"}
			}
		},
		{
			"from": [1, 4, 31],
			"to": [15, 6, 32],
			"rotation": {"angle": 0, "axis": "y", "origin": [8, 4.5, 8]},
			"faces": {
				"north": {"uv": [0, 12, 16, 14], "texture": "#0"},
				"east": {"uv": [14, 2, 15, 5], "texture": "#0"},
				"south": {"uv": [0, 13, 16, 15], "texture": "#0"},
				"west": {"uv": [5, 0, 6, 16], "texture": "#0"},
				"up": {"uv": [0, 8, 16, 9], "rotation": 180, "texture": "#0"},
				"down": {"uv": [0, 8, 16, 9], "rotation": 180, "texture": "#0"}
			}
		},
		{
			"from": [1, 16, 31],
			"to": [15, 18, 32],
			"rotation": {"angle": 0, "axis": "y", "origin": [8, 4.5, 8]},
			"faces": {
				"north": {"uv": [0, 12, 16, 14], "texture": "#0"},
				"east": {"uv": [14, 2, 15, 5], "texture": "#0"},
				"south": {"uv": [0, 13, 16, 15], "texture": "#0"},
				"west": {"uv": [5, 0, 6, 16], "texture": "#0"},
				"up": {"uv": [0, 8, 16, 9], "rotation": 180, "texture": "#0"},
				"down": {"uv": [0, 8, 16, 9], "rotation": 180, "texture": "#0"}
			}
		},
		{
			"from": [1, 28, 31],
			"to": [15, 30, 32],
			"rotation": {"angle": 0, "axis": "y", "origin": [8, 4.5, 8]},
			"faces": {
				"north": {"uv": [0, 12, 16, 14], "texture": "#0"},
				"east": {"uv": [14, 2, 15, 5], "texture": "#0"},
				"south": {"uv": [0, 13, 16, 15], "texture": "#0"},
				"west": {"uv": [5, 0, 6, 16], "texture": "#0"},
				"up": {"uv": [0, 8, 16, 9], "rotation": 180, "texture": "#0"},
				"down": {"uv": [0, 8, 16, 9], "rotation": 180, "texture": "#0"}
			}
		},
		{
			"from": [0, 4, 13],
			"to": [1, 6, 27],
			"rotation": {"angle": 0, "axis": "y", "origin": [8, 4.5, 8]},
			"faces": {
				"north": {"uv": [5, 0, 6, 16], "texture": "#0"},
				"east": {"uv": [0, 12, 16, 14], "texture": "#0"},
				"south": {"uv": [14, 2, 15, 5], "texture": "#0"},
				"west": {"uv": [0, 13, 16, 15], "texture": "#0"},
				"up": {"uv": [0, 8, 16, 9], "rotation": 270, "texture": "#0"},
				"down": {"uv": [0, 8, 16, 9], "rotation": 90, "texture": "#0"}
			}
		},
		{
			"from": [0, 16, 13],
			"to": [1, 18, 27],
			"rotation": {"angle": 0, "axis": "y", "origin": [8, 4.5, 8]},
			"faces": {
				"north": {"uv": [5, 0, 6, 16], "texture": "#0"},
				"east": {"uv": [0, 12, 16, 14], "texture": "#0"},
				"south": {"uv": [14, 2, 15, 5], "texture": "#0"},
				"west": {"uv": [0, 13, 16, 15], "texture": "#0"},
				"up": {"uv": [0, 8, 16, 9], "rotation": 270, "texture": "#0"},
				"down": {"uv": [0, 8, 16, 9], "rotation": 90, "texture": "#0"}
			}
		},
		{
			"from": [0, 28, 13],
			"to": [1, 30, 27],
			"rotation": {"angle": 0, "axis": "y", "origin": [8, 4.5, 8]},
			"faces": {
				"north": {"uv": [5, 0, 6, 16], "texture": "#0"},
				"east": {"uv": [0, 12, 16, 14], "texture": "#0"},
				"south": {"uv": [14, 2, 15, 5], "texture": "#0"},
				"west": {"uv": [0, 13, 16, 15], "texture": "#0"},
				"up": {"uv": [0, 8, 16, 9], "rotation": 270, "texture": "#0"},
				"down": {"uv": [0, 8, 16, 9], "rotation": 90, "texture": "#0"}
			}
		},
		{
			"from": [15, 4, 13],
			"to": [16, 6, 27],
			"rotation": {"angle": 0, "axis": "y", "origin": [8, 4.5, 8]},
			"faces": {
				"north": {"uv": [5, 0, 6, 16], "texture": "#0"},
				"east": {"uv": [0, 12, 16, 14], "texture": "#0"},
				"south": {"uv": [14, 2, 15, 5], "texture": "#0"},
				"west": {"uv": [0, 13, 16, 15], "texture": "#0"},
				"up": {"uv": [0, 8, 16, 9], "rotation": 270, "texture": "#0"},
				"down": {"uv": [0, 8, 16, 9], "rotation": 90, "texture": "#0"}
			}
		},
		{
			"from": [15, 16, 13],
			"to": [16, 18, 27],
			"rotation": {"angle": 0, "axis": "y", "origin": [8, 4.5, 8]},
			"faces": {
				"north": {"uv": [5, 0, 6, 16], "texture": "#0"},
				"east": {"uv": [0, 12, 16, 14], "texture": "#0"},
				"south": {"uv": [14, 2, 15, 5], "texture": "#0"},
				"west": {"uv": [0, 13, 16, 15], "texture": "#0"},
				"up": {"uv": [0, 8, 16, 9], "rotation": 270, "texture": "#0"},
				"down": {"uv": [0, 8, 16, 9], "rotation": 90, "texture": "#0"}
			}
		},
		{
			"from": [15, 28, 13],
			"to": [16, 30, 27],
			"rotation": {"angle": 0, "axis": "y", "origin": [8, 4.5, 8]},
			"faces": {
				"north": {"uv": [5, 0, 6, 16], "texture": "#0"},
				"east": {"uv": [0, 12, 16, 14], "texture": "#0"},
				"south": {"uv": [14, 2, 15, 5], "texture": "#0"},
				"west": {"uv": [0, 13, 16, 15], "texture": "#0"},
				"up": {"uv": [0, 8, 16, 9], "rotation": 270, "texture": "#0"},
				"down": {"uv": [0, 8, 16, 9], "rotation": 90, "texture": "#0"}
			}
		},
		{
			"from": [0, 4, 27],
			"to": [1, 6, 31],
			"rotation": {"angle": 0, "axis": "y", "origin": [8, 4.5, 8]},
			"faces": {
				"north": {"uv": [5, 0, 6, 16], "texture": "#0"},
				"east": {"uv": [0, 12, 4, 14], "texture": "#0"},
				"south": {"uv": [14, 2, 15, 5], "texture": "#0"},
				"west": {"uv": [1, 13, 5, 15], "texture": "#0"},
				"up": {"uv": [0, 8, 16, 9], "rotation": 270, "texture": "#0"},
				"down": {"uv": [0, 8, 16, 9], "rotation": 90, "texture": "#0"}
			}
		},
		{
			"from": [0, 16, 27],
			"to": [1, 18, 31],
			"rotation": {"angle": 0, "axis": "y", "origin": [8, 4.5, 8]},
			"faces": {
				"north": {"uv": [5, 0, 6, 16], "texture": "#0"},
				"east": {"uv": [0, 12, 4, 14], "texture": "#0"},
				"south": {"uv": [14, 2, 15, 5], "texture": "#0"},
				"west": {"uv": [1, 13, 5, 15], "texture": "#0"},
				"up": {"uv": [0, 8, 16, 9], "rotation": 270, "texture": "#0"},
				"down": {"uv": [0, 8, 16, 9], "rotation": 90, "texture": "#0"}
			}
		},
		{
			"from": [0, 28, 27],
			"to": [1, 30, 31],
			"rotation": {"angle": 0, "axis": "y", "origin": [8, 4.5, 8]},
			"faces": {
				"north": {"uv": [5, 0, 6, 16], "texture": "#0"},
				"east": {"uv": [0, 12, 4, 14], "texture": "#0"},
				"south": {"uv": [14, 2, 15, 5], "texture": "#0"},
				"west": {"uv": [1, 13, 5, 15], "texture": "#0"},
				"up": {"uv": [0, 8, 16, 9], "rotation": 270, "texture": "#0"},
				"down": {"uv": [0, 8, 16, 9], "rotation": 90, "texture": "#0"}
			}
		},
		{
			"from": [15, 4, 27],
			"to": [16, 6, 31],
			"rotation": {"angle": 0, "axis": "y", "origin": [8, 4.5, 8]},
			"faces": {
				"north": {"uv": [5, 0, 6, 16], "texture": "#0"},
				"east": {"uv": [0, 12, 4, 14], "texture": "#0"},
				"south": {"uv": [14, 2, 15, 5], "texture": "#0"},
				"west": {"uv": [0, 13, 4, 15], "texture": "#0"},
				"up": {"uv": [0, 8, 16, 9], "rotation": 270, "texture": "#0"},
				"down": {"uv": [0, 8, 16, 9], "rotation": 90, "texture": "#0"}
			}
		},
		{
			"from": [15, 16, 27],
			"to": [16, 18, 31],
			"rotation": {"angle": 0, "axis": "y", "origin": [8, 4.5, 8]},
			"faces": {
				"north": {"uv": [5, 0, 6, 16], "texture": "#0"},
				"east": {"uv": [0, 12, 4, 14], "texture": "#0"},
				"south": {"uv": [14, 2, 15, 5], "texture": "#0"},
				"west": {"uv": [0, 13, 4, 15], "texture": "#0"},
				"up": {"uv": [0, 8, 16, 9], "rotation": 270, "texture": "#0"},
				"down": {"uv": [0, 8, 16, 9], "rotation": 90, "texture": "#0"}
			}
		},
		{
			"from": [15, 28, 27],
			"to": [16, 30, 31],
			"rotation": {"angle": 0, "axis": "y", "origin": [8, 4.5, 8]},
			"faces": {
				"north": {"uv": [5, 0, 6, 16], "texture": "#0"},
				"east": {"uv": [0, 12, 4, 14], "texture": "#0"},
				"south": {"uv": [14, 2, 15, 5], "texture": "#0"},
				"west": {"uv": [0, 13, 4, 15], "texture": "#0"},
				"up": {"uv": [0, 8, 16, 9], "rotation": 270, "texture": "#0"},
				"down": {"uv": [0, 8, 16, 9], "rotation": 90, "texture": "#0"}
			}
		},
		{
			"from": [0, 4, -1],
			"to": [1, 6, 13],
			"rotation": {"angle": 0, "axis": "y", "origin": [8, 4.5, 8]},
			"faces": {
				"north": {"uv": [5, 0, 6, 16], "texture": "#0"},
				"east": {"uv": [0, 12, 16, 14], "texture": "#0"},
				"south": {"uv": [14, 2, 15, 5], "texture": "#0"},
				"west": {"uv": [0, 13, 16, 15], "texture": "#0"},
				"up": {"uv": [0, 8, 16, 9], "rotation": 270, "texture": "#0"},
				"down": {"uv": [0, 8, 16, 9], "rotation": 90, "texture": "#0"}
			}
		},
		{
			"from": [0, 16, -1],
			"to": [1, 18, 13],
			"rotation": {"angle": 0, "axis": "y", "origin": [8, 4.5, 8]},
			"faces": {
				"north": {"uv": [5, 0, 6, 16], "texture": "#0"},
				"east": {"uv": [0, 12, 16, 14], "texture": "#0"},
				"south": {"uv": [14, 2, 15, 5], "texture": "#0"},
				"west": {"uv": [0, 13, 16, 15], "texture": "#0"},
				"up": {"uv": [0, 8, 16, 9], "rotation": 270, "texture": "#0"},
				"down": {"uv": [0, 8, 16, 9], "rotation": 90, "texture": "#0"}
			}
		},
		{
			"from": [0, 28, -1],
			"to": [1, 30, 13],
			"rotation": {"angle": 0, "axis": "y", "origin": [8, 4.5, 8]},
			"faces": {
				"north": {"uv": [5, 0, 6, 16], "texture": "#0"},
				"east": {"uv": [0, 12, 16, 14], "texture": "#0"},
				"south": {"uv": [14, 2, 15, 5], "texture": "#0"},
				"west": {"uv": [0, 13, 16, 15], "texture": "#0"},
				"up": {"uv": [0, 8, 16, 9], "rotation": 270, "texture": "#0"},
				"down": {"uv": [0, 8, 16, 9], "rotation": 90, "texture": "#0"}
			}
		},
		{
			"from": [15, 4, -1],
			"to": [16, 6, 13],
			"rotation": {"angle": 0, "axis": "y", "origin": [8, 4.5, 8]},
			"faces": {
				"north": {"uv": [5, 0, 6, 16], "texture": "#0"},
				"east": {"uv": [0, 12, 16, 14], "texture": "#0"},
				"south": {"uv": [14, 2, 15, 5], "texture": "#0"},
				"west": {"uv": [0, 13, 16, 15], "texture": "#0"},
				"up": {"uv": [0, 8, 16, 9], "rotation": 270, "texture": "#0"},
				"down": {"uv": [0, 8, 16, 9], "rotation": 90, "texture": "#0"}
			}
		},
		{
			"from": [15, 16, -1],
			"to": [16, 18, 13],
			"rotation": {"angle": 0, "axis": "y", "origin": [8, 4.5, 8]},
			"faces": {
				"north": {"uv": [5, 0, 6, 16], "texture": "#0"},
				"east": {"uv": [0, 12, 16, 14], "texture": "#0"},
				"south": {"uv": [14, 2, 15, 5], "texture": "#0"},
				"west": {"uv": [0, 13, 16, 15], "texture": "#0"},
				"up": {"uv": [0, 8, 16, 9], "rotation": 270, "texture": "#0"},
				"down": {"uv": [0, 8, 16, 9], "rotation": 90, "texture": "#0"}
			}
		},
		{
			"from": [15, 28, -1],
			"to": [16, 30, 13],
			"rotation": {"angle": 0, "axis": "y", "origin": [8, 4.5, 8]},
			"faces": {
				"north": {"uv": [5, 0, 6, 16], "texture": "#0"},
				"east": {"uv": [0, 12, 16, 14], "texture": "#0"},
				"south": {"uv": [14, 2, 15, 5], "texture": "#0"},
				"west": {"uv": [0, 13, 16, 15], "texture": "#0"},
				"up": {"uv": [0, 8, 16, 9], "rotation": 270, "texture": "#0"},
				"down": {"uv": [0, 8, 16, 9], "rotation": 90, "texture": "#0"}
			}
		},
		{
			"from": [1, 4, 0],
			"to": [15, 5, 16],
			"rotation": {"angle": 0, "axis": "y", "origin": [8, 4.5, 8]},
			"faces": {
				"north": {"uv": [0, 0, 16, 16], "texture": "#1"},
				"east": {"uv": [0, 0, 16, 16], "texture": "#1"},
				"south": {"uv": [0, 0, 16, 16], "texture": "#1"},
				"west": {"uv": [0, 0, 16, 16], "texture": "#1"},
				"up": {"uv": [0, 0, 16, 16], "rotation": 270, "texture": "#1"},
				"down": {"uv": [0, 0, 16, 16], "rotation": 90, "texture": "#1"}
			}
		},
		{
			"from": [1, 16, 0],
			"to": [15, 17, 16],
			"rotation": {"angle": 0, "axis": "y", "origin": [8, 4.5, 8]},
			"faces": {
				"north": {"uv": [0, 0, 16, 16], "texture": "#1"},
				"east": {"uv": [0, 0, 16, 16], "texture": "#1"},
				"south": {"uv": [0, 0, 16, 16], "texture": "#1"},
				"west": {"uv": [0, 0, 16, 16], "texture": "#1"},
				"up": {"uv": [0, 0, 16, 16], "rotation": 270, "texture": "#1"},
				"down": {"uv": [0, 0, 16, 16], "rotation": 90, "texture": "#1"}
			}
		},
		{
			"from": [1, 28, 0],
			"to": [15, 29, 16],
			"rotation": {"angle": 0, "axis": "y", "origin": [8, 4.5, 8]},
			"faces": {
				"north": {"uv": [0, 0, 16, 16], "texture": "#1"},
				"east": {"uv": [0, 0, 16, 16], "texture": "#1"},
				"south": {"uv": [0, 0, 16, 16], "texture": "#1"},
				"west": {"uv": [0, 0, 16, 16], "texture": "#1"},
				"up": {"uv": [0, 0, 16, 16], "rotation": 270, "texture": "#1"},
				"down": {"uv": [0, 0, 16, 16], "rotation": 90, "texture": "#1"}
			}
		},
		{
			"from": [1, 4, 16],
			"to": [15, 5, 31],
			"rotation": {"angle": 0, "axis": "y", "origin": [8, 4.5, 8]},
			"faces": {
				"north": {"uv": [0, 0, 16, 16], "texture": "#1"},
				"east": {"uv": [0, 0, 16, 16], "texture": "#1"},
				"south": {"uv": [0, 0, 16, 16], "texture": "#1"},
				"west": {"uv": [0, 0, 16, 16], "texture": "#1"},
				"up": {"uv": [0, 0, 16, 16], "rotation": 270, "texture": "#1"},
				"down": {"uv": [0, 0, 16, 16], "rotation": 90, "texture": "#1"}
			}
		},
		{
			"from": [1, 16, 16],
			"to": [15, 17, 31],
			"rotation": {"angle": 0, "axis": "y", "origin": [8, 4.5, 8]},
			"faces": {
				"north": {"uv": [0, 0, 16, 16], "texture": "#1"},
				"east": {"uv": [0, 0, 16, 16], "texture": "#1"},
				"south": {"uv": [0, 0, 16, 16], "texture": "#1"},
				"west": {"uv": [0, 0, 16, 16], "texture": "#1"},
				"up": {"uv": [0, 0, 16, 16], "rotation": 270, "texture": "#1"},
				"down": {"uv": [0, 0, 16, 16], "rotation": 90, "texture": "#1"}
			}
		},
		{
			"from": [1, 28, 16],
			"to": [15, 29, 31],
			"rotation": {"angle": 0, "axis": "y", "origin": [8, 4.5, 8]},
			"faces": {
				"north": {"uv": [0, 0, 16, 16], "texture": "#1"},
				"east": {"uv": [0, 0, 16, 16], "texture": "#1"},
				"south": {"uv": [0, 0, 16, 16], "texture": "#1"},
				"west": {"uv": [0, 0, 16, 16], "texture": "#1"},
				"up": {"uv": [0, 0, 16, 16], "rotation": 270, "texture": "#1"},
				"down": {"uv": [0, 0, 16, 16], "rotation": 90, "texture": "#1"}
			}
		},
		{
			"from": [1, 4, -15],
			"to": [15, 5, 0],
			"rotation": {"angle": 0, "axis": "y", "origin": [8, 4.5, 8]},
			"faces": {
				"north": {"uv": [0, 0, 16, 16], "texture": "#1"},
				"east": {"uv": [0, 0, 16, 16], "texture": "#1"},
				"south": {"uv": [0, 0, 16, 16], "texture": "#1"},
				"west": {"uv": [0, 0, 16, 16], "texture": "#1"},
				"up": {"uv": [0, 0, 16, 16], "rotation": 270, "texture": "#1"},
				"down": {"uv": [0, 0, 16, 16], "rotation": 90, "texture": "#1"}
			}
		},
		{
			"from": [1, 16, -15],
			"to": [15, 17, 0],
			"rotation": {"angle": 0, "axis": "y", "origin": [8, 4.5, 8]},
			"faces": {
				"north": {"uv": [0, 0, 16, 16], "texture": "#1"},
				"east": {"uv": [0, 0, 16, 16], "texture": "#1"},
				"south": {"uv": [0, 0, 16, 16], "texture": "#1"},
				"west": {"uv": [0, 0, 16, 16], "texture": "#1"},
				"up": {"uv": [0, 0, 16, 16], "rotation": 270, "texture": "#1"},
				"down": {"uv": [0, 0, 16, 16], "rotation": 90, "texture": "#1"}
			}
		},
		{
			"from": [1, 28, -15],
			"to": [15, 29, 0],
			"rotation": {"angle": 0, "axis": "y", "origin": [8, 4.5, 8]},
			"faces": {
				"north": {"uv": [0, 0, 16, 16], "texture": "#1"},
				"east": {"uv": [0, 0, 16, 16], "texture": "#1"},
				"south": {"uv": [0, 0, 16, 16], "texture": "#1"},
				"west": {"uv": [0, 0, 16, 16], "texture": "#1"},
				"up": {"uv": [0, 0, 16, 16], "rotation": 270, "texture": "#1"},
				"down": {"uv": [0, 0, 16, 16], "rotation": 90, "texture": "#1"}
			}
		}
	]
}