{
	"credit": "Made with Blockbench",
	"textures": {
		"0": "block/gold_block",
		"1": "block/polished_diorite",
		"3": "block/light_gray_wool",
		"4": "block/white_wool",
		"5": "block/gray_concrete",
		"particle": "block/gold_block"
	},
	"elements": [
		{
			"from": [2.21094, 11.25, 5.10677],
			"to": [13.71094, 15.75, 5.23177],
			"rotation": {"angle": 0, "axis": "y", "origin": [8.0026, 13.08333, 7.97917]},
			"faces": {
				"north": {"uv": [0, 0, 16, 8], "texture": "#4"},
				"east": {"uv": [0, 0, 16, 8], "texture": "#4"},
				"south": {"uv": [0, 0, 16, 8], "texture": "#4"},
				"west": {"uv": [0, 0, 16, 8], "texture": "#4"},
				"up": {"uv": [0, 0, 16, 8], "rotation": 270, "texture": "#4"},
				"down": {"uv": [0, 0, 16, 8], "rotation": 90, "texture": "#4"}
			}
		},
		{
			"from": [2.21094, 11.25, 10.73177],
			"to": [13.71094, 15.75, 10.85677],
			"rotation": {"angle": 0, "axis": "y", "origin": [8.0026, 13.08333, 7.97917]},
			"faces": {
				"north": {"uv": [0, 0, 16, 8], "texture": "#4"},
				"east": {"uv": [0, 0, 16, 8], "texture": "#4"},
				"south": {"uv": [0, 0, 16, 8], "texture": "#4"},
				"west": {"uv": [0, 0, 16, 8], "texture": "#4"},
				"up": {"uv": [0, 0, 16, 8], "rotation": 270, "texture": "#4"},
				"down": {"uv": [0, 0, 16, 8], "rotation": 90, "texture": "#4"}
			}
		},
		{
			"from": [2.08594, 11.25, 5.16927],
			"to": [2.08594, 15.75, 10.79427],
			"rotation": {"angle": 0, "axis": "y", "origin": [8.0026, 13.08333, 8.04167]},
			"faces": {
				"north": {"uv": [0, 0, 16, 8], "texture": "#4"},
				"east": {"uv": [0, 0, 16, 8], "texture": "#4"},
				"south": {"uv": [0, 0, 16, 8], "texture": "#4"},
				"west": {"uv": [0, 0, 10, 8], "texture": "#4"},
				"up": {"uv": [0, 0, 16, 8], "texture": "#4"},
				"down": {"uv": [0, 0, 16, 8], "texture": "#4"}
			}
		},
		{
			"from": [13.83594, 11.25, 5.16927],
			"to": [13.83594, 15.75, 10.79427],
			"rotation": {"angle": 0, "axis": "y", "origin": [8.0026, 13.08333, 8.04167]},
			"faces": {
				"north": {"uv": [0, 0, 16, 8], "texture": "#4"},
				"east": {"uv": [0, 0, 10, 8], "texture": "#4"},
				"south": {"uv": [0, 0, 16, 8], "texture": "#4"},
				"west": {"uv": [0, 0, 16, 8], "texture": "#4"},
				"up": {"uv": [0, 0, 16, 8], "texture": "#4"},
				"down": {"uv": [0, 0, 16, 8], "texture": "#4"}
			}
		},
		{
			"from": [4.08594, 0, 5.98177],
			"to": [12.08594, 6, 9.98177],
			"rotation": {"angle": 0, "axis": "y", "origin": [8.0026, 13.08333, 7.97917]},
			"faces": {
				"north": {"uv": [2, 2, 14, 14], "texture": "#0"},
				"east": {"uv": [2, 2, 6, 14], "texture": "#0"},
				"south": {"uv": [2, 2, 14, 14], "texture": "#0"},
				"west": {"uv": [2, 2, 6, 14], "texture": "#0"},
				"up": {"uv": [2, 2, 14, 14], "rotation": 270, "texture": "#0"},
				"down": {"uv": [2, 2, 14, 14], "rotation": 90, "texture": "#0"}
			}
		},
		{
			"from": [4.08594, 6, 5.98177],
			"to": [12.08594, 9, 9.98177],
			"rotation": {"angle": 0, "axis": "y", "origin": [8.0026, 13.08333, 7.97917]},
			"faces": {
				"north": {"uv": [1, 1, 15, 9], "texture": "#1"},
				"east": {"uv": [1, 1, 9, 9], "texture": "#1"},
				"south": {"uv": [1, 1, 15, 9], "texture": "#1"},
				"west": {"uv": [1, 1, 9, 9], "texture": "#1"},
				"up": {"uv": [1, 1, 6, 15], "rotation": 270, "texture": "#1"},
				"down": {"uv": [1, 1, 9, 9], "rotation": 90, "texture": "#1"}
			}
		},
		{
			"from": [7.58594, 9, 7.48177],
			"to": [8.58594, 12, 8.48177],
			"rotation": {"angle": 0, "axis": "y", "origin": [8.0026, 13.08333, 7.97917]},
			"faces": {
				"north": {"uv": [7, 6, 11, 13], "texture": "#0"},
				"east": {"uv": [7, 6, 11, 13], "texture": "#0"},
				"south": {"uv": [7, 6, 11, 13], "texture": "#0"},
				"west": {"uv": [7, 6, 11, 13], "texture": "#0"},
				"up": {"uv": [7, 6, 11, 13], "rotation": 270, "texture": "#0"},
				"down": {"uv": [7, 6, 11, 13], "rotation": 90, "texture": "#0"}
			}
		},
		{
			"from": [7.58594, 15, 7.48177],
			"to": [8.58594, 16, 8.48177],
			"rotation": {"angle": 0, "axis": "y", "origin": [8.0026, 13.08333, 7.97917]},
			"faces": {
				"north": {"uv": [7, 6, 11, 13], "texture": "#0"},
				"east": {"uv": [7, 6, 11, 13], "texture": "#0"},
				"south": {"uv": [7, 6, 11, 13], "texture": "#0"},
				"west": {"uv": [7, 6, 11, 13], "texture": "#0"},
				"up": {"uv": [7, 6, 11, 13], "rotation": 270, "texture": "#0"},
				"down": {"uv": [7, 6, 11, 13], "rotation": 90, "texture": "#0"}
			}
		},
		{
			"from": [7.83594, 16, 7.73177],
			"to": [8.33594, 16.5, 8.23177],
			"rotation": {"angle": 0, "axis": "y", "origin": [8.0026, 13.08333, 7.97917]},
			"faces": {
				"north": {"uv": [7, 6, 11, 13], "texture": "#0"},
				"east": {"uv": [7, 6, 11, 13], "texture": "#0"},
				"south": {"uv": [7, 6, 11, 13], "texture": "#0"},
				"west": {"uv": [7, 6, 11, 13], "texture": "#0"},
				"up": {"uv": [7, 6, 11, 13], "rotation": 270, "texture": "#0"},
				"down": {"uv": [7, 6, 11, 13], "rotation": 90, "texture": "#0"}
			}
		},
		{
			"from": [7.96094, 15.75, 8.48177],
			"to": [8.21094, 16, 10.73177],
			"rotation": {"angle": 0, "axis": "y", "origin": [8.0026, 13.08333, 7.97917]},
			"faces": {
				"north": {"uv": [7, 6, 11, 13], "texture": "#0"},
				"east": {"uv": [7, 6, 11, 13], "texture": "#0"},
				"south": {"uv": [7, 6, 11, 13], "texture": "#0"},
				"west": {"uv": [7, 6, 11, 13], "texture": "#0"},
				"up": {"uv": [7, 6, 11, 13], "rotation": 270, "texture": "#0"},
				"down": {"uv": [7, 6, 11, 13], "rotation": 90, "texture": "#0"}
			}
		},
		{
			"from": [7.96094, 15.75, 5.23177],
			"to": [8.21094, 16, 7.48177],
			"rotation": {"angle": 0, "axis": "y", "origin": [8.0026, 13.08333, 7.97917]},
			"faces": {
				"north": {"uv": [7, 6, 11, 13], "texture": "#0"},
				"east": {"uv": [7, 6, 11, 13], "texture": "#0"},
				"south": {"uv": [7, 6, 11, 13], "texture": "#0"},
				"west": {"uv": [7, 6, 11, 13], "texture": "#0"},
				"up": {"uv": [7, 6, 11, 13], "rotation": 270, "texture": "#0"},
				"down": {"uv": [7, 6, 11, 13], "rotation": 90, "texture": "#0"}
			}
		},
		{
			"from": [1.96094, 15.75, 4.98177],
			"to": [13.96094, 16, 5.23177],
			"rotation": {"angle": 0, "axis": "y", "origin": [8.0026, 13.08333, 7.97917]},
			"faces": {
				"north": {"uv": [0, 0, 16, 2], "texture": "#3"},
				"east": {"uv": [0, 0, 2, 2], "texture": "#3"},
				"south": {"uv": [0, 0, 16, 2], "texture": "#3"},
				"west": {"uv": [0, 0, 2, 2], "texture": "#3"},
				"up": {"uv": [0, 0, 2, 16], "rotation": 270, "texture": "#3"},
				"down": {"uv": [0, 0, 2, 16], "rotation": 90, "texture": "#3"}
			}
		},
		{
			"from": [1.96094, 15.75, 5.23177],
			"to": [2.21094, 16, 10.73177],
			"rotation": {"angle": 0, "axis": "y", "origin": [8.0026, 13.08333, 7.97917]},
			"faces": {
				"north": {"uv": [7, 6, 11, 13], "texture": "#3"},
				"east": {"uv": [0, 0, 16, 2], "texture": "#3"},
				"south": {"uv": [7, 6, 11, 13], "texture": "#3"},
				"west": {"uv": [0, 0, 16, 2], "texture": "#3"},
				"up": {"uv": [0, 0, 16, 2], "rotation": 270, "texture": "#3"},
				"down": {"uv": [0, 0, 16, 2], "rotation": 90, "texture": "#3"}
			}
		},
		{
			"from": [13.71094, 15.75, 5.23177],
			"to": [13.96094, 16, 10.73177],
			"rotation": {"angle": 0, "axis": "y", "origin": [8.0026, 13.08333, 7.97917]},
			"faces": {
				"north": {"uv": [7, 6, 11, 13], "texture": "#3"},
				"east": {"uv": [0, 0, 16, 2], "texture": "#3"},
				"south": {"uv": [7, 6, 11, 13], "texture": "#3"},
				"west": {"uv": [0, 0, 16, 2], "texture": "#3"},
				"up": {"uv": [0, 0, 16, 2], "rotation": 270, "texture": "#3"},
				"down": {"uv": [0, 0, 16, 2], "rotation": 90, "texture": "#3"}
			}
		},
		{
			"from": [1.96094, 15.75, 10.73177],
			"to": [13.96094, 16, 10.98177],
			"rotation": {"angle": 0, "axis": "y", "origin": [8.0026, 13.08333, 7.97917]},
			"faces": {
				"north": {"uv": [0, 0, 16, 2], "texture": "#3"},
				"east": {"uv": [0, 0, 2, 2], "texture": "#3"},
				"south": {"uv": [0, 0, 16, 2], "texture": "#3"},
				"west": {"uv": [0, 0, 2, 2], "texture": "#3"},
				"up": {"uv": [0, 0, 2, 16], "rotation": 270, "texture": "#3"},
				"down": {"uv": [0, 0, 2, 16], "rotation": 90, "texture": "#3"}
			}
		},
		{
			"from": [1.96094, 11, 5.23177],
			"to": [2.21094, 11.25, 10.73177],
			"rotation": {"angle": 0, "axis": "y", "origin": [8.0026, 13.08333, 7.97917]},
			"faces": {
				"north": {"uv": [7, 6, 11, 13], "texture": "#3"},
				"east": {"uv": [0, 0, 16, 2], "texture": "#3"},
				"south": {"uv": [7, 6, 11, 13], "texture": "#3"},
				"west": {"uv": [0, 0, 16, 2], "texture": "#3"},
				"up": {"uv": [0, 0, 16, 2], "rotation": 270, "texture": "#3"},
				"down": {"uv": [0, 0, 16, 2], "rotation": 90, "texture": "#3"}
			}
		},
		{
			"from": [13.71094, 11, 5.23177],
			"to": [13.96094, 11.25, 10.73177],
			"rotation": {"angle": 0, "axis": "y", "origin": [8.0026, 13.08333, 7.97917]},
			"faces": {
				"north": {"uv": [7, 6, 11, 13], "texture": "#3"},
				"east": {"uv": [0, 0, 16, 2], "texture": "#3"},
				"south": {"uv": [7, 6, 11, 13], "texture": "#3"},
				"west": {"uv": [0, 0, 16, 2], "texture": "#3"},
				"up": {"uv": [0, 0, 16, 2], "rotation": 270, "texture": "#3"},
				"down": {"uv": [0, 0, 16, 2], "rotation": 90, "texture": "#3"}
			}
		},
		{
			"from": [1.96094, 11, 4.98177],
			"to": [13.96094, 11.25, 5.23177],
			"rotation": {"angle": 0, "axis": "y", "origin": [8.0026, 13.08333, 7.97917]},
			"faces": {
				"north": {"uv": [0, 0, 16, 2], "texture": "#3"},
				"east": {"uv": [0, 0, 2, 2], "texture": "#3"},
				"south": {"uv": [0, 0, 16, 2], "texture": "#3"},
				"west": {"uv": [0, 0, 2, 2], "texture": "#3"},
				"up": {"uv": [0, 0, 2, 16], "rotation": 270, "texture": "#3"},
				"down": {"uv": [0, 0, 2, 16], "rotation": 90, "texture": "#3"}
			}
		},
		{
			"from": [1.96094, 11, 10.73177],
			"to": [13.96094, 11.25, 10.98177],
			"rotation": {"angle": 0, "axis": "y", "origin": [8.0026, 13.08333, 7.97917]},
			"faces": {
				"north": {"uv": [0, 0, 16, 2], "texture": "#3"},
				"east": {"uv": [0, 0, 2, 2], "texture": "#3"},
				"south": {"uv": [0, 0, 16, 2], "texture": "#3"},
				"west": {"uv": [0, 0, 2, 2], "texture": "#3"},
				"up": {"uv": [0, 0, 2, 16], "rotation": 270, "texture": "#3"},
				"down": {"uv": [0, 0, 2, 16], "rotation": 90, "texture": "#3"}
			}
		},
		{
			"from": [13.71094, 11.25, 10.73177],
			"to": [13.96094, 15.75, 10.98177],
			"rotation": {"angle": 0, "axis": "y", "origin": [8.0026, 13.08333, 7.97917]},
			"faces": {
				"north": {"uv": [0, 0, 16, 2], "rotation": 270, "texture": "#3"},
				"east": {"uv": [0, 0, 16, 2], "rotation": 270, "texture": "#3"},
				"south": {"uv": [0, 0, 16, 2], "rotation": 270, "texture": "#3"},
				"west": {"uv": [0, 0, 16, 2], "rotation": 90, "texture": "#3"},
				"up": {"uv": [7, 6, 11, 13], "rotation": 180, "texture": "#3"},
				"down": {"uv": [7, 6, 11, 13], "texture": "#3"}
			}
		},
		{
			"from": [13.71094, 11.25, 4.98177],
			"to": [13.96094, 15.75, 5.23177],
			"rotation": {"angle": 0, "axis": "y", "origin": [8.0026, 13.08333, 7.97917]},
			"faces": {
				"north": {"uv": [0, 0, 16, 2], "rotation": 270, "texture": "#3"},
				"east": {"uv": [0, 0, 16, 2], "rotation": 270, "texture": "#3"},
				"south": {"uv": [0, 0, 16, 2], "rotation": 270, "texture": "#3"},
				"west": {"uv": [0, 0, 16, 2], "rotation": 90, "texture": "#3"},
				"up": {"uv": [7, 6, 11, 13], "rotation": 180, "texture": "#3"},
				"down": {"uv": [7, 6, 11, 13], "texture": "#3"}
			}
		},
		{
			"from": [1.96094, 11.25, 4.98177],
			"to": [2.21094, 15.75, 5.23177],
			"rotation": {"angle": 0, "axis": "y", "origin": [8.0026, 13.08333, 7.97917]},
			"faces": {
				"north": {"uv": [0, 0, 16, 2], "rotation": 270, "texture": "#3"},
				"east": {"uv": [0, 0, 16, 2], "rotation": 270, "texture": "#3"},
				"south": {"uv": [0, 0, 16, 2], "rotation": 270, "texture": "#3"},
				"west": {"uv": [0, 0, 16, 2], "rotation": 90, "texture": "#3"},
				"up": {"uv": [7, 6, 11, 13], "rotation": 180, "texture": "#3"},
				"down": {"uv": [7, 6, 11, 13], "texture": "#3"}
			}
		},
		{
			"from": [1.96094, 11.25, 10.73177],
			"to": [2.21094, 15.75, 10.98177],
			"rotation": {"angle": 0, "axis": "y", "origin": [8.0026, 13.08333, 7.97917]},
			"faces": {
				"north": {"uv": [0, 0, 16, 2], "rotation": 270, "texture": "#3"},
				"east": {"uv": [0, 0, 16, 2], "rotation": 270, "texture": "#3"},
				"south": {"uv": [0, 0, 16, 2], "rotation": 270, "texture": "#3"},
				"west": {"uv": [0, 0, 16, 2], "rotation": 90, "texture": "#3"},
				"up": {"uv": [7, 6, 11, 13], "rotation": 180, "texture": "#3"},
				"down": {"uv": [7, 6, 11, 13], "texture": "#3"}
			}
		},
		{
			"from": [3.58594, 12, 6.48177],
			"to": [12.58594, 15, 9.48177],
			"rotation": {"angle": 0, "axis": "y", "origin": [8.0026, 13.08333, 7.97917]},
			"faces": {
				"north": {"uv": [0, 0, 7, 16], "rotation": 90, "texture": "#5"},
				"east": {"uv": [0, 0, 7, 7], "rotation": 90, "texture": "#5"},
				"south": {"uv": [0, 0, 7, 16], "rotation": 90, "texture": "#5"},
				"west": {"uv": [0, 0, 7, 7], "rotation": 90, "texture": "#5"},
				"up": {"uv": [0, 0, 7, 16], "rotation": 90, "texture": "#5"},
				"down": {"uv": [0, 0, 7, 16], "rotation": 90, "texture": "#5"}
			}
		}
	]
}