{
	"credit": "Made with Blockbench",
	"textures": {
		"3": "block/cactus_top",
		"4": "block/cactus_side",
		"6": "block/black_concrete",
		"10": "block/dark_oak_planks",
		"11": "block/light_blue_concrete",
		"12": "block/glass",
		"13": "block/cut_sandstone",
		"14": "block/white_concrete",
		"15": "block/orange_concrete",
		"16": "block/fire_1",
		"particle": "block/cut_sandstone"
	},
	"elements": [
		{
			"from": [14.97222, 0, 15],
			"to": [15.97222, 15, 16],
			"rotation": {"angle": 0, "axis": "y", "origin": [7.61111, 16.55556, 8.5]},
			"faces": {
				"north": {"uv": [0, 0, 1, 15], "texture": "#10"},
				"east": {"uv": [0, 0, 1, 15], "texture": "#10"},
				"south": {"uv": [0, 0, 1, 15], "texture": "#10"},
				"west": {"uv": [0, 0, 1, 15], "texture": "#10"},
				"up": {"uv": [0, 0, 1, 15], "texture": "#10"},
				"down": {"uv": [0, 0, 1, 15], "texture": "#10"}
			}
		},
		{
			"from": [14.97222, 0, 0],
			"to": [15.97222, 15, 1],
			"rotation": {"angle": 0, "axis": "y", "origin": [7.61111, 16.55556, 8.5]},
			"faces": {
				"north": {"uv": [0, 0, 1, 15], "texture": "#10"},
				"east": {"uv": [0, 0, 1, 15], "texture": "#10"},
				"south": {"uv": [0, 0, 1, 15], "texture": "#10"},
				"west": {"uv": [0, 0, 1, 15], "texture": "#10"},
				"up": {"uv": [0, 0, 1, 15], "texture": "#10"},
				"down": {"uv": [0, 0, 1, 15], "texture": "#10"}
			}
		},
		{
			"from": [-0.02778, 0, 15],
			"to": [0.97222, 15, 16],
			"rotation": {"angle": 0, "axis": "y", "origin": [7.61111, 16.55556, 8.5]},
			"faces": {
				"north": {"uv": [0, 0, 1, 15], "texture": "#10"},
				"east": {"uv": [0, 0, 1, 15], "texture": "#10"},
				"south": {"uv": [0, 0, 1, 15], "texture": "#10"},
				"west": {"uv": [0, 0, 1, 15], "texture": "#10"},
				"up": {"uv": [0, 0, 1, 15], "texture": "#10"},
				"down": {"uv": [0, 0, 1, 15], "texture": "#10"}
			}
		},
		{
			"from": [-0.02778, 0, 0],
			"to": [0.97222, 15, 1],
			"rotation": {"angle": 0, "axis": "y", "origin": [7.61111, 16.55556, 8.5]},
			"faces": {
				"north": {"uv": [0, 0, 1, 15], "texture": "#10"},
				"east": {"uv": [0, 0, 1, 15], "texture": "#10"},
				"south": {"uv": [0, 0, 1, 15], "texture": "#10"},
				"west": {"uv": [0, 0, 1, 15], "texture": "#10"},
				"up": {"uv": [0, 0, 1, 15], "texture": "#10"},
				"down": {"uv": [0, 0, 1, 15], "texture": "#10"}
			}
		},
		{
			"from": [-0.02778, 15, 0],
			"to": [15.97222, 16, 16],
			"rotation": {"angle": 0, "axis": "y", "origin": [7.61111, 16.55556, 8.5]},
			"faces": {
				"north": {"uv": [0, 1, 16, 3], "rotation": 180, "texture": "#10"},
				"east": {"uv": [0, 1, 16, 3], "rotation": 180, "texture": "#10"},
				"south": {"uv": [0, 2, 16, 4], "rotation": 180, "texture": "#10"},
				"west": {"uv": [0, 1, 16, 3], "rotation": 180, "texture": "#10"},
				"up": {"uv": [0, 0, 16, 16], "rotation": 180, "texture": "#10"},
				"down": {"uv": [0, 0, 16, 16], "rotation": 180, "texture": "#10"}
			}
		},
		{
			"from": [2.97222, 16, 6],
			"to": [4.97222, 17, 8],
			"rotation": {"angle": 0, "axis": "y", "origin": [2.61111, 16.55556, 12.5]},
			"faces": {
				"north": {"uv": [0, 0, 1, 1], "texture": "#11"},
				"east": {"uv": [0, 0, 1, 1], "texture": "#11"},
				"south": {"uv": [0, 0, 1, 1], "texture": "#11"},
				"west": {"uv": [0, 0, 1, 1], "texture": "#11"},
				"up": {"uv": [0, 0, 1, 1], "texture": "#11"},
				"down": {"uv": [0, 0, 1, 1], "texture": "#11"}
			}
		},
		{
			"from": [1.97222, 17, 6],
			"to": [2.97222, 19, 8],
			"rotation": {"angle": 0, "axis": "y", "origin": [2.61111, 16.55556, 12.5]},
			"faces": {
				"north": {"uv": [0, 0, 1, 1], "texture": "#11"},
				"east": {"uv": [0, 0, 1, 1], "texture": "#11"},
				"south": {"uv": [0, 0, 1, 1], "texture": "#11"},
				"west": {"uv": [0, 0, 1, 1], "texture": "#11"},
				"up": {"uv": [0, 0, 1, 1], "texture": "#11"},
				"down": {"uv": [0, 0, 1, 1], "texture": "#11"}
			}
		},
		{
			"from": [4.97222, 17, 6],
			"to": [5.97222, 19, 8],
			"rotation": {"angle": 0, "axis": "y", "origin": [2.61111, 16.55556, 12.5]},
			"faces": {
				"north": {"uv": [0, 0, 1, 1], "texture": "#11"},
				"east": {"uv": [0, 0, 1, 1], "texture": "#11"},
				"south": {"uv": [0, 0, 1, 1], "texture": "#11"},
				"west": {"uv": [0, 0, 1, 1], "texture": "#11"},
				"up": {"uv": [0, 0, 1, 1], "texture": "#11"},
				"down": {"uv": [0, 0, 1, 1], "texture": "#11"}
			}
		},
		{
			"from": [2.97222, 17, 5],
			"to": [4.97222, 19, 6],
			"rotation": {"angle": 0, "axis": "y", "origin": [2.61111, 16.55556, 12.5]},
			"faces": {
				"north": {"uv": [0, 0, 1, 1], "texture": "#11"},
				"east": {"uv": [0, 0, 1, 1], "texture": "#11"},
				"south": {"uv": [0, 0, 1, 1], "texture": "#11"},
				"west": {"uv": [0, 0, 1, 1], "texture": "#11"},
				"up": {"uv": [0, 0, 1, 1], "texture": "#11"},
				"down": {"uv": [0, 0, 1, 1], "texture": "#11"}
			}
		},
		{
			"from": [2.97222, 17, 8],
			"to": [4.97222, 19, 9],
			"rotation": {"angle": 0, "axis": "y", "origin": [2.61111, 16.55556, 12.5]},
			"faces": {
				"north": {"uv": [0, 0, 1, 1], "texture": "#11"},
				"east": {"uv": [0, 0, 1, 1], "texture": "#11"},
				"south": {"uv": [0, 0, 1, 1], "texture": "#11"},
				"west": {"uv": [0, 0, 1, 1], "texture": "#11"},
				"up": {"uv": [0, 0, 1, 1], "texture": "#11"},
				"down": {"uv": [0, 0, 1, 1], "texture": "#11"}
			}
		},
		{
			"from": [2.97222, 17, 6],
			"to": [4.97222, 24, 8],
			"rotation": {"angle": 0, "axis": "y", "origin": [2.61111, 16.55556, 12.5]},
			"faces": {
				"north": {"uv": [1, 0, 15, 16], "texture": "#4"},
				"east": {"uv": [1, 0, 15, 16], "texture": "#4"},
				"south": {"uv": [1, 0, 15, 16], "texture": "#4"},
				"west": {"uv": [1, 0, 15, 16], "texture": "#4"},
				"up": {"uv": [1, 1, 15, 15], "rotation": 180, "texture": "#3"},
				"down": {"uv": [0, 0, 1, 1], "rotation": 180, "texture": "#missing"}
			}
		},
		{
			"from": [11, 16, 14],
			"to": [11.75, 16.25, 14.25],
			"rotation": {"angle": -22.5, "axis": "y", "origin": [12.5, 16.78, 13.295]},
			"faces": {
				"north": {"uv": [0, 0, 0.75, 0.25], "texture": "#6"},
				"east": {"uv": [0, 0, 0.75, 0.25], "texture": "#6"},
				"south": {"uv": [0, 0, 0.75, 0.25], "texture": "#6"},
				"west": {"uv": [0, 0, 0.75, 0.25], "texture": "#6"},
				"up": {"uv": [0, 0, 0.75, 0.25], "texture": "#6"},
				"down": {"uv": [0, 0, 0.75, 0.25], "texture": "#6"}
			}
		},
		{
			"from": [13.25, 16, 14],
			"to": [14, 16.25, 14.25],
			"rotation": {"angle": -22.5, "axis": "y", "origin": [12.5, 16.78, 13.295]},
			"faces": {
				"north": {"uv": [0, 0, 0.75, 0.25], "texture": "#6"},
				"east": {"uv": [0, 0, 0.75, 0.25], "texture": "#6"},
				"south": {"uv": [0, 0, 0.75, 0.25], "texture": "#6"},
				"west": {"uv": [0, 0, 0.75, 0.25], "texture": "#6"},
				"up": {"uv": [0, 0, 0.75, 0.25], "texture": "#6"},
				"down": {"uv": [0, 0, 0.75, 0.25], "texture": "#6"}
			}
		},
		{
			"from": [10.75, 16.25, 14],
			"to": [11, 16.5, 14.25],
			"rotation": {"angle": -22.5, "axis": "y", "origin": [12.5, 16.78, 13.295]},
			"faces": {
				"north": {"uv": [0, 0, 0.75, 0.25], "texture": "#6"},
				"east": {"uv": [0, 0, 0.75, 0.25], "texture": "#6"},
				"south": {"uv": [0, 0, 0.75, 0.25], "texture": "#6"},
				"west": {"uv": [0, 0, 0.75, 0.25], "texture": "#6"},
				"up": {"uv": [0, 0, 0.75, 0.25], "texture": "#6"},
				"down": {"uv": [0, 0, 0.75, 0.25], "texture": "#6"}
			}
		},
		{
			"from": [13, 16.25, 14],
			"to": [13.25, 16.5, 14.25],
			"rotation": {"angle": -22.5, "axis": "y", "origin": [12.5, 16.78, 13.295]},
			"faces": {
				"north": {"uv": [0, 0, 0.75, 0.25], "texture": "#6"},
				"east": {"uv": [0, 0, 0.75, 0.25], "texture": "#6"},
				"south": {"uv": [0, 0, 0.75, 0.25], "texture": "#6"},
				"west": {"uv": [0, 0, 0.75, 0.25], "texture": "#6"},
				"up": {"uv": [0, 0, 0.75, 0.25], "texture": "#6"},
				"down": {"uv": [0, 0, 0.75, 0.25], "texture": "#6"}
			}
		},
		{
			"from": [11.75, 16.25, 14],
			"to": [12, 16.5, 14.25],
			"rotation": {"angle": -22.5, "axis": "y", "origin": [12.5, 16.78, 13.295]},
			"faces": {
				"north": {"uv": [0, 0, 0.75, 0.25], "texture": "#6"},
				"east": {"uv": [0, 0, 0.75, 0.25], "texture": "#6"},
				"south": {"uv": [0, 0, 0.75, 0.25], "texture": "#6"},
				"west": {"uv": [0, 0, 0.75, 0.25], "texture": "#6"},
				"up": {"uv": [0, 0, 0.75, 0.25], "texture": "#6"},
				"down": {"uv": [0, 0, 0.75, 0.25], "texture": "#6"}
			}
		},
		{
			"from": [14, 16.25, 14],
			"to": [14.25, 16.5, 14.25],
			"rotation": {"angle": -22.5, "axis": "y", "origin": [12.5, 16.78, 13.295]},
			"faces": {
				"north": {"uv": [0, 0, 0.75, 0.25], "texture": "#6"},
				"east": {"uv": [0, 0, 0.75, 0.25], "texture": "#6"},
				"south": {"uv": [0, 0, 0.75, 0.25], "texture": "#6"},
				"west": {"uv": [0, 0, 0.75, 0.25], "texture": "#6"},
				"up": {"uv": [0, 0, 0.75, 0.25], "texture": "#6"},
				"down": {"uv": [0, 0, 0.75, 0.25], "texture": "#6"}
			}
		},
		{
			"from": [14.25, 17, 11.25],
			"to": [14.5, 17.25, 11.5],
			"rotation": {"angle": -22.5, "axis": "y", "origin": [12.5, 16.78, 13.295]},
			"faces": {
				"north": {"uv": [0, 0, 0.75, 0.25], "texture": "#6"},
				"east": {"uv": [0, 0, 0.75, 0.25], "texture": "#6"},
				"south": {"uv": [0, 0, 0.75, 0.25], "texture": "#6"},
				"west": {"uv": [0, 0, 0.75, 0.25], "texture": "#6"},
				"up": {"uv": [0, 0, 0.75, 0.25], "texture": "#6"},
				"down": {"uv": [0, 0, 0.75, 0.25], "texture": "#6"}
			}
		},
		{
			"from": [10.5, 17, 11.25],
			"to": [10.75, 17.25, 11.5],
			"rotation": {"angle": -22.5, "axis": "y", "origin": [12.5, 16.78, 13.295]},
			"faces": {
				"north": {"uv": [0, 0, 0.75, 0.25], "texture": "#6"},
				"east": {"uv": [0, 0, 0.75, 0.25], "texture": "#6"},
				"south": {"uv": [0, 0, 0.75, 0.25], "texture": "#6"},
				"west": {"uv": [0, 0, 0.75, 0.25], "texture": "#6"},
				"up": {"uv": [0, 0, 0.75, 0.25], "texture": "#6"},
				"down": {"uv": [0, 0, 0.75, 0.25], "texture": "#6"}
			}
		},
		{
			"from": [14.25, 16.75, 11],
			"to": [14.5, 17, 11.25],
			"rotation": {"angle": -22.5, "axis": "y", "origin": [12.5, 16.78, 13.295]},
			"faces": {
				"north": {"uv": [0, 0, 0.75, 0.25], "texture": "#6"},
				"east": {"uv": [0, 0, 0.75, 0.25], "texture": "#6"},
				"south": {"uv": [0, 0, 0.75, 0.25], "texture": "#6"},
				"west": {"uv": [0, 0, 0.75, 0.25], "texture": "#6"},
				"up": {"uv": [0, 0, 0.75, 0.25], "texture": "#6"},
				"down": {"uv": [0, 0, 0.75, 0.25], "texture": "#6"}
			}
		},
		{
			"from": [10.5, 16.75, 11],
			"to": [10.75, 17, 11.25],
			"rotation": {"angle": -22.5, "axis": "y", "origin": [12.5, 16.78, 13.295]},
			"faces": {
				"north": {"uv": [0, 0, 0.75, 0.25], "texture": "#6"},
				"east": {"uv": [0, 0, 0.75, 0.25], "texture": "#6"},
				"south": {"uv": [0, 0, 0.75, 0.25], "texture": "#6"},
				"west": {"uv": [0, 0, 0.75, 0.25], "texture": "#6"},
				"up": {"uv": [0, 0, 0.75, 0.25], "texture": "#6"},
				"down": {"uv": [0, 0, 0.75, 0.25], "texture": "#6"}
			}
		},
		{
			"from": [14.25, 16.5, 10.75],
			"to": [14.5, 16.75, 11],
			"rotation": {"angle": -22.5, "axis": "y", "origin": [12.5, 16.78, 13.295]},
			"faces": {
				"north": {"uv": [0, 0, 0.75, 0.25], "texture": "#6"},
				"east": {"uv": [0, 0, 0.75, 0.25], "texture": "#6"},
				"south": {"uv": [0, 0, 0.75, 0.25], "texture": "#6"},
				"west": {"uv": [0, 0, 0.75, 0.25], "texture": "#6"},
				"up": {"uv": [0, 0, 0.75, 0.25], "texture": "#6"},
				"down": {"uv": [0, 0, 0.75, 0.25], "texture": "#6"}
			}
		},
		{
			"from": [10.5, 16.5, 10.75],
			"to": [10.75, 16.75, 11],
			"rotation": {"angle": -22.5, "axis": "y", "origin": [12.5, 16.78, 13.295]},
			"faces": {
				"north": {"uv": [0, 0, 0.75, 0.25], "texture": "#6"},
				"east": {"uv": [0, 0, 0.75, 0.25], "texture": "#6"},
				"south": {"uv": [0, 0, 0.75, 0.25], "texture": "#6"},
				"west": {"uv": [0, 0, 0.75, 0.25], "texture": "#6"},
				"up": {"uv": [0, 0, 0.75, 0.25], "texture": "#6"},
				"down": {"uv": [0, 0, 0.75, 0.25], "texture": "#6"}
			}
		},
		{
			"from": [14.25, 17.25, 11.5],
			"to": [14.5, 17.5, 14],
			"rotation": {"angle": -22.5, "axis": "y", "origin": [12.5, 16.78, 13.295]},
			"faces": {
				"north": {"uv": [0, 0, 0.75, 0.25], "texture": "#6"},
				"east": {"uv": [0, 0, 0.75, 0.25], "texture": "#6"},
				"south": {"uv": [0, 0, 0.75, 0.25], "texture": "#6"},
				"west": {"uv": [0, 0, 0.75, 0.25], "texture": "#6"},
				"up": {"uv": [0, 0, 0.75, 0.25], "texture": "#6"},
				"down": {"uv": [0, 0, 0.75, 0.25], "texture": "#6"}
			}
		},
		{
			"from": [10.5, 17.25, 11.5],
			"to": [10.75, 17.5, 14],
			"rotation": {"angle": -22.5, "axis": "y", "origin": [12.5, 16.78, 13.295]},
			"faces": {
				"north": {"uv": [0, 0, 0.75, 0.25], "texture": "#6"},
				"east": {"uv": [0, 0, 0.75, 0.25], "texture": "#6"},
				"south": {"uv": [0, 0, 0.75, 0.25], "texture": "#6"},
				"west": {"uv": [0, 0, 0.75, 0.25], "texture": "#6"},
				"up": {"uv": [0, 0, 0.75, 0.25], "texture": "#6"},
				"down": {"uv": [0, 0, 0.75, 0.25], "texture": "#6"}
			}
		},
		{
			"from": [12, 16.5, 14],
			"to": [12.25, 17.25, 14.25],
			"rotation": {"angle": -22.5, "axis": "y", "origin": [12.5, 16.78, 13.295]},
			"faces": {
				"north": {"uv": [0, 0, 0.75, 0.25], "texture": "#6"},
				"east": {"uv": [0, 0, 0.75, 0.25], "texture": "#6"},
				"south": {"uv": [0, 0, 0.75, 0.25], "texture": "#6"},
				"west": {"uv": [0, 0, 0.75, 0.25], "texture": "#6"},
				"up": {"uv": [0, 0, 0.75, 0.25], "texture": "#6"},
				"down": {"uv": [0, 0, 0.75, 0.25], "texture": "#6"}
			}
		},
		{
			"from": [14.25, 16.5, 14],
			"to": [14.5, 17.25, 14.25],
			"rotation": {"angle": -22.5, "axis": "y", "origin": [12.5, 16.78, 13.295]},
			"faces": {
				"north": {"uv": [0, 0, 0.75, 0.25], "texture": "#6"},
				"east": {"uv": [0, 0, 0.75, 0.25], "texture": "#6"},
				"south": {"uv": [0, 0, 0.75, 0.25], "texture": "#6"},
				"west": {"uv": [0, 0, 0.75, 0.25], "texture": "#6"},
				"up": {"uv": [0, 0, 0.75, 0.25], "texture": "#6"},
				"down": {"uv": [0, 0, 0.75, 0.25], "texture": "#6"}
			}
		},
		{
			"from": [10.5, 16.5, 14],
			"to": [10.75, 17.25, 14.25],
			"rotation": {"angle": -22.5, "axis": "y", "origin": [12.5, 16.78, 13.295]},
			"faces": {
				"north": {"uv": [0, 0, 0.75, 0.25], "texture": "#6"},
				"east": {"uv": [0, 0, 0.75, 0.25], "texture": "#6"},
				"south": {"uv": [0, 0, 0.75, 0.25], "texture": "#6"},
				"west": {"uv": [0, 0, 0.75, 0.25], "texture": "#6"},
				"up": {"uv": [0, 0, 0.75, 0.25], "texture": "#6"},
				"down": {"uv": [0, 0, 0.75, 0.25], "texture": "#6"}
			}
		},
		{
			"from": [12.75, 16.5, 14],
			"to": [13, 17.25, 14.25],
			"rotation": {"angle": -22.5, "axis": "y", "origin": [12.5, 16.78, 13.295]},
			"faces": {
				"north": {"uv": [0, 0, 0.75, 0.25], "texture": "#6"},
				"east": {"uv": [0, 0, 0.75, 0.25], "texture": "#6"},
				"south": {"uv": [0, 0, 0.75, 0.25], "texture": "#6"},
				"west": {"uv": [0, 0, 0.75, 0.25], "texture": "#6"},
				"up": {"uv": [0, 0, 0.75, 0.25], "texture": "#6"},
				"down": {"uv": [0, 0, 0.75, 0.25], "texture": "#6"}
			}
		},
		{
			"from": [10.5, 17.25, 14],
			"to": [12.25, 17.5, 14.25],
			"rotation": {"angle": -22.5, "axis": "y", "origin": [12.5, 16.78, 13.295]},
			"faces": {
				"north": {"uv": [0, 0, 0.75, 0.25], "texture": "#6"},
				"east": {"uv": [0, 0, 0.75, 0.25], "texture": "#6"},
				"south": {"uv": [0, 0, 0.75, 0.25], "texture": "#6"},
				"west": {"uv": [0, 0, 0.75, 0.25], "texture": "#6"},
				"up": {"uv": [0, 0, 0.75, 0.25], "texture": "#6"},
				"down": {"uv": [0, 0, 0.75, 0.25], "texture": "#6"}
			}
		},
		{
			"from": [10.75, 16.5, 14.0625],
			"to": [12, 17.25, 14.1875],
			"rotation": {"angle": -22.5, "axis": "y", "origin": [12.5, 16.78, 13.295]},
			"faces": {
				"north": {"uv": [2, 2, 14.75, 8.25], "texture": "#12"},
				"east": {"uv": [2, 2, 14.75, 8.25], "texture": "#12"},
				"south": {"uv": [2, 2, 14.75, 8.25], "texture": "#12"},
				"west": {"uv": [2, 2, 14.75, 8.25], "texture": "#12"},
				"up": {"uv": [2, 2, 14.75, 8.25], "texture": "#12"},
				"down": {"uv": [2, 2, 14.75, 8.25], "texture": "#12"}
			}
		},
		{
			"from": [13, 16.5, 14.0625],
			"to": [14.25, 17.25, 14.1875],
			"rotation": {"angle": -22.5, "axis": "y", "origin": [12.5, 16.78, 13.295]},
			"faces": {
				"north": {"uv": [2, 2, 14.75, 8.25], "texture": "#12"},
				"east": {"uv": [2, 2, 14.75, 8.25], "texture": "#12"},
				"south": {"uv": [2, 2, 14.75, 8.25], "rotation": 180, "texture": "#12"},
				"west": {"uv": [2, 2, 14.75, 8.25], "texture": "#12"},
				"up": {"uv": [2, 2, 14.75, 8.25], "texture": "#12"},
				"down": {"uv": [2, 2, 14.75, 8.25], "texture": "#12"}
			}
		},
		{
			"from": [11, 16.25, 14.0625],
			"to": [11.75, 16.5, 14.1875],
			"rotation": {"angle": -22.5, "axis": "y", "origin": [12.5, 16.78, 13.295]},
			"faces": {
				"north": {"uv": [2, 8, 14.75, 14.25], "texture": "#12"},
				"east": {"uv": [2, 8, 14.75, 14.25], "texture": "#12"},
				"south": {"uv": [2, 8, 14.75, 14.25], "texture": "#12"},
				"west": {"uv": [2, 8, 14.75, 14.25], "texture": "#12"},
				"up": {"uv": [2, 5, 14.75, 11.25], "texture": "#12"},
				"down": {"uv": [2, 8, 14.75, 14.25], "texture": "#12"}
			}
		},
		{
			"from": [13.25, 16.25, 14.0625],
			"to": [14, 16.5, 14.1875],
			"rotation": {"angle": -22.5, "axis": "y", "origin": [12.5, 16.78, 13.295]},
			"faces": {
				"north": {"uv": [14.75, 6, 2, 11.25], "rotation": 180, "texture": "#12"},
				"east": {"uv": [14.75, 6, 2, 11.25], "rotation": 180, "texture": "#12"},
				"south": {"uv": [14.75, 6, 2, 11.25], "rotation": 180, "texture": "#12"},
				"west": {"uv": [14.75, 6, 2, 11.25], "rotation": 180, "texture": "#12"},
				"up": {"uv": [14.75, 6, 2, 11.25], "rotation": 180, "texture": "#12"},
				"down": {"uv": [14.75, 6, 2, 11.25], "rotation": 180, "texture": "#12"}
			}
		},
		{
			"from": [12.75, 17.25, 14],
			"to": [14.5, 17.5, 14.25],
			"rotation": {"angle": -22.5, "axis": "y", "origin": [12.5, 16.78, 13.295]},
			"faces": {
				"north": {"uv": [0, 0, 0.75, 0.25], "texture": "#6"},
				"east": {"uv": [0, 0, 0.75, 0.25], "texture": "#6"},
				"south": {"uv": [0, 0, 0.75, 0.25], "texture": "#6"},
				"west": {"uv": [0, 0, 0.75, 0.25], "texture": "#6"},
				"up": {"uv": [0, 0, 0.75, 0.25], "texture": "#6"},
				"down": {"uv": [0, 0, 0.75, 0.25], "texture": "#6"}
			}
		},
		{
			"from": [12.25, 16.75, 14],
			"to": [12.75, 17.25, 14.25],
			"rotation": {"angle": -22.5, "axis": "y", "origin": [12.5, 16.78, 13.295]},
			"faces": {
				"north": {"uv": [0, 0, 0.75, 0.25], "texture": "#6"},
				"east": {"uv": [0, 0, 0.75, 0.25], "texture": "#6"},
				"south": {"uv": [0, 0, 0.75, 0.25], "texture": "#6"},
				"west": {"uv": [0, 0, 0.75, 0.25], "texture": "#6"},
				"up": {"uv": [0, 0, 0.75, 0.25], "texture": "#6"},
				"down": {"uv": [0, 0, 0.75, 0.25], "texture": "#6"}
			}
		},
		{
			"from": [10.97222, 16, 3],
			"to": [13.22222, 16.25, 5.25],
			"rotation": {"angle": 0, "axis": "y", "origin": [9.61111, 15.55556, 9.5]},
			"faces": {
				"north": {"uv": [1, 11, 11, 13], "texture": "#13"},
				"east": {"uv": [1, 11, 11, 13], "texture": "#13"},
				"south": {"uv": [1, 11, 11, 13], "texture": "#13"},
				"west": {"uv": [1, 11, 11, 13], "texture": "#13"},
				"up": {"uv": [1, 4, 11, 14], "texture": "#13"},
				"down": {"uv": [1, 4, 11, 14], "texture": "#13"}
			}
		},
		{
			"from": [10.97222, 16.25, 5.25],
			"to": [13.22222, 16.5, 5.5],
			"rotation": {"angle": 0, "axis": "y", "origin": [12.09722, 16.375, 5.375]},
			"faces": {
				"north": {"uv": [1, 11, 11, 13], "texture": "#13"},
				"east": {"uv": [1, 4, 11, 13], "texture": "#13"},
				"south": {"uv": [1, 11, 11, 13], "texture": "#13"},
				"west": {"uv": [1, 4, 11, 13], "texture": "#13"},
				"up": {"uv": [1, 11, 11, 13], "texture": "#13"},
				"down": {"uv": [1, 11, 11, 13], "texture": "#13"}
			}
		},
		{
			"from": [10.72222, 16.25, 3],
			"to": [10.97222, 16.5, 5.25],
			"rotation": {"angle": 0, "axis": "y", "origin": [10.84722, 16.375, 4.125]},
			"faces": {
				"north": {"uv": [1, 4, 11, 13], "texture": "#13"},
				"east": {"uv": [1, 11, 11, 13], "texture": "#13"},
				"south": {"uv": [1, 4, 11, 13], "texture": "#13"},
				"west": {"uv": [1, 11, 11, 13], "texture": "#13"},
				"up": {"uv": [1, 11, 11, 13], "rotation": 270, "texture": "#13"},
				"down": {"uv": [1, 11, 11, 13], "rotation": 90, "texture": "#13"}
			}
		},
		{
			"from": [11.72222, 16.25, 3.75],
			"to": [12.47222, 16.5, 4.5],
			"rotation": {"angle": 0, "axis": "y", "origin": [12.09722, 16.375, 4.125]},
			"faces": {
				"north": {"uv": [1, 4, 11, 13], "texture": "#13"},
				"east": {"uv": [1, 11, 11, 13], "texture": "#13"},
				"south": {"uv": [1, 4, 11, 13], "texture": "#13"},
				"west": {"uv": [1, 11, 11, 13], "texture": "#13"},
				"up": {"uv": [1, 11, 11, 13], "rotation": 270, "texture": "#13"},
				"down": {"uv": [1, 11, 11, 13], "rotation": 90, "texture": "#13"}
			}
		},
		{
			"from": [11.72222, 17.25, 3.75],
			"to": [12.47222, 17.5, 4.5],
			"rotation": {"angle": 0, "axis": "y", "origin": [12.09722, 17.375, 4.125]},
			"faces": {
				"north": {"uv": [1, 4, 11, 13], "texture": "#13"},
				"east": {"uv": [1, 11, 11, 13], "texture": "#13"},
				"south": {"uv": [1, 4, 11, 13], "texture": "#13"},
				"west": {"uv": [1, 11, 11, 13], "texture": "#13"},
				"up": {"uv": [1, 11, 11, 13], "rotation": 270, "texture": "#13"},
				"down": {"uv": [1, 11, 11, 13], "rotation": 90, "texture": "#13"}
			}
		},
		{
			"from": [11.47222, 17.5, 3.5],
			"to": [12.72222, 19.75, 4.75],
			"rotation": {"angle": 0, "axis": "y", "origin": [12.09722, 17.625, 4.125]},
			"faces": {
				"north": {"uv": [1, 3, 9, 15], "texture": "#13"},
				"east": {"uv": [1, 3, 9, 15], "texture": "#13"},
				"south": {"uv": [1, 3, 9, 15], "texture": "#13"},
				"west": {"uv": [1, 3, 9, 15], "texture": "#13"},
				"up": {"uv": [1, 3, 13, 15], "texture": "#13"},
				"down": {"uv": [1, 3, 13, 15], "texture": "#13"}
			}
		},
		{
			"from": [11.47222, 20, 3.5],
			"to": [12.72222, 23, 4.75],
			"rotation": {"angle": 0, "axis": "y", "origin": [12.09722, 20.125, 4.125]},
			"faces": {
				"north": {"uv": [1, 3, 9, 15], "texture": "#14"},
				"east": {"uv": [1, 3, 9, 15], "texture": "#14"},
				"south": {"uv": [1, 3, 9, 15], "texture": "#14"},
				"west": {"uv": [1, 3, 9, 15], "texture": "#14"},
				"up": {"uv": [1, 3, 9, 15], "texture": "#14"},
				"down": {"uv": [1, 3, 9, 15], "texture": "#14"}
			}
		},
		{
			"from": [11.97222, 16.5, 4],
			"to": [12.22222, 17.25, 4.25],
			"rotation": {"angle": 0, "axis": "y", "origin": [12.09722, 16.625, 4.125]},
			"faces": {
				"north": {"uv": [1, 4, 11, 13], "texture": "#13"},
				"east": {"uv": [1, 11, 11, 13], "texture": "#13"},
				"south": {"uv": [1, 4, 11, 13], "texture": "#13"},
				"west": {"uv": [1, 11, 11, 13], "texture": "#13"},
				"up": {"uv": [1, 11, 11, 13], "rotation": 270, "texture": "#13"},
				"down": {"uv": [1, 11, 11, 13], "rotation": 90, "texture": "#13"}
			}
		},
		{
			"from": [11.97222, 23, 4],
			"to": [12.22222, 23.75, 4.25],
			"rotation": {"angle": 0, "axis": "y", "origin": [12.09722, 23.125, 4.125]},
			"faces": {
				"north": {"uv": [1, 4, 11, 13], "texture": "#6"},
				"east": {"uv": [1, 4, 11, 13], "texture": "#6"},
				"south": {"uv": [1, 4, 11, 13], "texture": "#6"},
				"west": {"uv": [1, 4, 11, 13], "texture": "#6"},
				"up": {"uv": [1, 4, 11, 13], "texture": "#6"},
				"down": {"uv": [1, 4, 11, 13], "texture": "#6"}
			}
		},
		{
			"from": [11.72222, 23.5, 3.75],
			"to": [12.47222, 24.75, 4.5],
			"rotation": {"angle": 0, "axis": "y", "origin": [12.09722, 23.625, 4.125]},
			"faces": {
				"north": {"uv": [4, 1, 12, 16], "texture": "#16"},
				"east": {"uv": [4, 1, 12, 16], "texture": "#16"},
				"south": {"uv": [4, 1, 12, 16], "texture": "#16"},
				"west": {"uv": [4, 1, 12, 16], "texture": "#16"},
				"down": {"uv": [4, 1, 12, 16], "texture": "#15"}
			}
		},
		{
			"from": [13.22222, 16.25, 3],
			"to": [13.47222, 16.5, 5.25],
			"rotation": {"angle": 0, "axis": "y", "origin": [13.34722, 16.375, 4.125]},
			"faces": {
				"north": {"uv": [1, 4, 11, 13], "texture": "#13"},
				"east": {"uv": [1, 11, 11, 13], "texture": "#13"},
				"south": {"uv": [1, 4, 11, 13], "texture": "#13"},
				"west": {"uv": [1, 11, 11, 13], "texture": "#13"},
				"up": {"uv": [1, 11, 11, 13], "rotation": 270, "texture": "#13"},
				"down": {"uv": [1, 11, 11, 13], "rotation": 90, "texture": "#13"}
			}
		},
		{
			"from": [12.72222, 19.75, 3.25],
			"to": [12.97222, 20, 5],
			"rotation": {"angle": 0, "axis": "y", "origin": [12.84722, 19.875, 4.125]},
			"faces": {
				"north": {"uv": [1, 4, 11, 13], "texture": "#13"},
				"east": {"uv": [1, 11, 11, 13], "texture": "#13"},
				"south": {"uv": [1, 4, 11, 13], "texture": "#13"},
				"west": {"uv": [1, 11, 11, 13], "texture": "#13"},
				"up": {"uv": [1, 11, 11, 13], "rotation": 270, "texture": "#13"},
				"down": {"uv": [1, 11, 11, 13], "rotation": 90, "texture": "#13"}
			}
		},
		{
			"from": [12.72222, 22.75, 4.5],
			"to": [12.97222, 23, 4.75],
			"rotation": {"angle": 0, "axis": "y", "origin": [12.84722, 22.875, 5.375]},
			"faces": {
				"north": {"uv": [0, 0, 16, 16], "texture": "#14"},
				"east": {"uv": [0, 0, 16, 16], "texture": "#14"},
				"south": {"uv": [0, 0, 16, 16], "texture": "#14"},
				"west": {"uv": [0, 0, 16, 16], "texture": "#14"},
				"up": {"uv": [0, 0, 16, 16], "texture": "#14"},
				"down": {"uv": [0, 0, 16, 16], "texture": "#14"}
			}
		},
		{
			"from": [12.47222, 20, 4.75],
			"to": [12.72222, 20.25, 5],
			"rotation": {"angle": 0, "axis": "y", "origin": [12.59722, 20.125, 5.625]},
			"faces": {
				"north": {"uv": [0, 0, 16, 16], "texture": "#14"},
				"east": {"uv": [0, 0, 16, 16], "texture": "#14"},
				"south": {"uv": [0, 0, 16, 16], "texture": "#14"},
				"west": {"uv": [0, 0, 16, 16], "texture": "#14"},
				"up": {"uv": [0, 0, 16, 16], "texture": "#14"},
				"down": {"uv": [0, 0, 16, 16], "texture": "#14"}
			}
		},
		{
			"from": [12.72222, 20, 4],
			"to": [12.97222, 20.25, 4.5],
			"rotation": {"angle": 0, "axis": "y", "origin": [12.84722, 20.125, 5.125]},
			"faces": {
				"north": {"uv": [0, 0, 16, 16], "texture": "#14"},
				"east": {"uv": [0, 0, 16, 16], "texture": "#14"},
				"south": {"uv": [0, 0, 16, 16], "texture": "#14"},
				"west": {"uv": [0, 0, 16, 16], "texture": "#14"},
				"up": {"uv": [0, 0, 16, 16], "texture": "#14"},
				"down": {"uv": [0, 0, 16, 16], "texture": "#14"}
			}
		},
		{
			"from": [12.97222, 19.75, 4.25],
			"to": [13.22222, 20.25, 4.5],
			"rotation": {"angle": 0, "axis": "y", "origin": [13.09722, 20.125, 5.125]},
			"faces": {
				"north": {"uv": [0, 0, 16, 16], "texture": "#14"},
				"east": {"uv": [0, 0, 16, 16], "texture": "#14"},
				"south": {"uv": [0, 0, 16, 16], "texture": "#14"},
				"west": {"uv": [0, 0, 16, 16], "texture": "#14"},
				"up": {"uv": [0, 0, 16, 16], "texture": "#14"},
				"down": {"uv": [0, 0, 16, 16], "texture": "#14"}
			}
		},
		{
			"from": [12.22222, 19.5, 5],
			"to": [12.47222, 20, 5.25],
			"rotation": {"angle": 0, "axis": "y", "origin": [12.34722, 19.875, 5.875]},
			"faces": {
				"north": {"uv": [0, 0, 16, 16], "texture": "#14"},
				"east": {"uv": [0, 0, 16, 16], "texture": "#14"},
				"south": {"uv": [0, 0, 16, 16], "texture": "#14"},
				"west": {"uv": [0, 0, 16, 16], "texture": "#14"},
				"up": {"uv": [0, 0, 16, 16], "texture": "#14"},
				"down": {"uv": [0, 0, 16, 16], "texture": "#14"}
			}
		},
		{
			"from": [10.97222, 19.5, 4.25],
			"to": [11.22222, 20, 4.5],
			"rotation": {"angle": 0, "axis": "y", "origin": [11.09722, 19.875, 5.125]},
			"faces": {
				"north": {"uv": [0, 0, 16, 16], "texture": "#14"},
				"east": {"uv": [0, 0, 16, 16], "texture": "#14"},
				"south": {"uv": [0, 0, 16, 16], "texture": "#14"},
				"west": {"uv": [0, 0, 16, 16], "texture": "#14"},
				"up": {"uv": [0, 0, 16, 16], "texture": "#14"},
				"down": {"uv": [0, 0, 16, 16], "texture": "#14"}
			}
		},
		{
			"from": [11.97222, 16, 4.75],
			"to": [12.22222, 16.5, 5.25],
			"rotation": {"angle": 0, "axis": "y", "origin": [12.09722, 16.375, 5.625]},
			"faces": {
				"north": {"uv": [0, 0, 16, 16], "texture": "#14"},
				"east": {"uv": [0, 0, 16, 16], "texture": "#14"},
				"south": {"uv": [0, 0, 16, 16], "texture": "#14"},
				"west": {"uv": [0, 0, 16, 16], "texture": "#14"},
				"up": {"uv": [0, 0, 16, 16], "texture": "#14"},
				"down": {"uv": [0, 0, 16, 16], "texture": "#14"}
			}
		},
		{
			"from": [10.97222, 16, 4.25],
			"to": [11.22222, 16.5, 4.5],
			"rotation": {"angle": 0, "axis": "y", "origin": [11.09722, 16.375, 5.125]},
			"faces": {
				"north": {"uv": [0, 0, 16, 16], "texture": "#14"},
				"east": {"uv": [0, 0, 16, 16], "texture": "#14"},
				"south": {"uv": [0, 0, 16, 16], "texture": "#14"},
				"west": {"uv": [0, 0, 16, 16], "texture": "#14"},
				"up": {"uv": [0, 0, 16, 16], "texture": "#14"},
				"down": {"uv": [0, 0, 16, 16], "texture": "#14"}
			}
		},
		{
			"from": [11.72222, 16, 3.25],
			"to": [12.22222, 16.5, 3.5],
			"rotation": {"angle": 0, "axis": "y", "origin": [11.84722, 16.375, 4.125]},
			"faces": {
				"north": {"uv": [0, 0, 16, 16], "texture": "#14"},
				"east": {"uv": [0, 0, 16, 16], "texture": "#14"},
				"south": {"uv": [0, 0, 16, 16], "texture": "#14"},
				"west": {"uv": [0, 0, 16, 16], "texture": "#14"},
				"up": {"uv": [0, 0, 16, 16], "texture": "#14"},
				"down": {"uv": [0, 0, 16, 16], "texture": "#14"}
			}
		},
		{
			"from": [11.72222, 16, 3],
			"to": [11.97222, 16.5, 3.25],
			"rotation": {"angle": 0, "axis": "y", "origin": [11.84722, 16.375, 3.875]},
			"faces": {
				"north": {"uv": [0, 0, 16, 16], "texture": "#14"},
				"east": {"uv": [0, 0, 16, 16], "texture": "#14"},
				"south": {"uv": [0, 0, 16, 16], "texture": "#14"},
				"west": {"uv": [0, 0, 16, 16], "texture": "#14"},
				"up": {"uv": [0, 0, 16, 16], "texture": "#14"},
				"down": {"uv": [0, 0, 16, 16], "texture": "#14"}
			}
		},
		{
			"from": [12.72222, 16, 4],
			"to": [12.97222, 16.5, 4.25],
			"rotation": {"angle": 0, "axis": "y", "origin": [12.84722, 16.375, 5.125]},
			"faces": {
				"north": {"uv": [0, 0, 16, 16], "texture": "#14"},
				"east": {"uv": [0, 0, 16, 16], "texture": "#14"},
				"south": {"uv": [0, 0, 16, 16], "texture": "#14"},
				"west": {"uv": [0, 0, 16, 16], "texture": "#14"},
				"up": {"uv": [0, 0, 16, 16], "texture": "#14"},
				"down": {"uv": [0, 0, 16, 16], "texture": "#14"}
			}
		},
		{
			"from": [11.22222, 20, 3.75],
			"to": [11.47222, 20.25, 4.25],
			"rotation": {"angle": 0, "axis": "y", "origin": [11.34722, 20.375, 4.875]},
			"faces": {
				"north": {"uv": [0, 0, 16, 16], "texture": "#14"},
				"east": {"uv": [0, 0, 16, 16], "texture": "#14"},
				"south": {"uv": [0, 0, 16, 16], "texture": "#14"},
				"west": {"uv": [0, 0, 16, 16], "texture": "#14"},
				"up": {"uv": [0, 0, 16, 16], "texture": "#14"},
				"down": {"uv": [0, 0, 16, 16], "texture": "#14"}
			}
		},
		{
			"from": [11.22222, 22.75, 4],
			"to": [11.47222, 23, 4.5],
			"rotation": {"angle": 0, "axis": "y", "origin": [11.34722, 22.875, 5.125]},
			"faces": {
				"north": {"uv": [0, 0, 16, 16], "texture": "#14"},
				"east": {"uv": [0, 0, 16, 16], "texture": "#14"},
				"south": {"uv": [0, 0, 16, 16], "texture": "#14"},
				"west": {"uv": [0, 0, 16, 16], "texture": "#14"},
				"up": {"uv": [0, 0, 16, 16], "texture": "#14"},
				"down": {"uv": [0, 0, 16, 16], "texture": "#14"}
			}
		},
		{
			"from": [11.22222, 22.25, 3.5],
			"to": [11.47222, 23, 3.75],
			"rotation": {"angle": 0, "axis": "y", "origin": [11.34722, 22.875, 4.375]},
			"faces": {
				"north": {"uv": [0, 0, 16, 16], "texture": "#14"},
				"east": {"uv": [0, 0, 16, 16], "texture": "#14"},
				"south": {"uv": [0, 0, 16, 16], "texture": "#14"},
				"west": {"uv": [0, 0, 16, 16], "texture": "#14"},
				"up": {"uv": [0, 0, 16, 16], "texture": "#14"},
				"down": {"uv": [0, 0, 16, 16], "texture": "#14"}
			}
		},
		{
			"from": [11.97222, 22.25, 4.75],
			"to": [12.22222, 23, 5],
			"rotation": {"angle": 0, "axis": "y", "origin": [12.09722, 22.875, 5.625]},
			"faces": {
				"north": {"uv": [0, 0, 16, 16], "texture": "#14"},
				"east": {"uv": [0, 0, 16, 16], "texture": "#14"},
				"south": {"uv": [0, 0, 16, 16], "texture": "#14"},
				"west": {"uv": [0, 0, 16, 16], "texture": "#14"},
				"up": {"uv": [0, 0, 16, 16], "texture": "#14"},
				"down": {"uv": [0, 0, 16, 16], "texture": "#14"}
			}
		},
		{
			"from": [12.22222, 22.75, 4.75],
			"to": [12.47222, 23, 5],
			"rotation": {"angle": 0, "axis": "y", "origin": [12.34722, 22.875, 5.625]},
			"faces": {
				"north": {"uv": [0, 0, 16, 16], "texture": "#14"},
				"east": {"uv": [0, 0, 16, 16], "texture": "#14"},
				"south": {"uv": [0, 0, 16, 16], "texture": "#14"},
				"west": {"uv": [0, 0, 16, 16], "texture": "#14"},
				"up": {"uv": [0, 0, 16, 16], "texture": "#14"},
				"down": {"uv": [0, 0, 16, 16], "texture": "#14"}
			}
		},
		{
			"from": [12.72222, 22.75, 3.5],
			"to": [12.97222, 23, 4],
			"rotation": {"angle": 0, "axis": "y", "origin": [12.84722, 22.875, 4.625]},
			"faces": {
				"north": {"uv": [0, 0, 16, 16], "texture": "#14"},
				"east": {"uv": [0, 0, 16, 16], "texture": "#14"},
				"south": {"uv": [0, 0, 16, 16], "texture": "#14"},
				"west": {"uv": [0, 0, 16, 16], "texture": "#14"},
				"up": {"uv": [0, 0, 16, 16], "texture": "#14"},
				"down": {"uv": [0, 0, 16, 16], "texture": "#14"}
			}
		},
		{
			"from": [12.72222, 22.5, 3.75],
			"to": [12.97222, 22.75, 4],
			"rotation": {"angle": 0, "axis": "y", "origin": [12.84722, 22.625, 4.625]},
			"faces": {
				"north": {"uv": [0, 0, 16, 16], "texture": "#14"},
				"east": {"uv": [0, 0, 16, 16], "texture": "#14"},
				"south": {"uv": [0, 0, 16, 16], "texture": "#14"},
				"west": {"uv": [0, 0, 16, 16], "texture": "#14"},
				"up": {"uv": [0, 0, 16, 16], "texture": "#14"},
				"down": {"uv": [0, 0, 16, 16], "texture": "#14"}
			}
		},
		{
			"from": [12.72222, 18.5, 4],
			"to": [12.97222, 19, 4.25],
			"rotation": {"angle": 0, "axis": "y", "origin": [12.84722, 18.625, 4.125]},
			"faces": {
				"north": {"uv": [1, 4, 11, 13], "texture": "#13"},
				"east": {"uv": [1, 11, 11, 13], "texture": "#13"},
				"south": {"uv": [1, 4, 11, 13], "texture": "#13"},
				"west": {"uv": [1, 11, 11, 13], "texture": "#13"},
				"up": {"uv": [1, 11, 11, 13], "rotation": 270, "texture": "#13"},
				"down": {"uv": [1, 11, 11, 13], "rotation": 90, "texture": "#13"}
			}
		},
		{
			"from": [13.47222, 18.5, 4],
			"to": [13.72222, 19, 4.25],
			"rotation": {"angle": 0, "axis": "y", "origin": [13.59722, 18.625, 4.125]},
			"faces": {
				"north": {"uv": [1, 4, 11, 13], "texture": "#13"},
				"east": {"uv": [1, 11, 11, 13], "texture": "#13"},
				"south": {"uv": [1, 4, 11, 13], "texture": "#13"},
				"west": {"uv": [1, 11, 11, 13], "texture": "#13"},
				"up": {"uv": [1, 11, 11, 13], "rotation": 270, "texture": "#13"},
				"down": {"uv": [1, 11, 11, 13], "rotation": 90, "texture": "#13"}
			}
		},
		{
			"from": [12.97222, 19, 4],
			"to": [13.47222, 19.25, 4.25],
			"rotation": {"angle": 0, "axis": "y", "origin": [13.34722, 19.125, 4.125]},
			"faces": {
				"north": {"uv": [1, 4, 11, 13], "rotation": 90, "texture": "#13"},
				"east": {"uv": [1, 11, 11, 13], "texture": "#13"},
				"south": {"uv": [1, 4, 11, 13], "rotation": 270, "texture": "#13"},
				"west": {"uv": [1, 11, 11, 13], "rotation": 180, "texture": "#13"},
				"up": {"uv": [1, 11, 11, 13], "rotation": 270, "texture": "#13"},
				"down": {"uv": [1, 11, 11, 13], "rotation": 270, "texture": "#13"}
			}
		},
		{
			"from": [12.97222, 18.25, 4],
			"to": [13.47222, 18.5, 4.25],
			"rotation": {"angle": 0, "axis": "y", "origin": [13.34722, 18.375, 4.125]},
			"faces": {
				"north": {"uv": [1, 4, 11, 13], "rotation": 90, "texture": "#13"},
				"east": {"uv": [1, 11, 11, 13], "texture": "#13"},
				"south": {"uv": [1, 4, 11, 13], "rotation": 270, "texture": "#13"},
				"west": {"uv": [1, 11, 11, 13], "rotation": 180, "texture": "#13"},
				"up": {"uv": [1, 11, 11, 13], "rotation": 270, "texture": "#13"},
				"down": {"uv": [1, 11, 11, 13], "rotation": 270, "texture": "#13"}
			}
		},
		{
			"from": [11.22222, 19.75, 3.25],
			"to": [11.47222, 20, 5],
			"rotation": {"angle": 0, "axis": "y", "origin": [11.34722, 19.875, 4.125]},
			"faces": {
				"north": {"uv": [1, 4, 11, 13], "texture": "#13"},
				"east": {"uv": [1, 11, 11, 13], "texture": "#13"},
				"south": {"uv": [1, 4, 11, 13], "texture": "#13"},
				"west": {"uv": [1, 11, 11, 13], "texture": "#13"},
				"up": {"uv": [1, 11, 11, 13], "rotation": 270, "texture": "#13"},
				"down": {"uv": [1, 11, 11, 13], "rotation": 90, "texture": "#13"}
			}
		},
		{
			"from": [11.47222, 19.75, 3.25],
			"to": [12.72222, 20, 3.5],
			"rotation": {"angle": 0, "axis": "y", "origin": [12.09722, 19.875, 3.375]},
			"faces": {
				"north": {"uv": [1, 11, 11, 13], "texture": "#13"},
				"east": {"uv": [1, 4, 11, 13], "texture": "#13"},
				"south": {"uv": [1, 11, 11, 13], "texture": "#13"},
				"west": {"uv": [1, 4, 11, 13], "texture": "#13"},
				"up": {"uv": [1, 11, 11, 13], "rotation": 180, "texture": "#13"},
				"down": {"uv": [1, 11, 11, 13], "rotation": 180, "texture": "#13"}
			}
		},
		{
			"from": [11.47222, 19.75, 4.75],
			"to": [12.72222, 20, 5],
			"rotation": {"angle": 0, "axis": "y", "origin": [12.09722, 19.875, 4.875]},
			"faces": {
				"north": {"uv": [1, 11, 11, 13], "texture": "#13"},
				"east": {"uv": [1, 4, 11, 13], "texture": "#13"},
				"south": {"uv": [1, 11, 11, 13], "texture": "#13"},
				"west": {"uv": [1, 4, 11, 13], "texture": "#13"},
				"up": {"uv": [1, 11, 11, 13], "rotation": 180, "texture": "#13"},
				"down": {"uv": [1, 11, 11, 13], "rotation": 180, "texture": "#13"}
			}
		},
		{
			"from": [10.97222, 16.25, 2.75],
			"to": [13.22222, 16.5, 3],
			"rotation": {"angle": 0, "axis": "y", "origin": [9.61111, 15.80556, 9.25]},
			"faces": {
				"north": {"uv": [1, 11, 11, 13], "texture": "#13"},
				"east": {"uv": [1, 4, 11, 13], "texture": "#13"},
				"south": {"uv": [1, 11, 11, 13], "texture": "#13"},
				"west": {"uv": [1, 4, 11, 13], "texture": "#13"},
				"up": {"uv": [1, 11, 11, 13], "texture": "#13"},
				"down": {"uv": [1, 11, 11, 13], "texture": "#13"}
			}
		}
	],
	"groups": [
		{
			"name": "group",
			"origin": [8, 8, 8],
			"children": [0, 1, 2, 3, 4, 5, 6, 7, 8, 9, 10, 11, 12, 13, 14, 15, 16, 17, 18, 19, 20, 21, 22, 23, 24, 25, 26, 27, 28, 29, 30, 31, 32, 33, 34, 35]
		}, 36, 37, 38, 39, 40, 41, 42, 43, 44, 45, 46, 47, 48, 49, 50, 51, 52, 53, 54, 55, 56, 57, 58, 59, 60, 61, 62, 63, 64, 65, 66, 67, 68, 69, 70, 71, 72, 73]
}