{
	"credit": "Made with Blockbench",
	"textures": {
		"0": "block/cake_inner",
		"2": "block/cake_side",
		"3": "block/cake_top",
		"4": "block/white_concrete",
		"5": "block/pink_concrete",
		"6": "block/red_concrete",
		"7": "block/fire_0",
		"particle": "block/cake_inner"
	},
	"elements": [
		{
			"from": [7.5, 0, 7.5],
			"to": [8.5, 4, 8.5],
			"rotation": {"angle": 0, "axis": "y", "origin": [15.5, 8, 15.5]},
			"faces": {
				"north": {"uv": [0, 0, 1, 1], "texture": "#4"},
				"east": {"uv": [0, 0, 1, 1], "texture": "#4"},
				"south": {"uv": [0, 0, 1, 1], "texture": "#4"},
				"west": {"uv": [0, 0, 1, 1], "texture": "#4"},
				"up": {"uv": [0, 0, 1, 1], "texture": "#4"},
				"down": {"uv": [0, 0, 1, 1], "texture": "#4"}
			}
		},
		{
			"from": [7.5, 3, 7.25],
			"to": [8.5, 3.25, 7.5],
			"rotation": {"angle": 0, "axis": "y", "origin": [15.5, 8.5, 14.5]},
			"faces": {
				"north": {"uv": [0, 0, 1, 1], "texture": "#5"},
				"east": {"uv": [0, 0, 1, 1], "texture": "#5"},
				"south": {"uv": [0, 0, 1, 1], "texture": "#5"},
				"west": {"uv": [0, 0, 1, 1], "texture": "#5"},
				"up": {"uv": [0, 0, 1, 1], "texture": "#5"},
				"down": {"uv": [0, 0, 1, 1], "texture": "#5"}
			}
		},
		{
			"from": [8.5, 3, 7.25],
			"to": [8.75, 3.25, 8.75],
			"rotation": {"angle": 0, "axis": "y", "origin": [8.625, 3.125, 7.75]},
			"faces": {
				"north": {"uv": [0, 0, 1, 1], "texture": "#5"},
				"east": {"uv": [0, 0, 1, 1], "texture": "#5"},
				"south": {"uv": [0, 0, 1, 1], "texture": "#5"},
				"west": {"uv": [0, 0, 1, 1], "texture": "#5"},
				"up": {"uv": [0, 0, 1, 1], "texture": "#5"},
				"down": {"uv": [0, 0, 1, 1], "texture": "#5"}
			}
		},
		{
			"from": [7.25, 3, 7.25],
			"to": [7.5, 3.25, 8.75],
			"rotation": {"angle": 0, "axis": "y", "origin": [7.375, 3.125, 7.75]},
			"faces": {
				"north": {"uv": [0, 0, 1, 1], "texture": "#5"},
				"east": {"uv": [0, 0, 1, 1], "texture": "#5"},
				"south": {"uv": [0, 0, 1, 1], "texture": "#5"},
				"west": {"uv": [0, 0, 1, 1], "texture": "#5"},
				"up": {"uv": [0, 0, 1, 1], "texture": "#5"},
				"down": {"uv": [0, 0, 1, 1], "texture": "#5"}
			}
		},
		{
			"from": [7.5, 3, 8.5],
			"to": [8.5, 3.25, 8.75],
			"rotation": {"angle": 0, "axis": "y", "origin": [15.5, 8.5, 15.75]},
			"faces": {
				"north": {"uv": [0, 0, 1, 1], "texture": "#5"},
				"east": {"uv": [0, 0, 1, 1], "texture": "#5"},
				"south": {"uv": [0, 0, 1, 1], "texture": "#5"},
				"west": {"uv": [0, 0, 1, 1], "texture": "#5"},
				"up": {"uv": [0, 0, 1, 1], "texture": "#5"},
				"down": {"uv": [0, 0, 1, 1], "texture": "#5"}
			}
		},
		{
			"from": [3.5, 4, 3.5],
			"to": [12.5, 4.75, 12.5],
			"rotation": {"angle": 0, "axis": "y", "origin": [15.5, 12, 15.5]},
			"faces": {
				"north": {"uv": [0, 0, 1, 1], "texture": "#4"},
				"east": {"uv": [0, 0, 1, 1], "texture": "#4"},
				"south": {"uv": [0, 0, 1, 1], "texture": "#4"},
				"west": {"uv": [0, 0, 1, 1], "texture": "#4"},
				"up": {"uv": [0, 0, 1, 1], "texture": "#4"},
				"down": {"uv": [0, 0, 1, 1], "texture": "#4"}
			}
		},
		{
			"from": [4.5, 4.75, 4.5],
			"to": [8.5, 7.5, 11.5],
			"rotation": {"angle": 0, "axis": "y", "origin": [8, 6.125, 8]},
			"faces": {
				"north": {"uv": [5, 8, 15, 16], "texture": "#2"},
				"east": {"uv": [1, 8, 14, 16], "texture": "#0"},
				"south": {"uv": [1, 8, 9, 16], "texture": "#2"},
				"west": {"uv": [1, 8, 15, 16], "texture": "#2"},
				"up": {"uv": [1, 1, 10, 15], "texture": "#3"},
				"down": {"uv": [1, 8, 15, 16], "texture": "#2"}
			}
		},
		{
			"from": [8.5, 4.75, 4.5],
			"to": [11.5, 7.5, 8.5],
			"rotation": {"angle": 0, "axis": "y", "origin": [12, 6.125, 8]},
			"faces": {
				"north": {"uv": [1, 8, 5, 16], "texture": "#2"},
				"east": {"uv": [8, 8, 15, 16], "texture": "#2"},
				"south": {"uv": [3, 8, 15, 16], "texture": "#0"},
				"west": {"uv": [1, 8, 15, 16], "texture": "#2"},
				"up": {"uv": [10, 1, 15, 10], "texture": "#3"},
				"down": {"uv": [1, 8, 15, 16], "texture": "#2"}
			}
		},
		{
			"from": [3.5, 4, 12.5],
			"to": [12.5, 4.75, 13.5],
			"rotation": {"angle": 0, "axis": "y", "origin": [15.5, 12, 24.5]},
			"faces": {
				"north": {"uv": [0, 0, 1, 1], "texture": "#4"},
				"east": {"uv": [0, 0, 1, 1], "texture": "#4"},
				"south": {"uv": [0, 0, 1, 1], "texture": "#4"},
				"west": {"uv": [0, 0, 1, 1], "texture": "#4"},
				"up": {"uv": [0, 0, 1, 1], "texture": "#4"},
				"down": {"uv": [0, 0, 1, 1], "texture": "#4"}
			}
		},
		{
			"from": [3.5, 4, 2.5],
			"to": [12.5, 4.75, 3.5],
			"rotation": {"angle": 0, "axis": "y", "origin": [15.5, 12, 14.5]},
			"faces": {
				"north": {"uv": [0, 0, 1, 1], "texture": "#4"},
				"east": {"uv": [0, 0, 1, 1], "texture": "#4"},
				"south": {"uv": [0, 0, 1, 1], "texture": "#4"},
				"west": {"uv": [0, 0, 1, 1], "texture": "#4"},
				"up": {"uv": [0, 0, 1, 1], "texture": "#4"},
				"down": {"uv": [0, 0, 1, 1], "texture": "#4"}
			}
		},
		{
			"from": [3.5, 4.75, 2.5],
			"to": [12.5, 5, 2.75],
			"rotation": {"angle": 0, "axis": "y", "origin": [15.5, 12.75, 14.5]},
			"faces": {
				"north": {"uv": [0, 0, 1, 1], "texture": "#4"},
				"east": {"uv": [0, 0, 1, 1], "texture": "#4"},
				"south": {"uv": [0, 0, 1, 1], "texture": "#4"},
				"west": {"uv": [0, 0, 1, 1], "texture": "#4"},
				"up": {"uv": [0, 0, 1, 1], "texture": "#4"},
				"down": {"uv": [0, 0, 1, 1], "texture": "#4"}
			}
		},
		{
			"from": [12.25, 4.75, 3.5],
			"to": [13.25, 5, 3.75],
			"rotation": {"angle": 0, "axis": "y", "origin": [23.75, 12.75, 15.5]},
			"faces": {
				"north": {"uv": [0, 0, 1, 1], "texture": "#4"},
				"east": {"uv": [0, 0, 1, 1], "texture": "#4"},
				"south": {"uv": [0, 0, 1, 1], "texture": "#4"},
				"west": {"uv": [0, 0, 1, 1], "texture": "#4"},
				"up": {"uv": [0, 0, 1, 1], "texture": "#4"},
				"down": {"uv": [0, 0, 1, 1], "texture": "#4"}
			}
		},
		{
			"from": [12.25, 4.75, 12.25],
			"to": [13.25, 5, 12.5],
			"rotation": {"angle": 0, "axis": "y", "origin": [23.75, 12.75, 24.25]},
			"faces": {
				"north": {"uv": [0, 0, 1, 1], "texture": "#4"},
				"east": {"uv": [0, 0, 1, 1], "texture": "#4"},
				"south": {"uv": [0, 0, 1, 1], "texture": "#4"},
				"west": {"uv": [0, 0, 1, 1], "texture": "#4"},
				"up": {"uv": [0, 0, 1, 1], "texture": "#4"},
				"down": {"uv": [0, 0, 1, 1], "texture": "#4"}
			}
		},
		{
			"from": [2.75, 4.75, 12.25],
			"to": [3.75, 5, 12.5],
			"rotation": {"angle": 0, "axis": "y", "origin": [14.25, 12.75, 24.25]},
			"faces": {
				"north": {"uv": [0, 0, 1, 1], "texture": "#4"},
				"east": {"uv": [0, 0, 1, 1], "texture": "#4"},
				"south": {"uv": [0, 0, 1, 1], "texture": "#4"},
				"west": {"uv": [0, 0, 1, 1], "texture": "#4"},
				"up": {"uv": [0, 0, 1, 1], "texture": "#4"},
				"down": {"uv": [0, 0, 1, 1], "texture": "#4"}
			}
		},
		{
			"from": [2.75, 4.75, 3.5],
			"to": [3.75, 5, 3.75],
			"rotation": {"angle": 0, "axis": "y", "origin": [14.25, 12.75, 15.5]},
			"faces": {
				"north": {"uv": [0, 0, 1, 1], "texture": "#4"},
				"east": {"uv": [0, 0, 1, 1], "texture": "#4"},
				"south": {"uv": [0, 0, 1, 1], "texture": "#4"},
				"west": {"uv": [0, 0, 1, 1], "texture": "#4"},
				"up": {"uv": [0, 0, 1, 1], "texture": "#4"},
				"down": {"uv": [0, 0, 1, 1], "texture": "#4"}
			}
		},
		{
			"from": [3.5, 4.75, 13.25],
			"to": [12.5, 5, 13.5],
			"rotation": {"angle": 0, "axis": "y", "origin": [15.5, 12.75, 25.25]},
			"faces": {
				"north": {"uv": [0, 0, 1, 1], "texture": "#4"},
				"east": {"uv": [0, 0, 1, 1], "texture": "#4"},
				"south": {"uv": [0, 0, 1, 1], "texture": "#4"},
				"west": {"uv": [0, 0, 1, 1], "texture": "#4"},
				"up": {"uv": [0, 0, 1, 1], "texture": "#4"},
				"down": {"uv": [0, 0, 1, 1], "texture": "#4"}
			}
		},
		{
			"from": [2.5, 4.75, 3.5],
			"to": [2.75, 5, 12.5],
			"rotation": {"angle": 0, "axis": "y", "origin": [2.625, 5, 8]},
			"faces": {
				"north": {"uv": [0, 0, 1, 1], "texture": "#4"},
				"east": {"uv": [0, 0, 1, 1], "texture": "#4"},
				"south": {"uv": [0, 0, 1, 1], "texture": "#4"},
				"west": {"uv": [0, 0, 1, 1], "texture": "#4"},
				"up": {"uv": [0, 0, 1, 1], "rotation": 270, "texture": "#4"},
				"down": {"uv": [0, 0, 1, 1], "rotation": 90, "texture": "#4"}
			}
		},
		{
			"from": [13.25, 4.75, 3.5],
			"to": [13.5, 5, 12.5],
			"rotation": {"angle": 0, "axis": "y", "origin": [13.375, 5, 8]},
			"faces": {
				"north": {"uv": [0, 0, 1, 1], "texture": "#4"},
				"east": {"uv": [0, 0, 1, 1], "texture": "#4"},
				"south": {"uv": [0, 0, 1, 1], "texture": "#4"},
				"west": {"uv": [0, 0, 1, 1], "texture": "#4"},
				"up": {"uv": [0, 0, 1, 1], "rotation": 270, "texture": "#4"},
				"down": {"uv": [0, 0, 1, 1], "rotation": 90, "texture": "#4"}
			}
		},
		{
			"from": [12.25, 4.75, 2.75],
			"to": [12.5, 5, 3.5],
			"rotation": {"angle": 0, "axis": "y", "origin": [12.375, 5, 7.25]},
			"faces": {
				"north": {"uv": [0, 0, 1, 1], "texture": "#4"},
				"east": {"uv": [0, 0, 1, 1], "texture": "#4"},
				"south": {"uv": [0, 0, 1, 1], "texture": "#4"},
				"west": {"uv": [0, 0, 1, 1], "texture": "#4"},
				"up": {"uv": [0, 0, 1, 1], "rotation": 270, "texture": "#4"},
				"down": {"uv": [0, 0, 1, 1], "rotation": 90, "texture": "#4"}
			}
		},
		{
			"from": [3.5, 4.75, 2.75],
			"to": [3.75, 5, 3.5],
			"rotation": {"angle": 0, "axis": "y", "origin": [3.625, 5, 7.25]},
			"faces": {
				"north": {"uv": [0, 0, 1, 1], "texture": "#4"},
				"east": {"uv": [0, 0, 1, 1], "texture": "#4"},
				"south": {"uv": [0, 0, 1, 1], "texture": "#4"},
				"west": {"uv": [0, 0, 1, 1], "texture": "#4"},
				"up": {"uv": [0, 0, 1, 1], "rotation": 270, "texture": "#4"},
				"down": {"uv": [0, 0, 1, 1], "rotation": 90, "texture": "#4"}
			}
		},
		{
			"from": [3.5, 4.75, 12.5],
			"to": [3.75, 5, 13.25],
			"rotation": {"angle": 0, "axis": "y", "origin": [3.625, 5, 17]},
			"faces": {
				"north": {"uv": [0, 0, 1, 1], "texture": "#4"},
				"east": {"uv": [0, 0, 1, 1], "texture": "#4"},
				"south": {"uv": [0, 0, 1, 1], "texture": "#4"},
				"west": {"uv": [0, 0, 1, 1], "texture": "#4"},
				"up": {"uv": [0, 0, 1, 1], "rotation": 270, "texture": "#4"},
				"down": {"uv": [0, 0, 1, 1], "rotation": 90, "texture": "#4"}
			}
		},
		{
			"from": [12.25, 4.75, 12.5],
			"to": [12.5, 5, 13.25],
			"rotation": {"angle": 0, "axis": "y", "origin": [12.375, 5, 17]},
			"faces": {
				"north": {"uv": [0, 0, 1, 1], "texture": "#4"},
				"east": {"uv": [0, 0, 1, 1], "texture": "#4"},
				"south": {"uv": [0, 0, 1, 1], "texture": "#4"},
				"west": {"uv": [0, 0, 1, 1], "texture": "#4"},
				"up": {"uv": [0, 0, 1, 1], "rotation": 270, "texture": "#4"},
				"down": {"uv": [0, 0, 1, 1], "rotation": 90, "texture": "#4"}
			}
		},
		{
			"from": [12.5, 4, 3.5],
			"to": [13.5, 4.75, 12.5],
			"rotation": {"angle": 0, "axis": "y", "origin": [13, 4.375, 8]},
			"faces": {
				"north": {"uv": [0, 0, 1, 1], "texture": "#4"},
				"east": {"uv": [0, 0, 1, 1], "texture": "#4"},
				"south": {"uv": [0, 0, 1, 1], "texture": "#4"},
				"west": {"uv": [0, 0, 1, 1], "texture": "#4"},
				"up": {"uv": [0, 0, 1, 1], "rotation": 270, "texture": "#4"},
				"down": {"uv": [0, 0, 1, 1], "rotation": 90, "texture": "#4"}
			}
		},
		{
			"from": [2.5, 4, 3.5],
			"to": [3.5, 4.75, 12.5],
			"rotation": {"angle": 0, "axis": "y", "origin": [3, 4.375, 8]},
			"faces": {
				"north": {"uv": [0, 0, 1, 1], "texture": "#4"},
				"east": {"uv": [0, 0, 1, 1], "texture": "#4"},
				"south": {"uv": [0, 0, 1, 1], "texture": "#4"},
				"west": {"uv": [0, 0, 1, 1], "texture": "#4"},
				"up": {"uv": [0, 0, 1, 1], "rotation": 270, "texture": "#4"},
				"down": {"uv": [0, 0, 1, 1], "rotation": 90, "texture": "#4"}
			}
		},
		{
			"from": [7.5, 0, 8.5],
			"to": [8.5, 2, 9.5],
			"rotation": {"angle": 0, "axis": "y", "origin": [15.5, 8, 16.5]},
			"faces": {
				"north": {"uv": [0, 0, 1, 1], "texture": "#5"},
				"east": {"uv": [0, 0, 1, 1], "texture": "#5"},
				"south": {"uv": [0, 0, 1, 1], "texture": "#5"},
				"west": {"uv": [0, 0, 1, 1], "texture": "#5"},
				"up": {"uv": [0, 0, 1, 1], "texture": "#5"},
				"down": {"uv": [0, 0, 1, 1], "texture": "#5"}
			}
		},
		{
			"from": [7.5, 0, 6.5],
			"to": [8.5, 2, 7.5],
			"rotation": {"angle": 0, "axis": "y", "origin": [15.5, 8, 14.5]},
			"faces": {
				"north": {"uv": [0, 0, 16, 16], "texture": "#5"},
				"east": {"uv": [0, 0, 16, 16], "texture": "#5"},
				"south": {"uv": [0, 0, 16, 16], "texture": "#5"},
				"west": {"uv": [0, 0, 16, 16], "texture": "#5"},
				"up": {"uv": [0, 0, 16, 16], "texture": "#5"},
				"down": {"uv": [0, 0, 16, 16], "texture": "#5"}
			}
		},
		{
			"from": [8.5, 0, 7.5],
			"to": [9.5, 2, 8.5],
			"rotation": {"angle": 0, "axis": "y", "origin": [16.5, 8, 15.5]},
			"faces": {
				"north": {"uv": [0, 0, 1, 1], "texture": "#5"},
				"east": {"uv": [0, 0, 1, 1], "texture": "#5"},
				"south": {"uv": [0, 0, 1, 1], "texture": "#5"},
				"west": {"uv": [0, 0, 1, 1], "texture": "#5"},
				"up": {"uv": [0, 0, 1, 1], "texture": "#5"},
				"down": {"uv": [0, 0, 1, 1], "texture": "#5"}
			}
		},
		{
			"from": [9.5, 0, 7.5],
			"to": [10.5, 1, 8.5],
			"rotation": {"angle": 0, "axis": "y", "origin": [17.5, 8, 15.5]},
			"faces": {
				"north": {"uv": [0, 0, 1, 1], "texture": "#4"},
				"east": {"uv": [0, 0, 1, 1], "texture": "#4"},
				"south": {"uv": [0, 0, 1, 1], "texture": "#4"},
				"west": {"uv": [0, 0, 1, 1], "texture": "#4"},
				"up": {"uv": [0, 0, 1, 1], "texture": "#4"},
				"down": {"uv": [0, 0, 1, 1], "texture": "#4"}
			}
		},
		{
			"from": [5.5, 0, 7.5],
			"to": [6.5, 1, 8.5],
			"rotation": {"angle": 0, "axis": "y", "origin": [13.5, 8, 15.5]},
			"faces": {
				"north": {"uv": [0, 0, 1, 1], "texture": "#4"},
				"east": {"uv": [0, 0, 1, 1], "texture": "#4"},
				"south": {"uv": [0, 0, 1, 1], "texture": "#4"},
				"west": {"uv": [0, 0, 1, 1], "texture": "#4"},
				"up": {"uv": [0, 0, 1, 1], "texture": "#4"},
				"down": {"uv": [0, 0, 1, 1], "texture": "#4"}
			}
		},
		{
			"from": [6.5, 0, 6.5],
			"to": [7.5, 1, 7.5],
			"rotation": {"angle": 0, "axis": "y", "origin": [14.5, 8, 14.5]},
			"faces": {
				"north": {"uv": [0, 0, 1, 1], "texture": "#4"},
				"east": {"uv": [0, 0, 1, 1], "texture": "#4"},
				"south": {"uv": [0, 0, 1, 1], "texture": "#4"},
				"west": {"uv": [0, 0, 1, 1], "texture": "#4"},
				"up": {"uv": [0, 0, 1, 1], "texture": "#4"},
				"down": {"uv": [0, 0, 1, 1], "texture": "#4"}
			}
		},
		{
			"from": [6.5, 0, 8.5],
			"to": [7.5, 1, 9.5],
			"rotation": {"angle": 0, "axis": "y", "origin": [14.5, 8, 16.5]},
			"faces": {
				"north": {"uv": [0, 0, 1, 1], "texture": "#4"},
				"east": {"uv": [0, 0, 1, 1], "texture": "#4"},
				"south": {"uv": [0, 0, 1, 1], "texture": "#4"},
				"west": {"uv": [0, 0, 1, 1], "texture": "#4"},
				"up": {"uv": [0, 0, 1, 1], "texture": "#4"},
				"down": {"uv": [0, 0, 1, 1], "texture": "#4"}
			}
		},
		{
			"from": [8.5, 0, 8.5],
			"to": [9.5, 1, 9.5],
			"rotation": {"angle": 0, "axis": "y", "origin": [16.5, 8, 16.5]},
			"faces": {
				"north": {"uv": [0, 0, 1, 1], "texture": "#4"},
				"east": {"uv": [0, 0, 1, 1], "texture": "#4"},
				"south": {"uv": [0, 0, 1, 1], "texture": "#4"},
				"west": {"uv": [0, 0, 1, 1], "texture": "#4"},
				"up": {"uv": [0, 0, 1, 1], "texture": "#4"},
				"down": {"uv": [0, 0, 1, 1], "texture": "#4"}
			}
		},
		{
			"from": [8.5, 0, 6.5],
			"to": [9.5, 1, 7.5],
			"rotation": {"angle": 0, "axis": "y", "origin": [16.5, 8, 14.5]},
			"faces": {
				"north": {"uv": [0, 0, 1, 1], "texture": "#4"},
				"east": {"uv": [0, 0, 1, 1], "texture": "#4"},
				"south": {"uv": [0, 0, 1, 1], "texture": "#4"},
				"west": {"uv": [0, 0, 1, 1], "texture": "#4"},
				"up": {"uv": [0, 0, 1, 1], "texture": "#4"},
				"down": {"uv": [0, 0, 1, 1], "texture": "#4"}
			}
		},
		{
			"from": [7.5, 0, 9.5],
			"to": [8.5, 1, 10.5],
			"rotation": {"angle": 0, "axis": "y", "origin": [15.5, 8, 17.5]},
			"faces": {
				"north": {"uv": [0, 0, 1, 1], "texture": "#4"},
				"east": {"uv": [0, 0, 1, 1], "texture": "#4"},
				"south": {"uv": [0, 0, 1, 1], "texture": "#4"},
				"west": {"uv": [0, 0, 1, 1], "texture": "#4"},
				"up": {"uv": [0, 0, 1, 1], "texture": "#4"},
				"down": {"uv": [0, 0, 1, 1], "texture": "#4"}
			}
		},
		{
			"from": [7.5, 0, 5.5],
			"to": [8.5, 1, 6.5],
			"rotation": {"angle": 0, "axis": "y", "origin": [15.5, 8, 13.5]},
			"faces": {
				"north": {"uv": [0, 0, 1, 1], "texture": "#4"},
				"east": {"uv": [0, 0, 1, 1], "texture": "#4"},
				"south": {"uv": [0, 0, 1, 1], "texture": "#4"},
				"west": {"uv": [0, 0, 1, 1], "texture": "#4"},
				"up": {"uv": [0, 0, 1, 1], "texture": "#4"},
				"down": {"uv": [0, 0, 1, 1], "texture": "#4"}
			}
		},
		{
			"from": [6.5, 0, 7.5],
			"to": [7.5, 2, 8.5],
			"rotation": {"angle": 0, "axis": "y", "origin": [14.5, 8, 15.5]},
			"faces": {
				"north": {"uv": [0, 0, 1, 1], "texture": "#5"},
				"east": {"uv": [0, 0, 1, 1], "texture": "#5"},
				"south": {"uv": [0, 0, 1, 1], "texture": "#5"},
				"west": {"uv": [0, 0, 1, 1], "texture": "#5"},
				"up": {"uv": [0, 0, 1, 1], "texture": "#5"},
				"down": {"uv": [0, 0, 1, 1], "texture": "#5"}
			}
		},
		{
			"from": [7.75, 7.5, 5.5],
			"to": [8.25, 8.5, 6],
			"rotation": {"angle": 0, "axis": "y", "origin": [15.75, 15.5, 13.5]},
			"faces": {
				"north": {"uv": [0, 0, 0.5, 1], "texture": "#6"},
				"east": {"uv": [0, 0, 0.5, 1], "texture": "#6"},
				"south": {"uv": [0, 0, 0.5, 1], "texture": "#6"},
				"west": {"uv": [0, 0, 0.5, 1], "texture": "#6"},
				"up": {"uv": [0, 0, 0.5, 1], "texture": "#6"},
				"down": {"uv": [0, 0, 0.5, 1], "texture": "#6"}
			}
		},
		{
			"from": [10, 7.25, 7],
			"to": [10.5, 8.5, 7.5],
			"rotation": {"angle": -22.5, "axis": "x", "origin": [10.25, 8.375, 7.25]},
			"faces": {
				"north": {"uv": [0, 0, 0.5, 1], "texture": "#5"},
				"east": {"uv": [0, 0, 0.5, 1], "texture": "#5"},
				"south": {"uv": [0, 0, 0.5, 1], "texture": "#5"},
				"west": {"uv": [0, 0, 0.5, 1], "texture": "#5"},
				"up": {"uv": [0, 0, 0.5, 1], "texture": "#5"},
				"down": {"uv": [0, 0, 0.5, 1], "texture": "#5"}
			}
		},
		{
			"from": [5.75, 7.5, 7.5],
			"to": [6.25, 8.5, 8],
			"rotation": {"angle": 0, "axis": "y", "origin": [13.75, 15.5, 15.5]},
			"faces": {
				"north": {"uv": [0, 0, 0.5, 1], "texture": "#5"},
				"east": {"uv": [0, 0, 0.5, 1], "texture": "#5"},
				"south": {"uv": [0, 0, 0.5, 1], "texture": "#5"},
				"west": {"uv": [0, 0, 0.5, 1], "texture": "#5"},
				"up": {"uv": [0, 0, 0.5, 1], "texture": "#5"},
				"down": {"uv": [0, 0, 0.5, 1], "texture": "#5"}
			}
		},
		{
			"from": [6.75, 7.5, 10],
			"to": [7.25, 8.5, 10.5],
			"rotation": {"angle": 0, "axis": "y", "origin": [14.75, 15.5, 18]},
			"faces": {
				"north": {"uv": [0, 0, 0.5, 1], "texture": "#6"},
				"east": {"uv": [0, 0, 0.5, 1], "texture": "#6"},
				"south": {"uv": [0, 0, 0.5, 1], "texture": "#6"},
				"west": {"uv": [0, 0, 0.5, 1], "texture": "#6"},
				"up": {"uv": [0, 0, 0.5, 1], "texture": "#6"},
				"down": {"uv": [0, 0, 0.5, 1], "texture": "#6"}
			}
		},
		{
			"from": [7.75, 8.5, 5.5],
			"to": [8.25, 9, 6],
			"rotation": {"angle": 0, "axis": "y", "origin": [15.75, 16.5, 13.5]},
			"faces": {
				"north": {"uv": [4, 3, 11.5, 16], "texture": "#7"},
				"east": {"uv": [4, 3, 11.5, 16], "texture": "#7"},
				"south": {"uv": [4, 3, 11.5, 16], "texture": "#7"},
				"west": {"uv": [4, 3, 11.5, 16], "texture": "#7"},
				"down": {"uv": [0, 0, 15.5, 16], "texture": "#6"}
			}
		},
		{
			"from": [10, 8.4375, 6.9375],
			"to": [10.5, 9.0625, 7.4375],
			"rotation": {"angle": -22.5, "axis": "x", "origin": [10.25, 8.5625, 7.1875]},
			"faces": {
				"north": {"uv": [4, 3, 11.5, 16], "texture": "#7"},
				"east": {"uv": [4, 3, 11.5, 16], "texture": "#7"},
				"south": {"uv": [4, 3, 11.5, 16], "texture": "#7"},
				"west": {"uv": [4, 3, 11.5, 16], "texture": "#7"},
				"down": {"uv": [0, 0, 15.5, 16], "texture": "#6"}
			}
		},
		{
			"from": [5.75, 8.5, 7.5],
			"to": [6.25, 9, 8],
			"rotation": {"angle": 0, "axis": "y", "origin": [13.75, 16.5, 15.5]},
			"faces": {
				"north": {"uv": [4, 3, 11.5, 16], "texture": "#7"},
				"east": {"uv": [4, 3, 11.5, 16], "texture": "#7"},
				"south": {"uv": [4, 3, 11.5, 16], "texture": "#7"},
				"west": {"uv": [4, 3, 11.5, 16], "texture": "#7"},
				"down": {"uv": [0, 0, 15.5, 16], "texture": "#6"}
			}
		},
		{
			"from": [6.75, 8.5, 10],
			"to": [7.25, 9, 10.5],
			"rotation": {"angle": 0, "axis": "y", "origin": [14.75, 16.5, 18]},
			"faces": {
				"north": {"uv": [4, 3, 11.5, 16], "texture": "#7"},
				"east": {"uv": [4, 3, 11.5, 16], "texture": "#7"},
				"south": {"uv": [4, 3, 11.5, 16], "texture": "#7"},
				"west": {"uv": [4, 3, 11.5, 16], "texture": "#7"},
				"down": {"uv": [0, 0, 15.5, 16], "texture": "#6"}
			}
		},
		{
			"from": [10.5, 4.75, 9],
			"to": [11, 5.25, 9.5],
			"rotation": {"angle": 0, "axis": "y", "origin": [18, 12.75, 17]},
			"faces": {
				"north": {"uv": [5, 9, 5.5, 9.5], "texture": "#0"},
				"east": {"uv": [5, 9, 5.5, 9.5], "texture": "#0"},
				"south": {"uv": [5, 9, 6, 10], "texture": "#0"},
				"west": {"uv": [5, 9, 5.5, 9.5], "texture": "#0"},
				"up": {"uv": [5, 9, 5.5, 9.5], "texture": "#0"},
				"down": {"uv": [5, 9, 5.5, 9.5], "texture": "#0"}
			}
		},
		{
			"from": [10, 4.75, 9.5],
			"to": [10.25, 5, 9.75],
			"rotation": {"angle": 0, "axis": "y", "origin": [17.25, 12.75, 17.5]},
			"faces": {
				"north": {"uv": [5, 9, 6, 10], "texture": "#0"},
				"east": {"uv": [5, 9, 6, 10], "texture": "#0"},
				"south": {"uv": [5, 9, 6, 10], "texture": "#0"},
				"west": {"uv": [5, 9, 6, 10], "texture": "#0"},
				"up": {"uv": [5, 9, 6, 10], "texture": "#0"},
				"down": {"uv": [5, 9, 6, 10], "texture": "#0"}
			}
		},
		{
			"from": [9.75, 4.75, 10.5],
			"to": [10, 5, 10.75],
			"rotation": {"angle": 0, "axis": "y", "origin": [17, 12.75, 18.5]},
			"faces": {
				"north": {"uv": [5, 9, 6, 10], "texture": "#0"},
				"east": {"uv": [5, 9, 6, 10], "texture": "#0"},
				"south": {"uv": [5, 9, 6, 10], "texture": "#0"},
				"west": {"uv": [5, 9, 6, 10], "texture": "#0"},
				"up": {"uv": [5, 9, 6, 10], "texture": "#0"},
				"down": {"uv": [5, 9, 6, 10], "texture": "#0"}
			}
		},
		{
			"from": [9.25, 4.75, 9.5],
			"to": [9.5, 5, 9.75],
			"rotation": {"angle": 0, "axis": "y", "origin": [16.5, 12.75, 17.5]},
			"faces": {
				"north": {"uv": [5, 9, 6, 10], "texture": "#0"},
				"east": {"uv": [5, 9, 6, 10], "texture": "#0"},
				"south": {"uv": [5, 9, 6, 10], "texture": "#0"},
				"west": {"uv": [5, 9, 6, 10], "texture": "#0"},
				"up": {"uv": [5, 9, 6, 10], "texture": "#0"},
				"down": {"uv": [5, 9, 6, 10], "texture": "#0"}
			}
		},
		{
			"from": [8.75, 4.75, 9],
			"to": [9.25, 5.25, 9.5],
			"rotation": {"angle": 0, "axis": "y", "origin": [16.25, 12.75, 17]},
			"faces": {
				"north": {"uv": [5, 9, 6, 10], "texture": "#0"},
				"east": {"uv": [5, 9, 6, 10], "texture": "#0"},
				"south": {"uv": [5, 9, 6, 10], "texture": "#0"},
				"west": {"uv": [5, 9, 6, 10], "texture": "#0"},
				"up": {"uv": [5, 9, 6, 10], "texture": "#0"},
				"down": {"uv": [5, 9, 6, 10], "texture": "#0"}
			}
		}
	]
}