{
	"credit": "Made with Blockbench",
	"textures": {
		"0": "block/jungle_planks",
		"1": "block/water_flow",
		"2": "block/quartz_block_top",
		"3": "block/cactus_top",
		"4": "block/cactus_side",
		"5": "block/brown_concrete",
		"6": "block/black_concrete",
		"7": "block/white_concrete_powder",
		"8": "block/bookbottom",
		"9": "block/booktop",
		"particle": "block/jungle_planks"
	},
	"elements": [
		{
			"from": [2.97222, 17, 12],
			"to": [3.97222, 19, 13],
			"rotation": {"angle": 0, "axis": "y", "origin": [7.61111, 16.55556, 8.5]},
			"faces": {
				"north": {"uv": [0, 0, 1, 2], "texture": "#missing"},
				"east": {"uv": [0, 0, 1, 2], "texture": "#missing"},
				"south": {"uv": [0, 0, 1, 2], "texture": "#missing"},
				"west": {"uv": [0, 0, 1, 2], "texture": "#missing"},
				"up": {"uv": [0, 0, 16, 16], "rotation": 180, "texture": "#1"},
				"down": {"uv": [0, 0, 1, 1], "rotation": 180, "texture": "#missing"}
			}
		},
		{
			"from": [14.97222, 0, 15],
			"to": [15.97222, 15, 16],
			"rotation": {"angle": 0, "axis": "y", "origin": [7.61111, 16.55556, 8.5]},
			"faces": {
				"north": {"uv": [0, 0, 1, 15], "texture": "#0"},
				"east": {"uv": [0, 0, 1, 15], "texture": "#0"},
				"south": {"uv": [0, 0, 1, 15], "texture": "#0"},
				"west": {"uv": [0, 0, 1, 15], "texture": "#0"},
				"up": {"uv": [0, 0, 1, 15], "rotation": 180, "texture": "#0"},
				"down": {"uv": [0, 0, 1, 15], "rotation": 180, "texture": "#0"}
			}
		},
		{
			"from": [14.97222, 0, 0],
			"to": [15.97222, 15, 1],
			"rotation": {"angle": 0, "axis": "y", "origin": [7.61111, 16.55556, 8.5]},
			"faces": {
				"north": {"uv": [0, 0, 1, 15], "texture": "#0"},
				"east": {"uv": [0, 0, 1, 15], "texture": "#0"},
				"south": {"uv": [0, 0, 1, 15], "texture": "#0"},
				"west": {"uv": [0, 0, 1, 15], "texture": "#0"},
				"up": {"uv": [0, 0, 1, 15], "rotation": 180, "texture": "#0"},
				"down": {"uv": [0, 0, 1, 15], "rotation": 180, "texture": "#0"}
			}
		},
		{
			"from": [-0.02778, 0, 15],
			"to": [0.97222, 15, 16],
			"rotation": {"angle": 0, "axis": "y", "origin": [7.61111, 16.55556, 8.5]},
			"faces": {
				"north": {"uv": [0, 0, 1, 15], "texture": "#0"},
				"east": {"uv": [0, 0, 1, 15], "texture": "#0"},
				"south": {"uv": [0, 0, 1, 15], "texture": "#0"},
				"west": {"uv": [0, 0, 1, 15], "texture": "#0"},
				"up": {"uv": [0, 0, 1, 15], "rotation": 180, "texture": "#0"},
				"down": {"uv": [0, 0, 1, 15], "rotation": 180, "texture": "#0"}
			}
		},
		{
			"from": [-0.02778, 0, 0],
			"to": [0.97222, 15, 1],
			"rotation": {"angle": 0, "axis": "y", "origin": [7.61111, 16.55556, 8.5]},
			"faces": {
				"north": {"uv": [0, 0, 1, 15], "texture": "#0"},
				"east": {"uv": [0, 0, 1, 15], "texture": "#0"},
				"south": {"uv": [0, 0, 1, 15], "texture": "#0"},
				"west": {"uv": [0, 0, 1, 15], "texture": "#0"},
				"up": {"uv": [0, 0, 1, 15], "rotation": 180, "texture": "#0"},
				"down": {"uv": [0, 0, 1, 15], "rotation": 180, "texture": "#0"}
			}
		},
		{
			"from": [-0.02778, 15, 0],
			"to": [15.97222, 16, 16],
			"rotation": {"angle": 0, "axis": "y", "origin": [7.61111, 16.55556, 8.5]},
			"faces": {
				"north": {"uv": [0, 3, 16, 6], "texture": "#0"},
				"east": {"uv": [0, 3, 16, 6], "texture": "#0"},
				"south": {"uv": [0, 3, 16, 6], "texture": "#0"},
				"west": {"uv": [0, 3, 16, 6], "texture": "#0"},
				"up": {"uv": [0, 0, 16, 16], "rotation": 180, "texture": "#0"},
				"down": {"uv": [0, 0, 16, 16], "rotation": 180, "texture": "#0"}
			}
		},
		{
			"from": [1.97222, 16, 13],
			"to": [4.97222, 20, 14],
			"rotation": {"angle": 0, "axis": "y", "origin": [7.61111, 16.55556, 8.5]},
			"faces": {
				"north": {"uv": [0, 0, 1, 4], "texture": "#2"},
				"east": {"uv": [0, 0, 1, 4], "texture": "#2"},
				"south": {"uv": [0, 0, 1, 4], "texture": "#2"},
				"west": {"uv": [0, 0, 1, 4], "texture": "#2"},
				"up": {"uv": [0, 0, 1, 4], "rotation": 180, "texture": "#2"},
				"down": {"uv": [0, 0, 1, 4], "rotation": 180, "texture": "#2"}
			}
		},
		{
			"from": [1.97222, 16, 11],
			"to": [4.97222, 20, 12],
			"rotation": {"angle": 0, "axis": "y", "origin": [7.61111, 16.55556, 8.5]},
			"faces": {
				"north": {"uv": [0, 0, 1, 4], "texture": "#2"},
				"east": {"uv": [0, 0, 1, 4], "texture": "#2"},
				"south": {"uv": [0, 0, 1, 4], "texture": "#2"},
				"west": {"uv": [0, 0, 1, 4], "texture": "#2"},
				"up": {"uv": [0, 0, 1, 4], "rotation": 180, "texture": "#2"},
				"down": {"uv": [0, 0, 1, 4], "rotation": 180, "texture": "#2"}
			}
		},
		{
			"from": [1.97222, 16, 12],
			"to": [2.97222, 20, 13],
			"rotation": {"angle": 0, "axis": "y", "origin": [7.61111, 16.55556, 8.5]},
			"faces": {
				"north": {"uv": [0, 0, 1, 4], "texture": "#2"},
				"east": {"uv": [0, 0, 1, 4], "texture": "#2"},
				"south": {"uv": [0, 0, 1, 4], "texture": "#2"},
				"west": {"uv": [0, 0, 1, 4], "texture": "#2"},
				"up": {"uv": [0, 0, 1, 4], "rotation": 180, "texture": "#2"},
				"down": {"uv": [0, 0, 1, 4], "rotation": 180, "texture": "#2"}
			}
		},
		{
			"from": [3.97222, 16, 12],
			"to": [4.97222, 20, 13],
			"rotation": {"angle": 0, "axis": "y", "origin": [7.61111, 16.55556, 8.5]},
			"faces": {
				"north": {"uv": [0, 0, 1, 4], "texture": "#2"},
				"east": {"uv": [0, 0, 1, 4], "texture": "#2"},
				"south": {"uv": [0, 0, 1, 4], "texture": "#2"},
				"west": {"uv": [0, 0, 1, 4], "texture": "#2"},
				"up": {"uv": [0, 0, 1, 4], "rotation": 180, "texture": "#2"},
				"down": {"uv": [0, 0, 1, 4], "rotation": 180, "texture": "#2"}
			}
		},
		{
			"from": [7.97222, 16, 2],
			"to": [9.97222, 17, 4],
			"rotation": {"angle": 0, "axis": "y", "origin": [7.61111, 16.55556, 8.5]},
			"faces": {
				"north": {"uv": [0, 0, 1, 1], "texture": "#5"},
				"east": {"uv": [0, 0, 1, 1], "texture": "#5"},
				"south": {"uv": [0, 0, 1, 1], "texture": "#5"},
				"west": {"uv": [0, 0, 1, 1], "texture": "#5"},
				"up": {"uv": [0, 0, 1, 1], "rotation": 180, "texture": "#5"},
				"down": {"uv": [0, 0, 1, 1], "rotation": 180, "texture": "#5"}
			}
		},
		{
			"from": [6.97222, 17, 2],
			"to": [7.97222, 19, 4],
			"rotation": {"angle": 0, "axis": "y", "origin": [7.61111, 16.55556, 8.5]},
			"faces": {
				"north": {"uv": [0, 0, 1, 1], "texture": "#5"},
				"east": {"uv": [0, 0, 1, 1], "texture": "#5"},
				"south": {"uv": [0, 0, 1, 1], "texture": "#5"},
				"west": {"uv": [0, 0, 1, 1], "texture": "#5"},
				"up": {"uv": [0, 0, 1, 1], "rotation": 180, "texture": "#5"},
				"down": {"uv": [0, 0, 1, 1], "rotation": 180, "texture": "#5"}
			}
		},
		{
			"from": [9.97222, 17, 2],
			"to": [10.97222, 19, 4],
			"rotation": {"angle": 0, "axis": "y", "origin": [7.61111, 16.55556, 8.5]},
			"faces": {
				"north": {"uv": [0, 0, 1, 1], "texture": "#5"},
				"east": {"uv": [0, 0, 1, 1], "texture": "#5"},
				"south": {"uv": [0, 0, 1, 1], "texture": "#5"},
				"west": {"uv": [0, 0, 1, 1], "texture": "#5"},
				"up": {"uv": [0, 0, 1, 1], "rotation": 180, "texture": "#5"},
				"down": {"uv": [0, 0, 1, 1], "rotation": 180, "texture": "#5"}
			}
		},
		{
			"from": [7.97222, 17, 1],
			"to": [9.97222, 19, 2],
			"rotation": {"angle": 0, "axis": "y", "origin": [7.61111, 16.55556, 8.5]},
			"faces": {
				"north": {"uv": [0, 0, 1, 1], "texture": "#5"},
				"east": {"uv": [0, 0, 1, 1], "texture": "#5"},
				"south": {"uv": [0, 0, 1, 1], "texture": "#5"},
				"west": {"uv": [0, 0, 1, 1], "texture": "#5"},
				"up": {"uv": [0, 0, 1, 1], "rotation": 180, "texture": "#5"},
				"down": {"uv": [0, 0, 1, 1], "rotation": 180, "texture": "#5"}
			}
		},
		{
			"from": [7.97222, 17, 4],
			"to": [9.97222, 19, 5],
			"rotation": {"angle": 0, "axis": "y", "origin": [7.61111, 16.55556, 8.5]},
			"faces": {
				"north": {"uv": [0, 0, 1, 1], "texture": "#5"},
				"east": {"uv": [0, 0, 1, 1], "texture": "#5"},
				"south": {"uv": [0, 0, 1, 1], "texture": "#5"},
				"west": {"uv": [0, 0, 1, 1], "texture": "#5"},
				"up": {"uv": [0, 0, 1, 1], "rotation": 180, "texture": "#5"},
				"down": {"uv": [0, 0, 1, 1], "rotation": 180, "texture": "#5"}
			}
		},
		{
			"from": [7.97222, 17, 2],
			"to": [9.97222, 24, 4],
			"rotation": {"angle": 0, "axis": "y", "origin": [7.61111, 16.55556, 8.5]},
			"faces": {
				"north": {"uv": [1, 0, 15, 16], "texture": "#4"},
				"east": {"uv": [1, 0, 15, 16], "texture": "#4"},
				"south": {"uv": [1, 0, 15, 16], "texture": "#4"},
				"west": {"uv": [1, 0, 15, 16], "texture": "#4"},
				"up": {"uv": [1, 1, 15, 15], "rotation": 180, "texture": "#3"},
				"down": {"uv": [0, 0, 1, 1], "rotation": 180, "texture": "#2"}
			}
		},
		{
			"from": [9.97222, 16, 7],
			"to": [14.97222, 16.375, 15],
			"rotation": {"angle": 0, "axis": "y", "origin": [7.61111, 16.55556, 8.5]},
			"faces": {
				"north": {"uv": [0, 0, 1, 1], "texture": "#6"},
				"east": {"uv": [0, 0, 1, 1], "texture": "#6"},
				"south": {"uv": [0, 0, 1, 1], "texture": "#6"},
				"west": {"uv": [0, 0, 1, 1], "texture": "#6"},
				"up": {"uv": [0, 0, 1, 1], "rotation": 180, "texture": "#6"},
				"down": {"uv": [0, 0, 1, 1], "rotation": 180, "texture": "#6"}
			}
		},
		{
			"from": [9.97222, 17.1875, 7],
			"to": [14.97222, 17.5625, 11],
			"rotation": {"angle": 0, "axis": "y", "origin": [7.61111, 16.55556, 8.5]},
			"faces": {
				"north": {"uv": [0, 0, 16, 16], "texture": "#6"},
				"east": {"uv": [0, 0, 16, 16], "texture": "#6"},
				"south": {"uv": [0, 0, 16, 16], "texture": "#6"},
				"west": {"uv": [0, 0, 16, 16], "texture": "#6"},
				"up": {"uv": [0, 0, 16, 16], "texture": "#9"},
				"down": {"uv": [0, 0, 16, 16], "rotation": 180, "texture": "#6"}
			}
		},
		{
			"from": [9.97222, 17.1875, 11],
			"to": [14.97222, 17.5625, 15],
			"rotation": {"angle": 0, "axis": "y", "origin": [7.61111, 16.55556, 8.5]},
			"faces": {
				"north": {"uv": [0, 0, 1, 1], "texture": "#6"},
				"east": {"uv": [0, 0, 1, 1], "texture": "#6"},
				"south": {"uv": [0, 0, 1, 1], "texture": "#6"},
				"west": {"uv": [0, 0, 1, 1], "texture": "#6"},
				"up": {"uv": [0, 0, 16, 16], "texture": "#8"},
				"down": {"uv": [0, 0, 1, 1], "rotation": 180, "texture": "#6"}
			}
		},
		{
			"from": [5.97222, 21, 3],
			"to": [7.97222, 22, 4],
			"rotation": {"angle": 0, "axis": "y", "origin": [7.61111, 16.55556, 8.5]},
			"faces": {
				"north": {"uv": [1, 13, 15, 16], "texture": "#4"},
				"east": {"uv": [0, 0, 1, 1], "texture": "#2"},
				"south": {"uv": [1, 13, 15, 16], "texture": "#4"},
				"west": {"uv": [1, 0, 6, 5], "texture": "#4"},
				"up": {"uv": [10, 0, 15, 5], "rotation": 180, "texture": "#4"},
				"down": {"uv": [1, 0, 15, 3], "rotation": 180, "texture": "#4"}
			}
		},
		{
			"from": [5.97222, 22, 3],
			"to": [6.97222, 23, 4],
			"rotation": {"angle": 0, "axis": "y", "origin": [7.61111, 16.55556, 8.5]},
			"faces": {
				"north": {"uv": [8, 13, 15, 16], "texture": "#4"},
				"east": {"uv": [8, 13, 15, 16], "texture": "#4"},
				"south": {"uv": [8, 13, 15, 16], "texture": "#4"},
				"west": {"uv": [8, 13, 15, 16], "texture": "#4"},
				"up": {"uv": [1, 1, 15, 15], "rotation": 180, "texture": "#3"},
				"down": {"uv": [0, 0, 1, 1], "rotation": 180, "texture": "#2"}
			}
		},
		{
			"from": [9.97222, 21, 2],
			"to": [11.97222, 22, 3],
			"rotation": {"angle": 0, "axis": "y", "origin": [7.61111, 16.55556, 8.5]},
			"faces": {
				"north": {"uv": [1, 13, 15, 16], "texture": "#4"},
				"east": {"uv": [1, 0, 6, 5], "texture": "#4"},
				"south": {"uv": [1, 13, 15, 16], "texture": "#4"},
				"west": {"uv": [0, 0, 1, 1], "texture": "#2"},
				"up": {"uv": [10, 0, 15, 5], "rotation": 180, "texture": "#4"},
				"down": {"uv": [1, 0, 15, 3], "rotation": 180, "texture": "#4"}
			}
		},
		{
			"from": [2.97222, 18, 14],
			"to": [3.97222, 19, 15],
			"rotation": {"angle": 0, "axis": "y", "origin": [7.61111, 16.55556, 8.5]},
			"faces": {
				"north": {"uv": [0, 0, 1, 1], "texture": "#2"},
				"east": {"uv": [0, 0, 1, 1], "texture": "#2"},
				"south": {"uv": [0, 0, 1, 1], "texture": "#2"},
				"west": {"uv": [0, 0, 1, 1], "texture": "#2"},
				"up": {"uv": [0, 0, 1, 1], "rotation": 180, "texture": "#2"},
				"down": {"uv": [0, 0, 1, 1], "rotation": 180, "texture": "#2"}
			}
		},
		{
			"from": [2.97222, 17, 15],
			"to": [3.97222, 18, 16],
			"rotation": {"angle": 0, "axis": "y", "origin": [7.61111, 16.55556, 8.5]},
			"faces": {
				"north": {"uv": [0, 0, 1, 1], "texture": "#2"},
				"east": {"uv": [0, 0, 1, 1], "texture": "#2"},
				"south": {"uv": [0, 0, 1, 1], "texture": "#2"},
				"west": {"uv": [0, 0, 1, 1], "texture": "#2"},
				"up": {"uv": [0, 0, 1, 1], "rotation": 180, "texture": "#2"},
				"down": {"uv": [0, 0, 1, 1], "rotation": 180, "texture": "#2"}
			}
		},
		{
			"from": [2.97222, 16, 14],
			"to": [3.97222, 17, 15],
			"rotation": {"angle": 0, "axis": "y", "origin": [7.61111, 16.55556, 8.5]},
			"faces": {
				"north": {"uv": [0, 0, 1, 1], "texture": "#2"},
				"east": {"uv": [0, 0, 1, 1], "texture": "#2"},
				"south": {"uv": [0, 0, 1, 1], "texture": "#2"},
				"west": {"uv": [0, 0, 1, 1], "texture": "#2"},
				"up": {"uv": [0, 0, 1, 1], "rotation": 180, "texture": "#2"},
				"down": {"uv": [0, 0, 1, 1], "rotation": 180, "texture": "#2"}
			}
		},
		{
			"from": [9.65972, 16.375, 7],
			"to": [9.97222, 17.1875, 15],
			"rotation": {"angle": 0, "axis": "y", "origin": [7.61111, 16.55556, 8.5]},
			"faces": {
				"north": {"uv": [0, 0, 1, 1], "texture": "#6"},
				"east": {"uv": [0, 0, 1, 1], "texture": "#6"},
				"south": {"uv": [0, 0, 1, 1], "texture": "#6"},
				"west": {"uv": [0, 0, 1, 1], "texture": "#6"},
				"up": {"uv": [0, 0, 1, 1], "rotation": 180, "texture": "#6"},
				"down": {"uv": [0, 0, 1, 1], "rotation": 180, "texture": "#6"}
			}
		},
		{
			"from": [9.97222, 16.375, 7.125],
			"to": [14.78472, 17.1875, 14.875],
			"rotation": {"angle": 0, "axis": "y", "origin": [7.61111, 16.55556, 8.5]},
			"faces": {
				"north": {"uv": [0, 1, 16, 5], "texture": "#7"},
				"east": {"uv": [0, 1, 16, 5], "texture": "#7"},
				"south": {"uv": [0, 1, 16, 5], "texture": "#7"},
				"west": {"uv": [0, 1, 16, 5], "texture": "#7"},
				"up": {"uv": [0, 1, 16, 5], "rotation": 180, "texture": "#7"},
				"down": {"uv": [0, 1, 16, 5], "rotation": 180, "texture": "#7"}
			}
		}
	],
	"groups": [
		{
			"name": "group",
			"origin": [8, 8, 8],
			"children": [0, 1, 2, 3, 4, 5, 6, 7, 8, 9, 10, 11, 12, 13, 14, 15, 16, 17, 18, 19, 20, 21, 22, 23, 24, 25, 26]
		}
	]
}