{
	"parent": "item/handheld",
	"textures": {
		"layer0": "item/diamond_hoe"
	},
	"overrides": [
		{ "predicate": { "damage": 0 }, "model": "item/diamond_hoe" },
		{ "predicate": { "damaged": 0, "damage": 0.000640614990391 }, "model": "item/allmodels/emf_zero" },
		{ "predicate": { "damaged": 0, "damage": 0.001281229980782 }, "model": "item/allmodels/emf_one" },
		{ "predicate": { "damaged": 0, "damage": 0.001921844971172 }, "model": "item/allmodels/emf_two" },
		{ "predicate": { "damaged": 0, "damage": 0.002562459961563 }, "model": "item/allmodels/emf_three" },
		{ "predicate": { "damaged": 0, "damage": 0.003203074951954 }, "model": "item/allmodels/emf_four" },
		{ "predicate": { "damaged": 0, "damage": 0.003843689942345 }, "model": "item/allmodels/emf_five" },
		{ "predicate": { "damaged": 0, "damage": 0.004484304932735 }, "model": "item/allmodels/thermo_20" },
		{ "predicate": { "damaged": 0, "damage": 0.005124919923126 }, "model": "item/allmodels/thermo_19_5" },
		{ "predicate": { "damaged": 0, "damage": 0.005765534913517 }, "model": "item/allmodels/thermo_19" },
		{ "predicate": { "damaged": 0, "damage": 0.006406149903908 }, "model": "item/allmodels/thermo_18_5" },
		{ "predicate": { "damaged": 0, "damage": 0.007046764894299 }, "model": "item/allmodels/thermo_18" },
		{ "predicate": { "damaged": 0, "damage": 0.007687379884689 }, "model": "item/allmodels/thermo_17_5" },
		{ "predicate": { "damaged": 0, "damage": 0.00832799487508 }, "model": "item/allmodels/thermo_17" },
		{ "predicate": { "damaged": 0, "damage": 0.008968609865471 }, "model": "item/allmodels/thermo_16_5" },
		{ "predicate": { "damaged": 0, "damage": 0.009609224855862 }, "model": "item/allmodels/thermo_16" },
		{ "predicate": { "damaged": 0, "damage": 0.010249839846252 }, "model": "item/allmodels/thermo_15_5" },
		{ "predicate": { "damaged": 0, "damage": 0.010890454836643 }, "model": "item/allmodels/thermo_15" },
		{ "predicate": { "damaged": 0, "damage": 0.011531069827034 }, "model": "item/allmodels/thermo_14_5" },
		{ "predicate": { "damaged": 0, "damage": 0.012171684817425 }, "model": "item/allmodels/thermo_14" },
		{ "predicate": { "damaged": 0, "damage": 0.012812299807816 }, "model": "item/allmodels/thermo_13_5" },
		{ "predicate": { "damaged": 0, "damage": 0.013452914798206 }, "model": "item/allmodels/thermo_13" },
		{ "predicate": { "damaged": 0, "damage": 0.014093529788597 }, "model": "item/allmodels/thermo_12_5" },
		{ "predicate": { "damaged": 0, "damage": 0.014734144778988 }, "model": "item/allmodels/thermo_12" },
		{ "predicate": { "damaged": 0, "damage": 0.015374759769379 }, "model": "item/allmodels/thermo_11_5" },
		{ "predicate": { "damaged": 0, "damage": 0.016015374759769 }, "model": "item/allmodels/thermo_11" },
		{ "predicate": { "damaged": 0, "damage": 0.01665598975016 }, "model": "item/allmodels/thermo_10_5" },
		{ "predicate": { "damaged": 0, "damage": 0.017296604740551 }, "model": "item/allmodels/thermo_10" },
		{ "predicate": { "damaged": 0, "damage": 0.017937219730942 }, "model": "item/allmodels/thermo_9_5" },
		{ "predicate": { "damaged": 0, "damage": 0.018577834721332 }, "model": "item/allmodels/thermo_9" },
		{ "predicate": { "damaged": 0, "damage": 0.019218449711723 }, "model": "item/allmodels/thermo_8_5" },
		{ "predicate": { "damaged": 0, "damage": 0.019859064702114 }, "model": "item/allmodels/thermo_8" },
		{ "predicate": { "damaged": 0, "damage": 0.020499679692505 }, "model": "item/allmodels/thermo_7_5" },
		{ "predicate": { "damaged": 0, "damage": 0.021140294682896 }, "model": "item/allmodels/thermo_7" },
		{ "predicate": { "damaged": 0, "damage": 0.021780909673286 }, "model": "item/allmodels/thermo_6_5" },
		{ "predicate": { "damaged": 0, "damage": 0.022421524663677 }, "model": "item/allmodels/thermo_6" },
		{ "predicate": { "damaged": 0, "damage": 0.023062139654068 }, "model": "item/allmodels/thermo_5_5" },
		{ "predicate": { "damaged": 0, "damage": 0.023702754644459 }, "model": "item/allmodels/thermo_5" },
		{ "predicate": { "damaged": 0, "damage": 0.024343369634849 }, "model": "item/allmodels/thermo_4_5" },
		{ "predicate": { "damaged": 0, "damage": 0.02498398462524 }, "model": "item/allmodels/thermo_4" },
		{ "predicate": { "damaged": 0, "damage": 0.025624599615631 }, "model": "item/allmodels/thermo_3_5" },
		{ "predicate": { "damaged": 0, "damage": 0.026265214606022 }, "model": "item/allmodels/thermo_3" },
		{ "predicate": { "damaged": 0, "damage": 0.026905829596413 }, "model": "item/allmodels/thermo_2_5" },
		{ "predicate": { "damaged": 0, "damage": 0.027546444586803 }, "model": "item/allmodels/thermo_2" },
		{ "predicate": { "damaged": 0, "damage": 0.028187059577194 }, "model": "item/allmodels/thermo_1_5" },
		{ "predicate": { "damaged": 0, "damage": 0.028827674567585 }, "model": "item/allmodels/thermo_1" },
		{ "predicate": { "damaged": 0, "damage": 0.029468289557976 }, "model": "item/allmodels/thermo_0_5" },
		{ "predicate": { "damaged": 0, "damage": 0.030108904548366 }, "model": "item/allmodels/thermo_0" },
		{ "predicate": { "damaged": 0, "damage": 0.030749519538757 }, "model": "item/allmodels/thermo_n0_5" },
		{ "predicate": { "damaged": 0, "damage": 0.031390134529148 }, "model": "item/allmodels/thermo_n1" },
		{ "predicate": { "damaged": 0, "damage": 0.032030749519539 }, "model": "item/allmodels/thermo_n1_5" },
		{ "predicate": { "damaged": 0, "damage": 0.03267136450993 }, "model": "item/allmodels/thermo_n2" },
		{ "predicate": { "damaged": 0, "damage": 0.03331197950032 }, "model": "item/allmodels/thermo_n2_5" },
		{ "predicate": { "damaged": 0, "damage": 0.033952594490711 }, "model": "item/allmodels/thermo_n3" },
		{ "predicate": { "damaged": 0, "damage": 0.034593209481102 }, "model": "item/allmodels/thermo_n3_5" },
		{ "predicate": { "damaged": 0, "damage": 0.035233824471493 }, "model": "item/allmodels/thermo_n4" },
		{ "predicate": { "damaged": 0, "damage": 0.035874439461883 }, "model": "item/allmodels/thermo_n4_5" },
		{ "predicate": { "damaged": 0, "damage": 0.036515054452274 }, "model": "item/allmodels/thermo_n5" },
		{ "predicate": { "damaged": 0, "damage": 0.037155669442665 }, "model": "item/allmodels/book_empty" },
		{ "predicate": { "damaged": 0, "damage": 0.037796284433056 }, "model": "item/allmodels/book_1" },
		{ "predicate": { "damaged": 0, "damage": 0.038436899423447 }, "model": "item/allmodels/book_2" },
		{ "predicate": { "damaged": 0, "damage": 0.039077514413837 }, "model": "item/allmodels/book_3" },
		{ "predicate": { "damaged": 0, "damage": 0.039718129404228 }, "model": "item/allmodels/book_4" },
		{ "predicate": { "damaged": 0, "damage": 0.040358744394619 }, "model": "item/allmodels/book_5" },
		{ "predicate": { "damaged": 0, "damage": 0.04099935938501 }, "model": "item/allmodels/book_6" },
		{ "predicate": { "damaged": 0, "damage": 0.0416399743754 }, "model": "item/allmodels/book_7" },
		{ "predicate": { "damaged": 0, "damage": 0.042280589365791 }, "model": "item/allmodels/book_8" },
		{ "predicate": { "damaged": 0, "damage": 0.042921204356182 }, "model": "item/allmodels/book_9" },
		{ "predicate": { "damaged": 0, "damage": 0.043561819346573 }, "model": "item/allmodels/book_10" },
		{ "predicate": { "damaged": 0, "damage": 0.044202434336963 }, "model": "item/allmodels/book_11" },
		{ "predicate": { "damaged": 0, "damage": 0.044843049327354 }, "model": "item/allmodels/book_12" },
		{ "predicate": { "damaged": 0, "damage": 0.045483664317745 }, "model": "item/allmodels/book_13" },
		{ "predicate": { "damaged": 0, "damage": 0.046124279308136 }, "model": "item/allmodels/book_14" },
		{ "predicate": { "damaged": 0, "damage": 0.046764894298527 }, "model": "item/allmodels/book_15" },
		{ "predicate": { "damaged": 0, "damage": 0.047405509288917 }, "model": "item/allmodels/book_16" },
		{ "predicate": { "damaged": 0, "damage": 0.048046124279308 }, "model": "item/allmodels/book_17" },
		{ "predicate": { "damaged": 0, "damage": 0.048686739269699 }, "model": "item/allmodels/book_18" },
		{ "predicate": { "damaged": 0, "damage": 0.04932735426009 }, "model": "item/allmodels/book_19" },
		{ "predicate": { "damaged": 0, "damage": 0.04996796925048 }, "model": "item/allmodels/book_20" },
		{ "predicate": { "damaged": 0, "damage": 0.050608584240871 }, "model": "item/allmodels/book_21" },
		{ "predicate": { "damaged": 0, "damage": 0.051249199231262 }, "model": "item/allmodels/book_22" },
		{ "predicate": { "damaged": 0, "damage": 0.051889814221653 }, "model": "item/allmodels/uv_lantern_off" },
		{ "predicate": { "damaged": 0, "damage": 0.052530429212044 }, "model": "item/allmodels/uv_lantern_on" },
		{ "predicate": { "damaged": 0, "damage": 0.053171044202434 }, "model": "item/allmodels/thermo_blank" },
		{ "predicate": { "damaged": 0, "damage": 0.053811659192825 }, "model": "item/allmodels/spirit_off" },
		{ "predicate": { "damaged": 0, "damage": 0.054452274183216 }, "model": "item/allmodels/spirit_on" },
		{ "predicate": { "damaged": 0, "damage": 0.055092889173607 }, "model": "item/allmodels/salt_shaker_full" },
		{ "predicate": { "damaged": 0, "damage": 0.055733504163997 }, "model": "item/allmodels/salt_shaker_empty" },
		{ "predicate": { "damaged": 0, "damage": 0.056374119154388 }, "model": "item/allmodels/salt_pile" },
		{ "predicate": { "damaged": 0, "damage": 0.057014734144779 }, "model": "item/allmodels/salt_pile_footstep" },
		{ "predicate": { "damaged": 0, "damage": 0.05765534913517 }, "model": "item/allmodels/smudge_stick_off" },
		{ "predicate": { "damaged": 0, "damage": 0.058295964125561 }, "model": "item/allmodels/smudge_stick_on" },
		{ "predicate": { "damaged": 0, "damage": 0.058936579115951 }, "model": "item/allmodels/smudge_stick_burnt" },
		{ "predicate": { "damaged": 0, "damage": 0.059577194106342 }, "model": "item/allmodels/pills_empty" },
		{ "predicate": { "damaged": 0, "damage": 0.060217809096733 }, "model": "item/allmodels/camera_hand" },
		{ "predicate": { "damaged": 0, "damage": 0.060858424087124 }, "model": "item/allmodels/camera_stand" },
		{ "predicate": { "damaged": 0, "damage": 0.061499039077514 }, "model": "item/allmodels/motion_sensor_off" },
		{ "predicate": { "damaged": 0, "damage": 0.062139654067905 }, "model": "item/allmodels/motion_sensor_on" },
		{ "predicate": { "damaged": 0, "damage": 0.062780269058296 }, "model": "item/allmodels/crucifix" },
		{ "predicate": { "damaged": 0, "damage": 0.063420884048687 }, "model": "item/allmodels/deadplayer" },
		{ "predicate": { "damaged": 0, "damage": 0.064061499039078 }, "model": "item/allmodels/flashlight" },
		{ "predicate": { "damaged": 0, "damage": 0.064702114029468 }, "model": "item/allmodels/tablet_activity" },
		{ "predicate": { "damaged": 0, "damage": 0.065342729019859 }, "model": "item/allmodels/tablet_sanity" },
		{ "predicate": { "damaged": 0, "damage": 0.06598334401025 }, "model": "item/allmodels/tablet_dead" },
		{ "predicate": { "damaged": 0, "damage": 0.066623959000641 }, "model": "item/allmodels/tablet_emp" },
		{ "predicate": { "damaged": 0, "damage": 0.067264573991031 }, "model": "item/allmodels/voodoo" },
		{ "predicate": { "damaged": 0, "damage": 0.067905188981422 }, "model": "item/allmodels/master_key" },
		{ "predicate": { "damaged": 0, "damage": 0.068545803971813 }, "model": "item/allmodels/spirit_trap_open" },
		{ "predicate": { "damaged": 0, "damage": 0.069186418962204 }, "model": "item/allmodels/spirit_trap_closed" },
		{ "predicate": { "damaged": 0, "damage": 0.069827033952594 }, "model": "item/allmodels/tablet_dead2" },
		{ "predicate": { "damaged": 0, "damage": 0.070467648942985 }, "model": "item/allmodels/tablet_emp2" },
		{ "predicate": { "damaged": 0, "damage": 0.071108263933376 }, "model": "item/allmodels/dots" },
		{ "predicate": { "damaged": 0, "damage": 0.071748878923767 }, "model": "item/allmodels/bonk" }
		]
}