{
	"parent": "item/handheld",
	"textures": {
		"layer0": "item/diamond_shovel"
	},
	"overrides": [
		{ "predicate": { "damage": 0 }, "model": "item/diamond_shovel" },
		{ "predicate": { "damaged": 0, "damage": 0.000640614990391 }, "model": "item/ghosts/banshee-p1" },
		{ "predicate": { "damaged": 0, "damage": 0.001281229980782 }, "model": "item/ghosts/banshee-p2" },
		{ "predicate": { "damaged": 0, "damage": 0.001921844971172 }, "model": "item/ghosts/banshee-a1" },
		{ "predicate": { "damaged": 0, "damage": 0.002562459961563 }, "model": "item/ghosts/banshee-a2" },
		{ "predicate": { "damaged": 0, "damage": 0.003203074951954 }, "model": "item/ghosts/banshee-a3" },
		{ "predicate": { "damaged": 0, "damage": 0.003843689942345 }, "model": "item/ghosts/banshee-a4" },
		{ "predicate": { "damaged": 0, "damage": 0.004484304932735 }, "model": "item/ghosts/swallower-p1" },
		{ "predicate": { "damaged": 0, "damage": 0.005124919923126 }, "model": "item/ghosts/swallower-p2" },
		{ "predicate": { "damaged": 0, "damage": 0.005765534913517 }, "model": "item/ghosts/swallower-a1" },
		{ "predicate": { "damaged": 0, "damage": 0.006406149903908 }, "model": "item/ghosts/swallower-a2" },
		{ "predicate": { "damaged": 0, "damage": 0.007046764894299 }, "model": "item/ghosts/swallower-a3" },
		{ "predicate": { "damaged": 0, "damage": 0.007687379884689 }, "model": "item/ghosts/swallower-a4" },
		{ "predicate": { "damaged": 0, "damage": 0.00832799487508 }, "model": "item/ghosts/wisp-p1" },
		{ "predicate": { "damaged": 0, "damage": 0.008968609865471 }, "model": "item/ghosts/wisp-p2" },
		{ "predicate": { "damaged": 0, "damage": 0.009609224855862 }, "model": "item/ghosts/wisp-a1" },
		{ "predicate": { "damaged": 0, "damage": 0.010249839846252 }, "model": "item/ghosts/wisp-a2" },
		{ "predicate": { "damaged": 0, "damage": 0.010890454836643 }, "model": "item/ghosts/wisp-a3" },
		{ "predicate": { "damaged": 0, "damage": 0.011531069827034 }, "model": "item/ghosts/wisp-a4" },
		{ "predicate": { "damaged": 0, "damage": 0.012171684817425 }, "model": "item/ghosts/teeth-p1" },
		{ "predicate": { "damaged": 0, "damage": 0.012812299807816 }, "model": "item/ghosts/teeth-p2" },
		{ "predicate": { "damaged": 0, "damage": 0.013452914798206 }, "model": "item/ghosts/teeth-a1" },
		{ "predicate": { "damaged": 0, "damage": 0.014093529788597 }, "model": "item/ghosts/teeth-a2" },
		{ "predicate": { "damaged": 0, "damage": 0.014734144778988 }, "model": "item/ghosts/teeth-a3" },
		{ "predicate": { "damaged": 0, "damage": 0.015374759769379 }, "model": "item/ghosts/teeth-a4" },
		{ "predicate": { "damaged": 0, "damage": 0.016015374759769 }, "model": "item/ghosts/reaper-p1" },
		{ "predicate": { "damaged": 0, "damage": 0.01665598975016 }, "model": "item/ghosts/reaper-p2" },
		{ "predicate": { "damaged": 0, "damage": 0.017296604740551 }, "model": "item/ghosts/reaper-a1" },
		{ "predicate": { "damaged": 0, "damage": 0.017937219730942 }, "model": "item/ghosts/reaper-a2" },
		{ "predicate": { "damaged": 0, "damage": 0.018577834721332 }, "model": "item/ghosts/reaper-a3" },
		{ "predicate": { "damaged": 0, "damage": 0.019218449711723 }, "model": "item/ghosts/reaper-a4" },
		{ "predicate": { "damaged": 0, "damage": 0.019859064702114 }, "model": "item/ghosts/ring-p1" },
		{ "predicate": { "damaged": 0, "damage": 0.020499679692505 }, "model": "item/ghosts/ring-p2" },
		{ "predicate": { "damaged": 0, "damage": 0.021140294682896 }, "model": "item/ghosts/ring-a1" },
		{ "predicate": { "damaged": 0, "damage": 0.021780909673286 }, "model": "item/ghosts/ring-a2" },
		{ "predicate": { "damaged": 0, "damage": 0.022421524663677 }, "model": "item/ghosts/ring-a3" },
		{ "predicate": { "damaged": 0, "damage": 0.023062139654068 }, "model": "item/ghosts/ring-a4" },
		{ "predicate": { "damaged": 0, "damage": 0.023702754644459 }, "model": "item/ghosts/werewolf-p1" },
		{ "predicate": { "damaged": 0, "damage": 0.024343369634849 }, "model": "item/ghosts/werewolf-p2" },
		{ "predicate": { "damaged": 0, "damage": 0.02498398462524 }, "model": "item/ghosts/werewolf-a1" },
		{ "predicate": { "damaged": 0, "damage": 0.025624599615631 }, "model": "item/ghosts/werewolf-a2" },
		{ "predicate": { "damaged": 0, "damage": 0.026265214606022 }, "model": "item/ghosts/werewolf-a3" },
		{ "predicate": { "damaged": 0, "damage": 0.026905829596413 }, "model": "item/ghosts/werewolf-a4" },
		{ "predicate": { "damaged": 0, "damage": 0.027546444586803 }, "model": "item/ghosts/butcher-p1" },
		{ "predicate": { "damaged": 0, "damage": 0.028187059577194 }, "model": "item/ghosts/butcher-p2" },
		{ "predicate": { "damaged": 0, "damage": 0.028827674567585 }, "model": "item/ghosts/butcher-a1" },
		{ "predicate": { "damaged": 0, "damage": 0.029468289557976 }, "model": "item/ghosts/butcher-a2" },
		{ "predicate": { "damaged": 0, "damage": 0.030108904548366 }, "model": "item/ghosts/butcher-a3" },
		{ "predicate": { "damaged": 0, "damage": 0.030749519538757 }, "model": "item/ghosts/butcher-a4" },
		{ "predicate": { "damaged": 0, "damage": 0.031390134529148 }, "model": "item/ghosts/pirate-p1" },
		{ "predicate": { "damaged": 0, "damage": 0.032030749519539 }, "model": "item/ghosts/pirate-p2" },
		{ "predicate": { "damaged": 0, "damage": 0.03267136450993 }, "model": "item/ghosts/pirate-a1" },
		{ "predicate": { "damaged": 0, "damage": 0.03331197950032 }, "model": "item/ghosts/pirate-a2" },
		{ "predicate": { "damaged": 0, "damage": 0.033952594490711 }, "model": "item/ghosts/pirate-a3" },
		{ "predicate": { "damaged": 0, "damage": 0.034593209481102 }, "model": "item/ghosts/pirate-a4" },
		{ "predicate": { "damaged": 0, "damage": 0.035233824471493 }, "model": "item/ghosts/shyguy-p1" },
		{ "predicate": { "damaged": 0, "damage": 0.035874439461883 }, "model": "item/ghosts/shyguy-p2" },
		{ "predicate": { "damaged": 0, "damage": 0.036515054452274 }, "model": "item/ghosts/shyguy-a1" },
		{ "predicate": { "damaged": 0, "damage": 0.037155669442665 }, "model": "item/ghosts/shyguy-a2" },
		{ "predicate": { "damaged": 0, "damage": 0.037796284433056 }, "model": "item/ghosts/shyguy-a3" },
		{ "predicate": { "damaged": 0, "damage": 0.038436899423447 }, "model": "item/ghosts/shyguy-a4" },
		{ "predicate": { "damaged": 0, "damage": 0.039077514413837 }, "model": "item/ghosts/cursed-p1" },
		{ "predicate": { "damaged": 0, "damage": 0.039718129404228 }, "model": "item/ghosts/cursed-p2" },
		{ "predicate": { "damaged": 0, "damage": 0.040358744394619 }, "model": "item/ghosts/cursed-a1" },
		{ "predicate": { "damaged": 0, "damage": 0.04099935938501 }, "model": "item/ghosts/cursed-a2" },
		{ "predicate": { "damaged": 0, "damage": 0.0416399743754 }, "model": "item/ghosts/cursed-a3" },
		{ "predicate": { "damaged": 0, "damage": 0.042280589365791 }, "model": "item/ghosts/cursed-a4" },
		{ "predicate": { "damaged": 0, "damage": 0.042921204356182 }, "model": "item/ghosts/mary-p1" },
		{ "predicate": { "damaged": 0, "damage": 0.043561819346573 }, "model": "item/ghosts/mary-p2" },
		{ "predicate": { "damaged": 0, "damage": 0.044202434336963 }, "model": "item/ghosts/mary-a1" },
		{ "predicate": { "damaged": 0, "damage": 0.044843049327354 }, "model": "item/ghosts/mary-a2" },
		{ "predicate": { "damaged": 0, "damage": 0.045483664317745 }, "model": "item/ghosts/mary-a3" },
		{ "predicate": { "damaged": 0, "damage": 0.046124279308136 }, "model": "item/ghosts/mary-a4" },
		{ "predicate": { "damaged": 0, "damage": 0.046764894298527 }, "model": "item/ghosts/hiker-p1" },
		{ "predicate": { "damaged": 0, "damage": 0.047405509288917 }, "model": "item/ghosts/hiker-p2" },
		{ "predicate": { "damaged": 0, "damage": 0.048046124279308 }, "model": "item/ghosts/hiker-a1" },
		{ "predicate": { "damaged": 0, "damage": 0.048686739269699 }, "model": "item/ghosts/hiker-a2" },
		{ "predicate": { "damaged": 0, "damage": 0.04932735426009 }, "model": "item/ghosts/hiker-a3" },
		{ "predicate": { "damaged": 0, "damage": 0.04996796925048 }, "model": "item/ghosts/hiker-a4" },
		{ "predicate": { "damaged": 0, "damage": 0.050608584240871 }, "model": "item/ghosts/prisoner-p1" },
		{ "predicate": { "damaged": 0, "damage": 0.051249199231262 }, "model": "item/ghosts/prisoner-p2" },
		{ "predicate": { "damaged": 0, "damage": 0.051889814221653 }, "model": "item/ghosts/prisoner-a1" },
		{ "predicate": { "damaged": 0, "damage": 0.052530429212044 }, "model": "item/ghosts/prisoner-a2" },
		{ "predicate": { "damaged": 0, "damage": 0.053171044202434 }, "model": "item/ghosts/prisoner-a3" },
		{ "predicate": { "damaged": 0, "damage": 0.053811659192825 }, "model": "item/ghosts/prisoner-a4" },
		{ "predicate": { "damaged": 0, "damage": 0.054452274183216 }, "model": "item/ghosts/goblin-p1" },
		{ "predicate": { "damaged": 0, "damage": 0.055092889173607 }, "model": "item/ghosts/goblin-p2" },
		{ "predicate": { "damaged": 0, "damage": 0.055733504163997 }, "model": "item/ghosts/goblin-a1" },
		{ "predicate": { "damaged": 0, "damage": 0.056374119154388 }, "model": "item/ghosts/goblin-a2" },
		{ "predicate": { "damaged": 0, "damage": 0.057014734144779 }, "model": "item/ghosts/goblin-a3" },
		{ "predicate": { "damaged": 0, "damage": 0.05765534913517 }, "model": "item/ghosts/goblin-a4" }
		]
}