{
	"credit": "Made with Blockbench",
	"textures": {
		"0": "block/dark_oak_log",
		"1": "block/smooth_stone",
		"3": "block/polished_blackstone",
		"particle": "block/dark_oak_log"
	},
	"elements": [
		{
			"from": [7, 0, 7],
			"to": [9, 2, 9],
			"rotation": {"angle": 0, "axis": "y", "origin": [7.5, 0.5, 8.5]},
			"faces": {
				"north": {"uv": [11, 11, 15, 15], "texture": "#1"},
				"east": {"uv": [11, 11, 15, 15], "texture": "#1"},
				"south": {"uv": [11, 11, 15, 15], "texture": "#1"},
				"west": {"uv": [11, 11, 15, 15], "texture": "#1"},
				"up": {"uv": [11, 11, 15, 15], "texture": "#1"},
				"down": {"uv": [11, 11, 15, 15], "texture": "#1"}
			}
		},
		{
			"from": [6.25, 14, 4.25],
			"to": [9.75, 14.25, 11.75],
			"rotation": {"angle": 0, "axis": "y", "origin": [7.5, 14.5, 8.5]},
			"faces": {
				"north": {"uv": [2, 6, 10, 7], "texture": "#1"},
				"east": {"uv": [1, 7, 15, 8], "texture": "#1"},
				"south": {"uv": [4, 11, 12, 12], "texture": "#1"},
				"west": {"uv": [1, 10, 15, 11], "texture": "#1"},
				"up": {"uv": [6, 1, 14, 15], "texture": "#1"},
				"down": {"uv": [0, 0, 16, 16], "texture": "#1"}
			}
		},
		{
			"from": [6.25, 9.75, 4.25],
			"to": [9.75, 10, 11.75],
			"rotation": {"angle": 0, "axis": "y", "origin": [7.5, 10.25, 8.5]},
			"faces": {
				"north": {"uv": [1, 9, 9, 10], "texture": "#1"},
				"east": {"uv": [1, 10, 15, 11], "texture": "#1"},
				"south": {"uv": [7, 8, 15, 9], "texture": "#1"},
				"west": {"uv": [1, 13, 15, 14], "texture": "#1"},
				"up": {"uv": [0, 0, 16, 16], "texture": "#1"},
				"down": {"uv": [7, 1, 15, 15], "texture": "#1"}
			}
		},
		{
			"from": [7.25, 9.5, 7],
			"to": [8.75, 9.75, 9],
			"rotation": {"angle": 0, "axis": "y", "origin": [7.5, 10, 8.5]},
			"faces": {
				"north": {"uv": [4, 7, 10, 8], "texture": "#3"},
				"east": {"uv": [4, 13, 10, 14], "texture": "#3"},
				"south": {"uv": [5, 7, 11, 8], "texture": "#3"},
				"west": {"uv": [8, 11, 14, 12], "texture": "#3"},
				"up": {"uv": [0, 0, 16, 16], "texture": "#3"},
				"down": {"uv": [11, 9, 15, 15], "texture": "#3"}
			}
		},
		{
			"from": [7.25, 2, 7.25],
			"to": [8.75, 2.25, 8.75],
			"rotation": {"angle": 0, "axis": "y", "origin": [7.5, 2.5, 8.5]},
			"faces": {
				"north": {"uv": [4, 7, 10, 8], "texture": "#3"},
				"east": {"uv": [4, 13, 10, 14], "texture": "#3"},
				"south": {"uv": [5, 7, 11, 8], "texture": "#3"},
				"west": {"uv": [8, 11, 14, 12], "texture": "#3"},
				"up": {"uv": [10, 10, 14, 14], "texture": "#3"},
				"down": {"uv": [4, 6, 8, 10], "texture": "#3"}
			}
		},
		{
			"from": [6, 10, 4],
			"to": [10, 14, 12],
			"rotation": {"angle": 0, "axis": "y", "origin": [7.5, 10.5, 8.5]},
			"faces": {
				"north": {"uv": [5, 6, 13, 14], "texture": "#1"},
				"east": {"uv": [2, 3, 16, 11], "texture": "#1"},
				"south": {"uv": [6, 3, 14, 11], "texture": "#1"},
				"west": {"uv": [1, 7, 15, 15], "texture": "#1"},
				"up": {"uv": [3, 1, 11, 15], "texture": "#1"},
				"down": {"uv": [7, 1, 15, 15], "texture": "#1"}
			}
		},
		{
			"from": [5.75, 10.25, 4.25],
			"to": [6, 13.75, 11.75],
			"rotation": {"angle": 0, "axis": "y", "origin": [3.5, 10.5, 8.5]},
			"faces": {
				"north": {"uv": [12, 7, 13, 15], "texture": "#1"},
				"east": {"uv": [0, 0, 7.5, 3.5], "texture": "#missing"},
				"south": {"uv": [5, 6, 6, 14], "texture": "#1"},
				"west": {"uv": [1, 4, 15, 12], "texture": "#1"},
				"up": {"uv": [14, 1, 15, 15], "texture": "#1"},
				"down": {"uv": [6, 1, 7, 15], "texture": "#1"}
			}
		},
		{
			"from": [10, 10.25, 4.25],
			"to": [10.25, 13.75, 11.75],
			"rotation": {"angle": 0, "axis": "y", "origin": [7.75, 10.5, 8.5]},
			"faces": {
				"north": {"uv": [13, 2, 14, 10], "texture": "#1"},
				"east": {"uv": [1, 2, 15, 10], "texture": "#1"},
				"south": {"uv": [4, 2, 5, 10], "texture": "#1"},
				"west": {"uv": [0, 0, 7.5, 3.5], "texture": "#missing"},
				"up": {"uv": [6, 1, 7, 15], "texture": "#1"},
				"down": {"uv": [12, 1, 13, 15], "texture": "#1"}
			}
		},
		{
			"from": [6.25, 10.25, 3.75],
			"to": [9.75, 13.75, 4],
			"rotation": {"angle": 0, "axis": "y", "origin": [7.5, 10.5, 0.5]},
			"faces": {
				"north": {"uv": [3, 3, 11, 11], "texture": "#1"},
				"east": {"uv": [3, 6, 4, 14], "texture": "#1"},
				"south": {"uv": [0, 0, 3.5, 3.5], "texture": "#missing"},
				"west": {"uv": [10, 4, 11, 12], "texture": "#1"},
				"up": {"uv": [5, 6, 13, 7], "texture": "#1"},
				"down": {"uv": [2, 5, 10, 6], "texture": "#1"}
			}
		},
		{
			"from": [6.25, 10.25, 12],
			"to": [9.75, 13.75, 12.25],
			"rotation": {"angle": 0, "axis": "y", "origin": [7.5, 10.5, 8.75]},
			"faces": {
				"north": {"uv": [0, 0, 3.5, 3.5], "texture": "#missing"},
				"east": {"uv": [6, 5, 7, 13], "texture": "#1"},
				"south": {"uv": [5, 6, 13, 14], "texture": "#1"},
				"west": {"uv": [6, 3, 7, 11], "texture": "#1"},
				"up": {"uv": [4, 9, 12, 10], "texture": "#1"},
				"down": {"uv": [6, 5, 14, 6], "texture": "#1"}
			}
		},
		{
			"from": [7.5, 2.25, 7.5],
			"to": [8.5, 9.5, 8.5],
			"rotation": {"angle": 0, "axis": "y", "origin": [8, 2.5, 8]},
			"faces": {
				"north": {"uv": [6, 0, 8, 16], "texture": "#0"},
				"east": {"uv": [4, 0, 6, 16], "texture": "#0"},
				"south": {"uv": [2, 0, 4, 16], "texture": "#0"},
				"west": {"uv": [0, 0, 2, 16], "texture": "#0"},
				"up": {"uv": [0, 0, 2, 16], "texture": "#0"},
				"down": {"uv": [0, 0, 2, 16], "texture": "#0"}
			}
		}
	],
	"display": {
		"thirdperson_righthand": {
			"translation": [0, 3, 1],
			"scale": [0.55, 0.55, 0.55]
		},
		"thirdperson_lefthand": {
			"scale": [0, 0, 0]
		},
		"firstperson_righthand": {
			"rotation": [-12, -2, -3],
			"translation": [1.5, 4.5, 0],
			"scale": [0.75, 0.75, 0.75]
		},
		"firstperson_lefthand": {
			"scale": [0, 0, 0]
		},
		"ground": {
			"translation": [0, 0.75, 0],
			"scale": [0.5, 0.5, 0.5]
		},
		"gui": {
			"rotation": [19, 55, 3],
			"translation": [0, 0.5, 0]
		}
	}
}