{
	"credit": "Made with Blockbench",
	"textures": {
		"0": "block/black_concrete",
		"1": "block/gray_concrete",
		"2": "block/white_concrete",
		"4": "block/sea_lantern",
		"particle": "block/black_concrete"
	},
	"elements": [
		{
			"from": [7.5, 1.125, 7.36058],
			"to": [8.5, 1.375, 14.36058],
			"rotation": {"angle": 0, "axis": "y", "origin": [8, 2.125, 11.5625]},
			"faces": {
				"north": {"uv": [13, 13, 16, 16], "rotation": 90, "texture": "#0"},
				"east": {"uv": [13, 13, 16, 16], "rotation": 90, "texture": "#0"},
				"south": {"uv": [13, 13, 16, 16], "rotation": 90, "texture": "#0"},
				"west": {"uv": [13, 13, 16, 16], "rotation": 90, "texture": "#0"},
				"up": {"uv": [13, 13, 16, 16], "rotation": 90, "texture": "#0"},
				"down": {"uv": [0, 13, 16, 16], "rotation": 90, "texture": "#0"}
			}
		},
		{
			"from": [7.5, 1.625, 14.36058],
			"to": [8.5, 2.625, 14.61058],
			"rotation": {"angle": 0, "axis": "y", "origin": [8, 2.125, 11.5625]},
			"faces": {
				"north": {"uv": [0, 0, 1, 1], "texture": "#0"},
				"east": {"uv": [0, 0, 0.25, 1], "texture": "#missing"},
				"south": {"uv": [13, 13, 16, 16], "texture": "#0"},
				"west": {"uv": [0, 0, 0.25, 1], "texture": "#missing"},
				"up": {"uv": [0, 0, 1, 0.25], "texture": "#missing"},
				"down": {"uv": [0, 0, 1, 0.25], "texture": "#missing"}
			}
		},
		{
			"from": [7.5, 2.625, 14.36058],
			"to": [8.5, 2.875, 14.61058],
			"rotation": {"angle": 0, "axis": "y", "origin": [8, 2.125, 11.5625]},
			"faces": {
				"north": {"uv": [0, 0, 16, 16], "texture": "#0"},
				"east": {"uv": [0, 0, 16, 16], "texture": "#0"},
				"south": {"uv": [0, 0, 16, 16], "texture": "#0"},
				"west": {"uv": [0, 0, 16, 16], "texture": "#0"},
				"up": {"uv": [0, 0, 16, 16], "texture": "#0"},
				"down": {"uv": [0, 0, 16, 16], "texture": "#0"}
			}
		},
		{
			"from": [8.5, 1.625, 14.36058],
			"to": [8.75, 2.625, 14.61058],
			"rotation": {"angle": 0, "axis": "y", "origin": [8, 2.125, 11.5625]},
			"faces": {
				"north": {"uv": [0, 0, 1, 0.25], "rotation": 270, "texture": "#0"},
				"east": {"uv": [3, 4, 6, 11], "texture": "#0"},
				"south": {"uv": [3, 4, 6, 11], "texture": "#0"},
				"west": {"uv": [0, 0, 1, 0.25], "rotation": 90, "texture": "#missing"},
				"up": {"uv": [14, 4, 16, 6], "texture": "#0"},
				"down": {"uv": [14, 4, 16, 6], "texture": "#0"}
			}
		},
		{
			"from": [7.25, 1.625, 14.36058],
			"to": [7.5, 2.625, 14.61058],
			"rotation": {"angle": 0, "axis": "y", "origin": [8, 2.125, 11.5625]},
			"faces": {
				"north": {"uv": [0, 0, 1, 0.25], "rotation": 270, "texture": "#0"},
				"east": {"uv": [0, 0, 1, 0.25], "rotation": 90, "texture": "#missing"},
				"south": {"uv": [3, 4, 3.25, 5], "texture": "#0"},
				"west": {"uv": [3, 4, 3.25, 5], "texture": "#0"},
				"up": {"uv": [14, 4, 14.25, 4.25], "texture": "#0"},
				"down": {"uv": [14, 4, 14.25, 4.25], "texture": "#0"}
			}
		},
		{
			"from": [7.5, 1.375, 14.36058],
			"to": [8.5, 1.625, 14.61058],
			"rotation": {"angle": 0, "axis": "y", "origin": [8, 2.125, 11.5625]},
			"faces": {
				"north": {"uv": [0, 0, 1, 0.25], "texture": "#0"},
				"east": {"uv": [14, 4, 16, 6], "texture": "#0"},
				"south": {"uv": [9, 13, 16, 16], "texture": "#0"},
				"west": {"uv": [14, 4, 16, 6], "texture": "#0"},
				"up": {"uv": [0, 0, 1, 0.25], "texture": "#missing"},
				"down": {"uv": [3, 8, 10, 11], "texture": "#0"}
			}
		},
		{
			"from": [7.5, 2.875, 7.36058],
			"to": [8.5, 3.125, 14.36058],
			"rotation": {"angle": 0, "axis": "y", "origin": [8, 2.125, 11.5625]},
			"faces": {
				"north": {"uv": [13, 13, 16, 16], "rotation": 90, "texture": "#0"},
				"east": {"uv": [13, 13, 16, 16], "rotation": 90, "texture": "#0"},
				"south": {"uv": [13, 13, 16, 16], "rotation": 90, "texture": "#0"},
				"west": {"uv": [13, 13, 16, 16], "rotation": 90, "texture": "#0"},
				"up": {"uv": [0, 13, 16, 16], "rotation": 90, "texture": "#0"},
				"down": {"uv": [13, 13, 16, 16], "rotation": 90, "texture": "#0"}
			}
		},
		{
			"from": [7.25, 2.625, 7.36058],
			"to": [7.5, 2.875, 14.36058],
			"rotation": {"angle": 0, "axis": "y", "origin": [8, 2.125, 11.5625]},
			"faces": {
				"north": {"uv": [13, 13, 16, 16], "rotation": 90, "texture": "#0"},
				"east": {"uv": [13, 13, 16, 16], "rotation": 90, "texture": "#0"},
				"south": {"uv": [13, 13, 16, 16], "rotation": 90, "texture": "#0"},
				"west": {"uv": [15, 15, 16, 16], "rotation": 90, "texture": "#0"},
				"up": {"uv": [15, 15, 16, 16], "rotation": 90, "texture": "#0"},
				"down": {"uv": [13, 13, 16, 16], "rotation": 90, "texture": "#0"}
			}
		},
		{
			"from": [8.5, 2.625, 7.36058],
			"to": [8.75, 2.875, 14.36058],
			"rotation": {"angle": 0, "axis": "y", "origin": [8, 2.125, 11.5625]},
			"faces": {
				"north": {"uv": [13, 13, 16, 16], "rotation": 90, "texture": "#0"},
				"east": {"uv": [15, 15, 16, 16], "rotation": 90, "texture": "#0"},
				"south": {"uv": [13, 13, 16, 16], "rotation": 90, "texture": "#0"},
				"west": {"uv": [13, 13, 16, 16], "rotation": 90, "texture": "#0"},
				"up": {"uv": [15, 15, 16, 16], "rotation": 90, "texture": "#0"},
				"down": {"uv": [13, 13, 16, 16], "rotation": 90, "texture": "#0"}
			}
		},
		{
			"from": [8.5, 1.375, 7.36058],
			"to": [8.75, 1.625, 14.36058],
			"rotation": {"angle": 0, "axis": "y", "origin": [8, 2.125, 11.5625]},
			"faces": {
				"north": {"uv": [13, 13, 16, 16], "rotation": 90, "texture": "#0"},
				"east": {"uv": [15, 15, 16, 16], "rotation": 90, "texture": "#0"},
				"south": {"uv": [13, 13, 16, 16], "rotation": 90, "texture": "#0"},
				"west": {"uv": [13, 13, 16, 16], "rotation": 90, "texture": "#0"},
				"up": {"uv": [13, 13, 16, 16], "rotation": 90, "texture": "#0"},
				"down": {"uv": [15, 15, 16, 16], "rotation": 90, "texture": "#0"}
			}
		},
		{
			"from": [7.25, 1.375, 7.36058],
			"to": [7.5, 1.625, 14.36058],
			"rotation": {"angle": 0, "axis": "y", "origin": [8, 2.125, 11.5625]},
			"faces": {
				"north": {"uv": [13, 13, 16, 16], "rotation": 90, "texture": "#0"},
				"east": {"uv": [13, 13, 16, 16], "rotation": 90, "texture": "#0"},
				"south": {"uv": [13, 13, 16, 16], "rotation": 90, "texture": "#0"},
				"west": {"uv": [15, 15, 16, 16], "rotation": 90, "texture": "#0"},
				"up": {"uv": [13, 13, 16, 16], "rotation": 90, "texture": "#0"},
				"down": {"uv": [13, 13, 16, 16], "rotation": 90, "texture": "#0"}
			}
		},
		{
			"from": [8.75, 1.625, 7.36058],
			"to": [9, 2.625, 14.36058],
			"rotation": {"angle": 0, "axis": "y", "origin": [8, 2.125, 11.5625]},
			"faces": {
				"north": {"uv": [13, 13, 16, 16], "rotation": 90, "texture": "#0"},
				"east": {"uv": [7, 0, 10, 16], "rotation": 90, "texture": "#0"},
				"south": {"uv": [13, 13, 16, 16], "rotation": 90, "texture": "#0"},
				"west": {"uv": [13, 13, 16, 16], "rotation": 90, "texture": "#0"},
				"up": {"uv": [13, 13, 16, 16], "rotation": 90, "texture": "#0"},
				"down": {"uv": [13, 13, 16, 16], "rotation": 90, "texture": "#0"}
			}
		},
		{
			"from": [8.75, 1.625, 6.36058],
			"to": [9, 2.625, 7.36058],
			"rotation": {"angle": 0, "axis": "y", "origin": [8, 2.125, 4.5625]},
			"faces": {
				"north": {"uv": [6, 7, 8, 9], "rotation": 270, "texture": "#1"},
				"east": {"uv": [6, 7, 8, 9], "rotation": 270, "texture": "#1"},
				"south": {"uv": [6, 7, 8, 9], "rotation": 270, "texture": "#1"},
				"west": {"uv": [6, 7, 8, 9], "rotation": 270, "texture": "#1"},
				"up": {"uv": [6, 7, 8, 9], "rotation": 270, "texture": "#1"},
				"down": {"uv": [6, 7, 8, 9], "rotation": 270, "texture": "#1"}
			}
		},
		{
			"from": [8.75, 1.625, 4.86058],
			"to": [9, 2.625, 6.36058],
			"rotation": {"angle": 0, "axis": "y", "origin": [8, 2.125, 3.5625]},
			"faces": {
				"north": {"uv": [6, 7, 8, 9], "rotation": 270, "texture": "#0"},
				"east": {"uv": [6, 7, 8, 9], "rotation": 270, "texture": "#0"},
				"south": {"uv": [6, 7, 8, 9], "rotation": 270, "texture": "#0"},
				"west": {"uv": [6, 7, 8, 9], "rotation": 270, "texture": "#0"},
				"up": {"uv": [6, 7, 8, 9], "rotation": 270, "texture": "#0"},
				"down": {"uv": [6, 7, 8, 9], "rotation": 270, "texture": "#0"}
			}
		},
		{
			"from": [7.5, 2.875, 6.36058],
			"to": [8.5, 3.125, 7.36058],
			"rotation": {"angle": 0, "axis": "y", "origin": [8, 3, 6.86058]},
			"faces": {
				"north": {"uv": [6, 7, 8, 9], "rotation": 180, "texture": "#1"},
				"east": {"uv": [6, 7, 8, 9], "texture": "#1"},
				"south": {"uv": [6, 7, 8, 9], "texture": "#1"},
				"west": {"uv": [6, 7, 8, 9], "texture": "#1"},
				"up": {"uv": [6, 7, 8, 9], "texture": "#1"},
				"down": {"uv": [6, 7, 8, 9], "texture": "#1"}
			}
		},
		{
			"from": [7.5, 2.875, 4.86058],
			"to": [8.5, 3.125, 6.36058],
			"rotation": {"angle": 0, "axis": "y", "origin": [8, 3, 5.86058]},
			"faces": {
				"north": {"uv": [6, 7, 8, 9], "rotation": 180, "texture": "#0"},
				"east": {"uv": [6, 7, 8, 9], "texture": "#0"},
				"south": {"uv": [6, 7, 8, 9], "texture": "#0"},
				"west": {"uv": [6, 7, 8, 9], "texture": "#0"},
				"up": {"uv": [6, 7, 8, 9], "texture": "#0"},
				"down": {"uv": [6, 7, 8, 9], "texture": "#0"}
			}
		},
		{
			"from": [7.25, 3.125, 4.36058],
			"to": [8.75, 3.375, 4.86058],
			"rotation": {"angle": 0, "axis": "y", "origin": [8, 3.25, 4.36058]},
			"faces": {
				"north": {"uv": [6, 7, 12, 9], "texture": "#0"},
				"east": {"uv": [6, 7, 12, 9], "texture": "#0"},
				"south": {"uv": [6, 7, 12, 9], "texture": "#0"},
				"west": {"uv": [6, 7, 12, 9], "texture": "#0"},
				"up": {"uv": [2, 7, 12, 12], "texture": "#0"},
				"down": {"uv": [6, 7, 12, 9], "texture": "#0"}
			}
		},
		{
			"from": [7.25, 3.375, 3.86058],
			"to": [8.75, 3.625, 4.36058],
			"rotation": {"angle": 0, "axis": "y", "origin": [8, 3.5, 3.86058]},
			"faces": {
				"north": {"uv": [6, 7, 12, 9], "texture": "#0"},
				"east": {"uv": [6, 7, 12, 9], "texture": "#0"},
				"south": {"uv": [6, 7, 12, 9], "texture": "#0"},
				"west": {"uv": [6, 7, 12, 9], "texture": "#0"},
				"up": {"uv": [2, 7, 12, 12], "texture": "#0"},
				"down": {"uv": [6, 7, 12, 9], "texture": "#0"}
			}
		},
		{
			"from": [7.25, 3.625, 1.36058],
			"to": [8.75, 3.875, 3.86058],
			"rotation": {"angle": 0, "axis": "y", "origin": [8, 3.75, 3.36058]},
			"faces": {
				"north": {"uv": [6, 7, 12, 9], "texture": "#0"},
				"east": {"uv": [6, 7, 12, 9], "texture": "#0"},
				"south": {"uv": [6, 7, 12, 9], "texture": "#0"},
				"west": {"uv": [6, 7, 12, 9], "texture": "#0"},
				"up": {"uv": [2, 1, 10, 16], "texture": "#0"},
				"down": {"uv": [2, 1, 10, 16], "texture": "#0"}
			}
		},
		{
			"from": [7.25, 0.375, 1.42308],
			"to": [8.75, 0.625, 3.86058],
			"rotation": {"angle": 0, "axis": "y", "origin": [8, 0.5, 3.36058]},
			"faces": {
				"north": {"uv": [6, 7, 12, 9], "texture": "#0"},
				"east": {"uv": [6, 7, 12, 9], "texture": "#0"},
				"south": {"uv": [6, 7, 12, 9], "texture": "#0"},
				"west": {"uv": [6, 7, 12, 9], "texture": "#0"},
				"up": {"uv": [2, 1, 10, 16], "texture": "#0"},
				"down": {"uv": [2, 1, 10, 16], "texture": "#0"}
			}
		},
		{
			"from": [7.25, 0.875, 4.36058],
			"to": [8.75, 1.125, 4.86058],
			"rotation": {"angle": 0, "axis": "y", "origin": [8, 1, 4.36058]},
			"faces": {
				"north": {"uv": [6, 7, 12, 9], "texture": "#0"},
				"east": {"uv": [6, 7, 12, 9], "texture": "#0"},
				"south": {"uv": [6, 7, 12, 9], "texture": "#0"},
				"west": {"uv": [6, 7, 12, 9], "texture": "#0"},
				"up": {"uv": [2, 7, 12, 12], "texture": "#0"},
				"down": {"uv": [6, 7, 12, 9], "texture": "#0"}
			}
		},
		{
			"from": [7.25, 0.625, 3.86058],
			"to": [8.75, 0.875, 4.36058],
			"rotation": {"angle": 0, "axis": "y", "origin": [8, 0.75, 3.86058]},
			"faces": {
				"north": {"uv": [6, 7, 12, 9], "texture": "#0"},
				"east": {"uv": [6, 7, 12, 9], "texture": "#0"},
				"south": {"uv": [6, 7, 12, 9], "texture": "#0"},
				"west": {"uv": [6, 7, 12, 9], "texture": "#0"},
				"up": {"uv": [2, 7, 12, 12], "texture": "#0"},
				"down": {"uv": [6, 7, 12, 9], "texture": "#0"}
			}
		},
		{
			"from": [7.25, 2.875, 4.36058],
			"to": [7.5, 3.125, 4.86058],
			"rotation": {"angle": 0, "axis": "y", "origin": [7, 3, 4.36058]},
			"faces": {
				"north": {"uv": [6, 7, 12, 9], "texture": "#0"},
				"east": {"uv": [6, 7, 12, 9], "texture": "#0"},
				"south": {"uv": [6, 7, 12, 9], "texture": "#0"},
				"west": {"uv": [6, 7, 12, 9], "texture": "#0"},
				"up": {"uv": [2, 7, 4, 12], "texture": "#0"},
				"down": {"uv": [6, 7, 12, 9], "texture": "#0"}
			}
		},
		{
			"from": [8.5, 2.875, 4.36058],
			"to": [8.75, 3.125, 4.86058],
			"rotation": {"angle": 0, "axis": "y", "origin": [8.25, 3, 4.36058]},
			"faces": {
				"north": {"uv": [6, 7, 12, 9], "texture": "#0"},
				"east": {"uv": [6, 7, 12, 9], "texture": "#0"},
				"south": {"uv": [6, 7, 12, 9], "texture": "#0"},
				"west": {"uv": [6, 7, 12, 9], "texture": "#0"},
				"up": {"uv": [2, 7, 4, 12], "texture": "#0"},
				"down": {"uv": [6, 7, 12, 9], "texture": "#0"}
			}
		},
		{
			"from": [8.75, 2.625, 4.36058],
			"to": [9, 2.875, 4.86058],
			"rotation": {"angle": 0, "axis": "y", "origin": [8.5, 2.75, 4.36058]},
			"faces": {
				"north": {"uv": [6, 7, 12, 9], "texture": "#0"},
				"east": {"uv": [6, 7, 12, 9], "texture": "#0"},
				"south": {"uv": [6, 7, 12, 9], "texture": "#0"},
				"west": {"uv": [6, 7, 12, 9], "texture": "#0"},
				"up": {"uv": [2, 7, 4, 12], "texture": "#0"},
				"down": {"uv": [6, 7, 12, 9], "texture": "#0"}
			}
		},
		{
			"from": [8.75, 2.875, 4.36058],
			"to": [9, 3.125, 4.86058],
			"rotation": {"angle": 0, "axis": "y", "origin": [8.5, 3, 4.36058]},
			"faces": {
				"north": {"uv": [6, 7, 12, 9], "texture": "#0"},
				"east": {"uv": [6, 7, 12, 9], "texture": "#0"},
				"south": {"uv": [6, 7, 12, 9], "texture": "#0"},
				"west": {"uv": [6, 7, 12, 9], "texture": "#0"},
				"up": {"uv": [2, 7, 4, 12], "texture": "#0"},
				"down": {"uv": [6, 7, 12, 9], "texture": "#0"}
			}
		},
		{
			"from": [8.5, 3.125, 3.86058],
			"to": [8.75, 3.375, 4.36058],
			"rotation": {"angle": 0, "axis": "y", "origin": [8.25, 3.25, 3.86058]},
			"faces": {
				"north": {"uv": [6, 7, 12, 9], "texture": "#0"},
				"east": {"uv": [6, 7, 12, 9], "texture": "#0"},
				"south": {"uv": [6, 7, 12, 9], "texture": "#0"},
				"west": {"uv": [6, 7, 12, 9], "texture": "#0"},
				"up": {"uv": [2, 7, 4, 12], "texture": "#0"},
				"down": {"uv": [6, 7, 12, 9], "texture": "#0"}
			}
		},
		{
			"from": [8.5, 0.875, 3.86058],
			"to": [8.75, 1.125, 4.36058],
			"rotation": {"angle": 0, "axis": "y", "origin": [8.25, 1, 3.86058]},
			"faces": {
				"north": {"uv": [6, 7, 12, 9], "texture": "#0"},
				"east": {"uv": [6, 7, 12, 9], "texture": "#0"},
				"south": {"uv": [6, 7, 12, 9], "texture": "#0"},
				"west": {"uv": [6, 7, 12, 9], "texture": "#0"},
				"up": {"uv": [2, 7, 4, 12], "texture": "#0"},
				"down": {"uv": [6, 7, 12, 9], "texture": "#0"}
			}
		},
		{
			"from": [7.25, 0.875, 3.86058],
			"to": [7.5, 1.125, 4.36058],
			"rotation": {"angle": 0, "axis": "y", "origin": [7, 1, 3.86058]},
			"faces": {
				"north": {"uv": [6, 7, 12, 9], "texture": "#0"},
				"east": {"uv": [6, 7, 12, 9], "texture": "#0"},
				"south": {"uv": [6, 7, 12, 9], "texture": "#0"},
				"west": {"uv": [6, 7, 12, 9], "texture": "#0"},
				"up": {"uv": [2, 7, 4, 12], "texture": "#0"},
				"down": {"uv": [6, 7, 12, 9], "texture": "#0"}
			}
		},
		{
			"from": [7, 1.125, 4.36058],
			"to": [7.25, 1.375, 4.86058],
			"rotation": {"angle": 0, "axis": "y", "origin": [6.75, 1.25, 4.36058]},
			"faces": {
				"north": {"uv": [6, 7, 12, 9], "texture": "#0"},
				"east": {"uv": [6, 7, 12, 9], "texture": "#0"},
				"south": {"uv": [6, 7, 12, 9], "texture": "#0"},
				"west": {"uv": [6, 7, 12, 9], "texture": "#0"},
				"up": {"uv": [2, 7, 4, 12], "texture": "#0"},
				"down": {"uv": [6, 7, 12, 9], "texture": "#0"}
			}
		},
		{
			"from": [6.75, 1.375, 3.86058],
			"to": [7, 1.625, 4.36058],
			"rotation": {"angle": 0, "axis": "y", "origin": [6.5, 1.5, 3.86058]},
			"faces": {
				"north": {"uv": [6, 7, 12, 9], "texture": "#0"},
				"east": {"uv": [6, 7, 12, 9], "texture": "#0"},
				"south": {"uv": [6, 7, 12, 9], "texture": "#0"},
				"west": {"uv": [6, 7, 12, 9], "texture": "#0"},
				"up": {"uv": [2, 7, 4, 12], "texture": "#0"},
				"down": {"uv": [6, 7, 12, 9], "texture": "#0"}
			}
		},
		{
			"from": [8.75, 1.125, 4.36058],
			"to": [9, 1.375, 4.86058],
			"rotation": {"angle": 0, "axis": "y", "origin": [8.5, 1.25, 4.36058]},
			"faces": {
				"north": {"uv": [6, 7, 12, 9], "texture": "#0"},
				"east": {"uv": [6, 7, 12, 9], "texture": "#0"},
				"south": {"uv": [6, 7, 12, 9], "texture": "#0"},
				"west": {"uv": [6, 7, 12, 9], "texture": "#0"},
				"up": {"uv": [2, 7, 4, 12], "texture": "#0"},
				"down": {"uv": [6, 7, 12, 9], "texture": "#0"}
			}
		},
		{
			"from": [9, 1.375, 3.86058],
			"to": [9.25, 1.625, 4.36058],
			"rotation": {"angle": 0, "axis": "y", "origin": [8.75, 1.5, 3.86058]},
			"faces": {
				"north": {"uv": [6, 7, 12, 9], "texture": "#0"},
				"east": {"uv": [6, 7, 12, 9], "texture": "#0"},
				"south": {"uv": [6, 7, 12, 9], "texture": "#0"},
				"west": {"uv": [6, 7, 12, 9], "texture": "#0"},
				"up": {"uv": [2, 7, 4, 12], "texture": "#0"},
				"down": {"uv": [6, 7, 12, 9], "texture": "#0"}
			}
		},
		{
			"from": [9, 2.625, 3.86058],
			"to": [9.25, 2.875, 4.36058],
			"rotation": {"angle": 0, "axis": "y", "origin": [8.75, 2.75, 3.86058]},
			"faces": {
				"north": {"uv": [6, 7, 12, 9], "texture": "#0"},
				"east": {"uv": [6, 7, 12, 9], "texture": "#0"},
				"south": {"uv": [6, 7, 12, 9], "texture": "#0"},
				"west": {"uv": [6, 7, 12, 9], "texture": "#0"},
				"up": {"uv": [2, 7, 4, 12], "texture": "#0"},
				"down": {"uv": [6, 7, 12, 9], "texture": "#0"}
			}
		},
		{
			"from": [6.75, 2.625, 3.86058],
			"to": [7, 2.875, 4.36058],
			"rotation": {"angle": 0, "axis": "y", "origin": [6.5, 2.75, 3.86058]},
			"faces": {
				"north": {"uv": [6, 7, 12, 9], "texture": "#0"},
				"east": {"uv": [6, 7, 12, 9], "texture": "#0"},
				"south": {"uv": [6, 7, 12, 9], "texture": "#0"},
				"west": {"uv": [6, 7, 12, 9], "texture": "#0"},
				"up": {"uv": [2, 7, 4, 12], "texture": "#0"},
				"down": {"uv": [6, 7, 12, 9], "texture": "#0"}
			}
		},
		{
			"from": [6.5, 2.875, 1.36058],
			"to": [6.75, 3.125, 4.36058],
			"rotation": {"angle": 0, "axis": "y", "origin": [6.25, 3, 3.36058]},
			"faces": {
				"north": {"uv": [6, 7, 12, 9], "texture": "#0"},
				"east": {"uv": [6, 7, 12, 9], "texture": "#0"},
				"south": {"uv": [6, 7, 12, 9], "texture": "#0"},
				"west": {"uv": [6, 7, 12, 9], "texture": "#0"},
				"up": {"uv": [2, 7, 4, 12], "texture": "#0"},
				"down": {"uv": [6, 7, 12, 9], "texture": "#0"}
			}
		},
		{
			"from": [6.75, 3.125, 1.36058],
			"to": [7, 3.375, 4.36058],
			"rotation": {"angle": 0, "axis": "y", "origin": [6.5, 3.25, 3.36058]},
			"faces": {
				"north": {"uv": [6, 7, 12, 9], "texture": "#0"},
				"east": {"uv": [6, 7, 12, 9], "texture": "#0"},
				"south": {"uv": [6, 7, 12, 9], "texture": "#0"},
				"west": {"uv": [6, 7, 12, 9], "texture": "#0"},
				"up": {"uv": [2, 7, 4, 12], "texture": "#0"},
				"down": {"uv": [6, 7, 12, 9], "texture": "#0"}
			}
		},
		{
			"from": [7, 3.375, 1.36058],
			"to": [7.25, 3.625, 3.86058],
			"rotation": {"angle": 0, "axis": "y", "origin": [6.75, 3.5, 3.36058]},
			"faces": {
				"north": {"uv": [6, 7, 12, 9], "texture": "#0"},
				"east": {"uv": [6, 7, 12, 9], "texture": "#0"},
				"south": {"uv": [6, 7, 12, 9], "texture": "#0"},
				"west": {"uv": [6, 7, 12, 9], "texture": "#0"},
				"up": {"uv": [2, 7, 4, 12], "texture": "#0"},
				"down": {"uv": [6, 7, 12, 9], "texture": "#0"}
			}
		},
		{
			"from": [8.75, 3.375, 1.42308],
			"to": [9, 3.625, 3.86058],
			"rotation": {"angle": 0, "axis": "y", "origin": [8.5, 3.5, 3.36058]},
			"faces": {
				"north": {"uv": [6, 7, 12, 9], "texture": "#0"},
				"east": {"uv": [6, 7, 12, 9], "texture": "#0"},
				"south": {"uv": [6, 7, 12, 9], "texture": "#0"},
				"west": {"uv": [6, 7, 12, 9], "texture": "#0"},
				"up": {"uv": [2, 7, 4, 12], "texture": "#0"},
				"down": {"uv": [6, 7, 12, 9], "texture": "#0"}
			}
		},
		{
			"from": [9, 3.125, 1.42308],
			"to": [9.25, 3.375, 4.36058],
			"rotation": {"angle": 0, "axis": "y", "origin": [8.75, 3.25, 3.36058]},
			"faces": {
				"north": {"uv": [6, 7, 12, 9], "texture": "#0"},
				"east": {"uv": [6, 7, 12, 9], "texture": "#0"},
				"south": {"uv": [6, 7, 12, 9], "texture": "#0"},
				"west": {"uv": [6, 7, 12, 9], "texture": "#0"},
				"up": {"uv": [2, 7, 4, 12], "texture": "#0"},
				"down": {"uv": [6, 7, 12, 9], "texture": "#0"}
			}
		},
		{
			"from": [9.25, 2.875, 1.42308],
			"to": [9.5, 3.125, 4.36058],
			"rotation": {"angle": 0, "axis": "y", "origin": [9, 3, 3.36058]},
			"faces": {
				"north": {"uv": [6, 7, 12, 9], "texture": "#0"},
				"east": {"uv": [6, 7, 12, 9], "texture": "#0"},
				"south": {"uv": [6, 7, 12, 9], "texture": "#0"},
				"west": {"uv": [6, 7, 12, 9], "texture": "#0"},
				"up": {"uv": [2, 7, 4, 12], "texture": "#0"},
				"down": {"uv": [6, 7, 12, 9], "texture": "#0"}
			}
		},
		{
			"from": [9.25, 1.125, 1.42308],
			"to": [9.5, 1.375, 3.86058],
			"rotation": {"angle": 0, "axis": "y", "origin": [9, 1.25, 3.36058]},
			"faces": {
				"north": {"uv": [6, 7, 12, 9], "texture": "#0"},
				"east": {"uv": [6, 7, 12, 9], "texture": "#0"},
				"south": {"uv": [6, 7, 12, 9], "texture": "#0"},
				"west": {"uv": [6, 7, 12, 9], "texture": "#0"},
				"up": {"uv": [2, 7, 4, 12], "texture": "#0"},
				"down": {"uv": [6, 7, 12, 9], "texture": "#0"}
			}
		},
		{
			"from": [8.75, 0.625, 1.42308],
			"to": [9, 0.875, 4.36058],
			"rotation": {"angle": 0, "axis": "y", "origin": [8.5, 0.75, 3.36058]},
			"faces": {
				"north": {"uv": [6, 7, 12, 9], "texture": "#0"},
				"east": {"uv": [6, 7, 12, 9], "texture": "#0"},
				"south": {"uv": [6, 7, 12, 9], "texture": "#0"},
				"west": {"uv": [6, 7, 12, 9], "texture": "#0"},
				"up": {"uv": [2, 7, 4, 12], "texture": "#0"},
				"down": {"uv": [6, 7, 12, 9], "texture": "#0"}
			}
		},
		{
			"from": [7, 0.625, 1.42308],
			"to": [7.25, 0.875, 3.86058],
			"rotation": {"angle": 0, "axis": "y", "origin": [6.75, 0.75, 3.36058]},
			"faces": {
				"north": {"uv": [6, 7, 12, 9], "texture": "#0"},
				"east": {"uv": [6, 7, 12, 9], "texture": "#0"},
				"south": {"uv": [6, 7, 12, 9], "texture": "#0"},
				"west": {"uv": [6, 7, 12, 9], "texture": "#0"},
				"up": {"uv": [2, 7, 4, 12], "texture": "#0"},
				"down": {"uv": [6, 7, 12, 9], "texture": "#0"}
			}
		},
		{
			"from": [6.75, 0.875, 1.42308],
			"to": [7, 1.125, 4.36058],
			"rotation": {"angle": 0, "axis": "y", "origin": [6.5, 1, 3.36058]},
			"faces": {
				"north": {"uv": [6, 7, 12, 9], "texture": "#0"},
				"east": {"uv": [6, 7, 12, 9], "texture": "#0"},
				"south": {"uv": [6, 7, 12, 9], "texture": "#0"},
				"west": {"uv": [6, 7, 12, 9], "texture": "#0"},
				"up": {"uv": [2, 7, 4, 12], "texture": "#0"},
				"down": {"uv": [6, 7, 12, 9], "texture": "#0"}
			}
		},
		{
			"from": [6.5, 1.125, 1.42308],
			"to": [6.75, 1.375, 4.36058],
			"rotation": {"angle": 0, "axis": "y", "origin": [6.25, 1.25, 3.36058]},
			"faces": {
				"north": {"uv": [6, 7, 12, 9], "texture": "#0"},
				"east": {"uv": [6, 7, 12, 9], "texture": "#0"},
				"south": {"uv": [6, 7, 12, 9], "texture": "#0"},
				"west": {"uv": [6, 7, 12, 9], "texture": "#0"},
				"up": {"uv": [2, 7, 4, 12], "texture": "#0"},
				"down": {"uv": [6, 7, 12, 9], "texture": "#0"}
			}
		},
		{
			"from": [9, 0.875, 1.42308],
			"to": [9.25, 1.125, 4.36058],
			"rotation": {"angle": 0, "axis": "y", "origin": [8.75, 1, 3.36058]},
			"faces": {
				"north": {"uv": [6, 7, 12, 9], "texture": "#0"},
				"east": {"uv": [6, 7, 12, 9], "texture": "#0"},
				"south": {"uv": [6, 7, 12, 9], "texture": "#0"},
				"west": {"uv": [6, 7, 12, 9], "texture": "#0"},
				"up": {"uv": [2, 7, 4, 12], "texture": "#0"},
				"down": {"uv": [6, 7, 12, 9], "texture": "#0"}
			}
		},
		{
			"from": [7, 2.875, 4.36058],
			"to": [7.25, 3.125, 4.86058],
			"rotation": {"angle": 0, "axis": "y", "origin": [6.75, 3, 4.36058]},
			"faces": {
				"north": {"uv": [6, 7, 12, 9], "texture": "#0"},
				"east": {"uv": [6, 7, 12, 9], "texture": "#0"},
				"south": {"uv": [6, 7, 12, 9], "texture": "#0"},
				"west": {"uv": [6, 7, 12, 9], "texture": "#0"},
				"up": {"uv": [2, 7, 4, 12], "texture": "#0"},
				"down": {"uv": [6, 7, 12, 9], "texture": "#0"}
			}
		},
		{
			"from": [6.75, 2.875, 3.86058],
			"to": [7, 3.125, 4.36058],
			"rotation": {"angle": 0, "axis": "y", "origin": [6.5, 3, 3.86058]},
			"faces": {
				"north": {"uv": [6, 7, 12, 9], "texture": "#0"},
				"east": {"uv": [6, 7, 12, 9], "texture": "#0"},
				"south": {"uv": [6, 7, 12, 9], "texture": "#0"},
				"west": {"uv": [6, 7, 12, 9], "texture": "#0"},
				"up": {"uv": [2, 7, 4, 12], "texture": "#0"},
				"down": {"uv": [6, 7, 12, 9], "texture": "#0"}
			}
		},
		{
			"from": [6.5, 1.375, 1.61058],
			"to": [6.75, 2.875, 2.11058],
			"rotation": {"angle": 0, "axis": "y", "origin": [6.25, 1.5, 1.61058]},
			"faces": {
				"north": {"uv": [11, 8, 12, 9], "texture": "#2"},
				"east": {"uv": [11, 8, 12, 9], "texture": "#2"},
				"south": {"uv": [11, 8, 12, 9], "texture": "#2"},
				"west": {"uv": [11, 8, 12, 9], "texture": "#2"},
				"up": {"uv": [11, 8, 12, 9], "texture": "#2"},
				"down": {"uv": [11, 8, 12, 9], "texture": "#2"}
			}
		},
		{
			"from": [6.75, 1.375, 2.11058],
			"to": [7, 2.875, 2.61058],
			"rotation": {"angle": 0, "axis": "y", "origin": [6.5, 1.5, 2.11058]},
			"faces": {
				"north": {"uv": [11, 8, 12, 9], "texture": "#2"},
				"east": {"uv": [11, 8, 12, 9], "texture": "#2"},
				"south": {"uv": [11, 8, 12, 9], "texture": "#2"},
				"west": {"uv": [11, 8, 12, 9], "texture": "#2"},
				"up": {"uv": [11, 8, 12, 9], "texture": "#2"},
				"down": {"uv": [11, 8, 12, 9], "texture": "#2"}
			}
		},
		{
			"from": [7, 1.375, 2.61058],
			"to": [7.25, 2.875, 3.11058],
			"rotation": {"angle": 0, "axis": "y", "origin": [6.75, 1.5, 2.61058]},
			"faces": {
				"north": {"uv": [11, 8, 12, 9], "texture": "#2"},
				"east": {"uv": [11, 8, 12, 9], "texture": "#2"},
				"south": {"uv": [11, 8, 12, 9], "texture": "#2"},
				"west": {"uv": [11, 8, 12, 9], "texture": "#2"},
				"up": {"uv": [11, 8, 12, 9], "texture": "#2"},
				"down": {"uv": [11, 8, 12, 9], "texture": "#2"}
			}
		},
		{
			"from": [7.25, 1.375, 3.11058],
			"to": [7.5, 2.875, 3.61058],
			"rotation": {"angle": 0, "axis": "y", "origin": [7, 1.5, 3.11058]},
			"faces": {
				"north": {"uv": [11, 8, 12, 9], "texture": "#2"},
				"east": {"uv": [11, 8, 12, 9], "texture": "#2"},
				"south": {"uv": [11, 8, 12, 9], "texture": "#2"},
				"west": {"uv": [11, 8, 12, 9], "texture": "#2"},
				"up": {"uv": [11, 8, 12, 9], "texture": "#2"},
				"down": {"uv": [11, 8, 12, 9], "texture": "#2"}
			}
		},
		{
			"from": [8.5, 1.375, 3.11058],
			"to": [8.75, 2.875, 3.61058],
			"rotation": {"angle": 0, "axis": "y", "origin": [8.25, 1.5, 3.11058]},
			"faces": {
				"north": {"uv": [11, 8, 12, 9], "texture": "#2"},
				"east": {"uv": [11, 8, 12, 9], "texture": "#2"},
				"south": {"uv": [11, 8, 12, 9], "texture": "#2"},
				"west": {"uv": [11, 8, 12, 9], "texture": "#2"},
				"up": {"uv": [11, 8, 12, 9], "texture": "#2"},
				"down": {"uv": [11, 8, 12, 9], "texture": "#2"}
			}
		},
		{
			"from": [8.75, 1.375, 2.61058],
			"to": [9, 2.875, 3.11058],
			"rotation": {"angle": 0, "axis": "y", "origin": [8.5, 1.5, 2.61058]},
			"faces": {
				"north": {"uv": [11, 8, 12, 9], "texture": "#2"},
				"east": {"uv": [11, 8, 12, 9], "texture": "#2"},
				"south": {"uv": [11, 8, 12, 9], "texture": "#2"},
				"west": {"uv": [11, 8, 12, 9], "texture": "#2"},
				"up": {"uv": [11, 8, 12, 9], "texture": "#2"},
				"down": {"uv": [11, 8, 12, 9], "texture": "#2"}
			}
		},
		{
			"from": [9, 1.375, 2.11058],
			"to": [9.25, 2.875, 2.61058],
			"rotation": {"angle": 0, "axis": "y", "origin": [8.75, 1.5, 2.11058]},
			"faces": {
				"north": {"uv": [11, 8, 12, 9], "texture": "#2"},
				"east": {"uv": [11, 8, 12, 9], "texture": "#2"},
				"south": {"uv": [11, 8, 12, 9], "texture": "#2"},
				"west": {"uv": [11, 8, 12, 9], "texture": "#2"},
				"up": {"uv": [11, 8, 12, 9], "texture": "#2"},
				"down": {"uv": [11, 8, 12, 9], "texture": "#2"}
			}
		},
		{
			"from": [9.25, 1.375, 1.61058],
			"to": [9.5, 2.875, 2.11058],
			"rotation": {"angle": 0, "axis": "y", "origin": [9, 1.5, 1.61058]},
			"faces": {
				"north": {"uv": [11, 8, 12, 9], "texture": "#2"},
				"east": {"uv": [11, 8, 12, 9], "texture": "#2"},
				"south": {"uv": [11, 8, 12, 9], "texture": "#2"},
				"west": {"uv": [11, 8, 12, 9], "texture": "#2"},
				"up": {"uv": [11, 8, 12, 9], "texture": "#2"},
				"down": {"uv": [11, 8, 12, 9], "texture": "#2"}
			}
		},
		{
			"from": [6.75, 1.125, 1.61058],
			"to": [7, 1.375, 2.11058],
			"rotation": {"angle": 0, "axis": "y", "origin": [6.5, 1.25, 1.61058]},
			"faces": {
				"north": {"uv": [11, 8, 12, 9], "texture": "#2"},
				"east": {"uv": [11, 8, 12, 9], "texture": "#2"},
				"south": {"uv": [11, 8, 12, 9], "texture": "#2"},
				"west": {"uv": [11, 8, 12, 9], "texture": "#2"},
				"up": {"uv": [11, 8, 12, 9], "texture": "#2"},
				"down": {"uv": [11, 8, 12, 9], "texture": "#2"}
			}
		},
		{
			"from": [9, 1.125, 1.61058],
			"to": [9.25, 1.375, 2.11058],
			"rotation": {"angle": 0, "axis": "y", "origin": [8.75, 1.25, 1.61058]},
			"faces": {
				"north": {"uv": [11, 8, 12, 9], "texture": "#2"},
				"east": {"uv": [11, 8, 12, 9], "texture": "#2"},
				"south": {"uv": [11, 8, 12, 9], "texture": "#2"},
				"west": {"uv": [11, 8, 12, 9], "texture": "#2"},
				"up": {"uv": [11, 8, 12, 9], "texture": "#2"},
				"down": {"uv": [11, 8, 12, 9], "texture": "#2"}
			}
		},
		{
			"from": [6.75, 2.875, 1.61058],
			"to": [7, 3.125, 2.11058],
			"rotation": {"angle": 0, "axis": "y", "origin": [6.5, 3, 1.61058]},
			"faces": {
				"north": {"uv": [11, 8, 12, 9], "texture": "#2"},
				"east": {"uv": [11, 8, 12, 9], "texture": "#2"},
				"south": {"uv": [11, 8, 12, 9], "texture": "#2"},
				"west": {"uv": [11, 8, 12, 9], "texture": "#2"},
				"up": {"uv": [11, 8, 12, 9], "texture": "#2"},
				"down": {"uv": [11, 8, 12, 9], "texture": "#2"}
			}
		},
		{
			"from": [9, 2.875, 1.61058],
			"to": [9.25, 3.125, 2.11058],
			"rotation": {"angle": 0, "axis": "y", "origin": [8.75, 3, 1.61058]},
			"faces": {
				"north": {"uv": [11, 8, 12, 9], "texture": "#2"},
				"east": {"uv": [11, 8, 12, 9], "texture": "#2"},
				"south": {"uv": [11, 8, 12, 9], "texture": "#2"},
				"west": {"uv": [11, 8, 12, 9], "texture": "#2"},
				"up": {"uv": [11, 8, 12, 9], "texture": "#2"},
				"down": {"uv": [11, 8, 12, 9], "texture": "#2"}
			}
		},
		{
			"from": [7, 3.125, 1.61058],
			"to": [7.25, 3.375, 2.11058],
			"rotation": {"angle": 0, "axis": "y", "origin": [6.75, 3.25, 1.61058]},
			"faces": {
				"north": {"uv": [11, 8, 12, 9], "texture": "#2"},
				"east": {"uv": [11, 8, 12, 9], "texture": "#2"},
				"south": {"uv": [11, 8, 12, 9], "texture": "#2"},
				"west": {"uv": [11, 8, 12, 9], "texture": "#2"},
				"up": {"uv": [11, 8, 12, 9], "texture": "#2"},
				"down": {"uv": [11, 8, 12, 9], "texture": "#2"}
			}
		},
		{
			"from": [8.75, 3.125, 1.61058],
			"to": [9, 3.375, 2.11058],
			"rotation": {"angle": 0, "axis": "y", "origin": [8.5, 3.25, 1.61058]},
			"faces": {
				"north": {"uv": [11, 8, 12, 9], "texture": "#2"},
				"east": {"uv": [11, 8, 12, 9], "texture": "#2"},
				"south": {"uv": [11, 8, 12, 9], "texture": "#2"},
				"west": {"uv": [11, 8, 12, 9], "texture": "#2"},
				"up": {"uv": [11, 8, 12, 9], "texture": "#2"},
				"down": {"uv": [11, 8, 12, 9], "texture": "#2"}
			}
		},
		{
			"from": [7, 0.875, 1.61058],
			"to": [7.25, 1.125, 2.11058],
			"rotation": {"angle": 0, "axis": "y", "origin": [6.75, 1, 1.61058]},
			"faces": {
				"north": {"uv": [11, 8, 12, 9], "texture": "#2"},
				"east": {"uv": [11, 8, 12, 9], "texture": "#2"},
				"south": {"uv": [11, 8, 12, 9], "texture": "#2"},
				"west": {"uv": [11, 8, 12, 9], "texture": "#2"},
				"up": {"uv": [11, 8, 12, 9], "texture": "#2"},
				"down": {"uv": [11, 8, 12, 9], "texture": "#2"}
			}
		},
		{
			"from": [7, 1.125, 2.11058],
			"to": [7.25, 1.375, 2.61058],
			"rotation": {"angle": 0, "axis": "y", "origin": [6.75, 1.25, 2.11058]},
			"faces": {
				"north": {"uv": [11, 8, 12, 9], "texture": "#2"},
				"east": {"uv": [11, 8, 12, 9], "texture": "#2"},
				"south": {"uv": [11, 8, 12, 9], "texture": "#2"},
				"west": {"uv": [11, 8, 12, 9], "texture": "#2"},
				"up": {"uv": [11, 8, 12, 9], "texture": "#2"},
				"down": {"uv": [11, 8, 12, 9], "texture": "#2"}
			}
		},
		{
			"from": [8.75, 1.125, 2.11058],
			"to": [9, 1.375, 2.61058],
			"rotation": {"angle": 0, "axis": "y", "origin": [8.5, 1.25, 2.11058]},
			"faces": {
				"north": {"uv": [11, 8, 12, 9], "texture": "#2"},
				"east": {"uv": [11, 8, 12, 9], "texture": "#2"},
				"south": {"uv": [11, 8, 12, 9], "texture": "#2"},
				"west": {"uv": [11, 8, 12, 9], "texture": "#2"},
				"up": {"uv": [11, 8, 12, 9], "texture": "#2"},
				"down": {"uv": [11, 8, 12, 9], "texture": "#2"}
			}
		},
		{
			"from": [7, 2.875, 2.11058],
			"to": [7.25, 3.125, 2.61058],
			"rotation": {"angle": 0, "axis": "y", "origin": [6.75, 3, 2.11058]},
			"faces": {
				"north": {"uv": [11, 8, 12, 9], "texture": "#2"},
				"east": {"uv": [11, 8, 12, 9], "texture": "#2"},
				"south": {"uv": [11, 8, 12, 9], "texture": "#2"},
				"west": {"uv": [11, 8, 12, 9], "texture": "#2"},
				"up": {"uv": [11, 8, 12, 9], "texture": "#2"},
				"down": {"uv": [11, 8, 12, 9], "texture": "#2"}
			}
		},
		{
			"from": [8.75, 2.875, 2.11058],
			"to": [9, 3.125, 2.61058],
			"rotation": {"angle": 0, "axis": "y", "origin": [8.5, 3, 2.11058]},
			"faces": {
				"north": {"uv": [11, 8, 12, 9], "texture": "#2"},
				"east": {"uv": [11, 8, 12, 9], "texture": "#2"},
				"south": {"uv": [11, 8, 12, 9], "texture": "#2"},
				"west": {"uv": [11, 8, 12, 9], "texture": "#2"},
				"up": {"uv": [11, 8, 12, 9], "texture": "#2"},
				"down": {"uv": [11, 8, 12, 9], "texture": "#2"}
			}
		},
		{
			"from": [8.75, 0.875, 1.61058],
			"to": [9, 1.125, 2.11058],
			"rotation": {"angle": 0, "axis": "y", "origin": [8.5, 1, 1.61058]},
			"faces": {
				"north": {"uv": [11, 8, 12, 9], "texture": "#2"},
				"east": {"uv": [11, 8, 12, 9], "texture": "#2"},
				"south": {"uv": [11, 8, 12, 9], "texture": "#2"},
				"west": {"uv": [11, 8, 12, 9], "texture": "#2"},
				"up": {"uv": [11, 8, 12, 9], "texture": "#2"},
				"down": {"uv": [11, 8, 12, 9], "texture": "#2"}
			}
		},
		{
			"from": [7.25, 0.625, 1.61058],
			"to": [8.75, 0.875, 2.11058],
			"rotation": {"angle": 0, "axis": "y", "origin": [7, 0.75, 1.61058]},
			"faces": {
				"north": {"uv": [11, 8, 12, 9], "texture": "#2"},
				"east": {"uv": [11, 8, 12, 9], "texture": "#2"},
				"south": {"uv": [11, 8, 12, 9], "texture": "#2"},
				"west": {"uv": [11, 8, 12, 9], "texture": "#2"},
				"up": {"uv": [11, 8, 12, 9], "texture": "#2"},
				"down": {"uv": [11, 8, 12, 9], "texture": "#2"}
			}
		},
		{
			"from": [7.25, 0.875, 2.11058],
			"to": [8.75, 1.125, 2.61058],
			"rotation": {"angle": 0, "axis": "y", "origin": [7, 1, 2.11058]},
			"faces": {
				"north": {"uv": [11, 8, 12, 9], "texture": "#2"},
				"east": {"uv": [11, 8, 12, 9], "texture": "#2"},
				"south": {"uv": [11, 8, 12, 9], "texture": "#2"},
				"west": {"uv": [11, 8, 12, 9], "texture": "#2"},
				"up": {"uv": [11, 8, 12, 9], "texture": "#2"},
				"down": {"uv": [11, 8, 12, 9], "texture": "#2"}
			}
		},
		{
			"from": [7.25, 3.125, 2.11058],
			"to": [8.75, 3.375, 2.61058],
			"rotation": {"angle": 0, "axis": "y", "origin": [7, 3.25, 2.11058]},
			"faces": {
				"north": {"uv": [11, 8, 12, 9], "texture": "#2"},
				"east": {"uv": [11, 8, 12, 9], "texture": "#2"},
				"south": {"uv": [11, 8, 12, 9], "texture": "#2"},
				"west": {"uv": [11, 8, 12, 9], "texture": "#2"},
				"up": {"uv": [11, 8, 12, 9], "texture": "#2"},
				"down": {"uv": [11, 8, 12, 9], "texture": "#2"}
			}
		},
		{
			"from": [7.25, 2.875, 2.61058],
			"to": [8.75, 3.125, 3.11058],
			"rotation": {"angle": 0, "axis": "y", "origin": [7, 3, 2.61058]},
			"faces": {
				"north": {"uv": [11, 8, 12, 9], "texture": "#2"},
				"east": {"uv": [11, 8, 12, 9], "texture": "#2"},
				"south": {"uv": [11, 8, 12, 9], "texture": "#2"},
				"west": {"uv": [11, 8, 12, 9], "texture": "#2"},
				"up": {"uv": [11, 8, 12, 9], "texture": "#2"},
				"down": {"uv": [11, 8, 12, 9], "texture": "#2"}
			}
		},
		{
			"from": [7.5, 2.625, 3.11058],
			"to": [8.5, 2.875, 3.61058],
			"rotation": {"angle": 0, "axis": "y", "origin": [7, 2.75, 3.11058]},
			"faces": {
				"north": {"uv": [11, 8, 12, 9], "texture": "#2"},
				"east": {"uv": [11, 8, 12, 9], "texture": "#2"},
				"south": {"uv": [11, 8, 12, 9], "texture": "#2"},
				"west": {"uv": [11, 8, 12, 9], "texture": "#2"},
				"up": {"uv": [11, 8, 12, 9], "texture": "#2"},
				"down": {"uv": [11, 8, 12, 9], "texture": "#2"}
			}
		},
		{
			"from": [7.5, 1.625, 2.61058],
			"to": [8.5, 2.625, 3.11058],
			"rotation": {"angle": 0, "axis": "y", "origin": [7, 1.75, 2.61058]},
			"faces": {
				"north": {"uv": [3, 3, 13, 13], "texture": "#4"},
				"east": {"uv": [6, 3, 10, 13], "texture": "#4"},
				"south": {"uv": [11, 8, 12, 9], "texture": "#2"},
				"west": {"uv": [6, 3, 10, 13], "texture": "#4"},
				"up": {"uv": [3, 6, 13, 10], "texture": "#4"},
				"down": {"uv": [3, 6, 13, 10], "texture": "#4"}
			}
		},
		{
			"from": [7.5, 1.375, 3.11058],
			"to": [8.5, 1.625, 3.61058],
			"rotation": {"angle": 0, "axis": "y", "origin": [7, 1.5, 3.11058]},
			"faces": {
				"north": {"uv": [11, 8, 12, 9], "texture": "#2"},
				"east": {"uv": [11, 8, 12, 9], "texture": "#2"},
				"south": {"uv": [11, 8, 12, 9], "texture": "#2"},
				"west": {"uv": [11, 8, 12, 9], "texture": "#2"},
				"up": {"uv": [11, 8, 12, 9], "texture": "#2"},
				"down": {"uv": [11, 8, 12, 9], "texture": "#2"}
			}
		},
		{
			"from": [7.25, 1.125, 2.61058],
			"to": [8.75, 1.375, 3.11058],
			"rotation": {"angle": 0, "axis": "y", "origin": [7, 1.25, 2.61058]},
			"faces": {
				"north": {"uv": [11, 8, 12, 9], "texture": "#2"},
				"east": {"uv": [11, 8, 12, 9], "texture": "#2"},
				"south": {"uv": [11, 8, 12, 9], "texture": "#2"},
				"west": {"uv": [11, 8, 12, 9], "texture": "#2"},
				"up": {"uv": [11, 8, 12, 9], "texture": "#2"},
				"down": {"uv": [11, 8, 12, 9], "texture": "#2"}
			}
		},
		{
			"from": [7.25, 3.375, 1.61058],
			"to": [8.75, 3.625, 2.11058],
			"rotation": {"angle": 0, "axis": "y", "origin": [7, 3.5, 1.61058]},
			"faces": {
				"north": {"uv": [11, 8, 12, 9], "texture": "#2"},
				"east": {"uv": [11, 8, 12, 9], "texture": "#2"},
				"south": {"uv": [11, 8, 12, 9], "texture": "#2"},
				"west": {"uv": [11, 8, 12, 9], "texture": "#2"},
				"up": {"uv": [11, 8, 12, 9], "texture": "#2"},
				"down": {"uv": [11, 8, 12, 9], "texture": "#2"}
			}
		},
		{
			"from": [7, 3.125, 3.86058],
			"to": [7.25, 3.375, 4.36058],
			"rotation": {"angle": 0, "axis": "y", "origin": [6.75, 3.25, 3.86058]},
			"faces": {
				"north": {"uv": [6, 7, 12, 9], "texture": "#0"},
				"east": {"uv": [6, 7, 12, 9], "texture": "#0"},
				"south": {"uv": [6, 7, 12, 9], "texture": "#0"},
				"west": {"uv": [6, 7, 12, 9], "texture": "#0"},
				"up": {"uv": [2, 7, 4, 12], "texture": "#0"},
				"down": {"uv": [6, 7, 12, 9], "texture": "#0"}
			}
		},
		{
			"from": [9, 2.875, 3.86058],
			"to": [9.25, 3.125, 4.36058],
			"rotation": {"angle": 0, "axis": "y", "origin": [8.75, 3, 3.86058]},
			"faces": {
				"north": {"uv": [6, 7, 12, 9], "texture": "#0"},
				"east": {"uv": [6, 7, 12, 9], "texture": "#0"},
				"south": {"uv": [6, 7, 12, 9], "texture": "#0"},
				"west": {"uv": [6, 7, 12, 9], "texture": "#0"},
				"up": {"uv": [2, 7, 4, 12], "texture": "#0"},
				"down": {"uv": [6, 7, 12, 9], "texture": "#0"}
			}
		},
		{
			"from": [8.75, 3.125, 3.86058],
			"to": [9, 3.375, 4.36058],
			"rotation": {"angle": 0, "axis": "y", "origin": [8.5, 3.25, 3.86058]},
			"faces": {
				"north": {"uv": [6, 7, 12, 9], "texture": "#0"},
				"east": {"uv": [6, 7, 12, 9], "texture": "#0"},
				"south": {"uv": [6, 7, 12, 9], "texture": "#0"},
				"west": {"uv": [6, 7, 12, 9], "texture": "#0"},
				"up": {"uv": [2, 7, 4, 12], "texture": "#0"},
				"down": {"uv": [6, 7, 12, 9], "texture": "#0"}
			}
		},
		{
			"from": [8.75, 0.875, 3.86058],
			"to": [9, 1.125, 4.36058],
			"rotation": {"angle": 0, "axis": "y", "origin": [8.5, 1, 3.86058]},
			"faces": {
				"north": {"uv": [6, 7, 12, 9], "texture": "#0"},
				"east": {"uv": [6, 7, 12, 9], "texture": "#0"},
				"south": {"uv": [6, 7, 12, 9], "texture": "#0"},
				"west": {"uv": [6, 7, 12, 9], "texture": "#0"},
				"up": {"uv": [2, 7, 4, 12], "texture": "#0"},
				"down": {"uv": [6, 7, 12, 9], "texture": "#0"}
			}
		},
		{
			"from": [9, 1.125, 3.86058],
			"to": [9.25, 1.375, 4.36058],
			"rotation": {"angle": 0, "axis": "y", "origin": [8.75, 1.25, 3.86058]},
			"faces": {
				"north": {"uv": [6, 7, 12, 9], "texture": "#0"},
				"east": {"uv": [6, 7, 12, 9], "texture": "#0"},
				"south": {"uv": [6, 7, 12, 9], "texture": "#0"},
				"west": {"uv": [6, 7, 12, 9], "texture": "#0"},
				"up": {"uv": [2, 7, 4, 12], "texture": "#0"},
				"down": {"uv": [6, 7, 12, 9], "texture": "#0"}
			}
		},
		{
			"from": [6.75, 1.125, 3.86058],
			"to": [7, 1.375, 4.36058],
			"rotation": {"angle": 0, "axis": "y", "origin": [6.5, 1.25, 3.86058]},
			"faces": {
				"north": {"uv": [6, 7, 12, 9], "texture": "#0"},
				"east": {"uv": [6, 7, 12, 9], "texture": "#0"},
				"south": {"uv": [6, 7, 12, 9], "texture": "#0"},
				"west": {"uv": [6, 7, 12, 9], "texture": "#0"},
				"up": {"uv": [2, 7, 4, 12], "texture": "#0"},
				"down": {"uv": [6, 7, 12, 9], "texture": "#0"}
			}
		},
		{
			"from": [7, 0.875, 3.86058],
			"to": [7.25, 1.125, 4.36058],
			"rotation": {"angle": 0, "axis": "y", "origin": [6.75, 1, 3.86058]},
			"faces": {
				"north": {"uv": [6, 7, 12, 9], "texture": "#0"},
				"east": {"uv": [6, 7, 12, 9], "texture": "#0"},
				"south": {"uv": [6, 7, 12, 9], "texture": "#0"},
				"west": {"uv": [6, 7, 12, 9], "texture": "#0"},
				"up": {"uv": [2, 7, 4, 12], "texture": "#0"},
				"down": {"uv": [6, 7, 12, 9], "texture": "#0"}
			}
		},
		{
			"from": [7.25, 3.125, 3.86058],
			"to": [7.5, 3.375, 4.36058],
			"rotation": {"angle": 0, "axis": "y", "origin": [7, 3.25, 3.86058]},
			"faces": {
				"north": {"uv": [6, 7, 12, 9], "texture": "#0"},
				"east": {"uv": [6, 7, 12, 9], "texture": "#0"},
				"south": {"uv": [6, 7, 12, 9], "texture": "#0"},
				"west": {"uv": [6, 7, 12, 9], "texture": "#0"},
				"up": {"uv": [2, 7, 4, 12], "texture": "#0"},
				"down": {"uv": [6, 7, 12, 9], "texture": "#0"}
			}
		},
		{
			"from": [7.25, 1.125, 4.36058],
			"to": [7.5, 1.375, 4.86058],
			"rotation": {"angle": 0, "axis": "y", "origin": [7, 1.25, 4.36058]},
			"faces": {
				"north": {"uv": [6, 7, 12, 9], "texture": "#0"},
				"east": {"uv": [6, 7, 12, 9], "texture": "#0"},
				"south": {"uv": [6, 7, 12, 9], "texture": "#0"},
				"west": {"uv": [6, 7, 12, 9], "texture": "#0"},
				"up": {"uv": [2, 7, 4, 12], "texture": "#0"},
				"down": {"uv": [6, 7, 12, 9], "texture": "#0"}
			}
		},
		{
			"from": [7.5, 1.375, 4.86058],
			"to": [8.5, 2.875, 5.36058],
			"rotation": {"angle": 0, "axis": "y", "origin": [7.25, 1.5, 4.86058]},
			"faces": {
				"north": {"uv": [6, 7, 12, 16], "texture": "#0"},
				"east": {"uv": [6, 7, 12, 9], "texture": "#0"},
				"south": {"uv": [6, 7, 12, 9], "texture": "#0"},
				"west": {"uv": [6, 7, 12, 9], "texture": "#0"},
				"up": {"uv": [2, 7, 4, 12], "texture": "#0"},
				"down": {"uv": [6, 7, 12, 9], "texture": "#0"}
			}
		},
		{
			"from": [7.25, 1.625, 4.86058],
			"to": [7.5, 2.625, 5.36058],
			"rotation": {"angle": 0, "axis": "y", "origin": [7, 1.5, 4.86058]},
			"faces": {
				"north": {"uv": [10, 7, 12, 16], "texture": "#0"},
				"east": {"uv": [6, 7, 12, 9], "texture": "#0"},
				"south": {"uv": [6, 7, 12, 9], "texture": "#0"},
				"west": {"uv": [6, 7, 12, 9], "texture": "#0"},
				"up": {"uv": [2, 7, 4, 12], "texture": "#0"},
				"down": {"uv": [6, 7, 12, 9], "texture": "#0"}
			}
		},
		{
			"from": [8.5, 1.625, 4.86058],
			"to": [8.75, 2.625, 5.36058],
			"rotation": {"angle": 0, "axis": "y", "origin": [8.25, 1.5, 4.86058]},
			"faces": {
				"north": {"uv": [10, 7, 12, 16], "texture": "#0"},
				"east": {"uv": [6, 7, 12, 9], "texture": "#0"},
				"south": {"uv": [6, 7, 12, 9], "texture": "#0"},
				"west": {"uv": [6, 7, 12, 9], "texture": "#0"},
				"up": {"uv": [2, 7, 4, 12], "texture": "#0"},
				"down": {"uv": [6, 7, 12, 9], "texture": "#0"}
			}
		},
		{
			"from": [8.5, 1.125, 4.36058],
			"to": [8.75, 1.375, 4.86058],
			"rotation": {"angle": 0, "axis": "y", "origin": [8.25, 1.25, 4.36058]},
			"faces": {
				"north": {"uv": [6, 7, 12, 9], "texture": "#0"},
				"east": {"uv": [6, 7, 12, 9], "texture": "#0"},
				"south": {"uv": [6, 7, 12, 9], "texture": "#0"},
				"west": {"uv": [6, 7, 12, 9], "texture": "#0"},
				"up": {"uv": [2, 7, 4, 12], "texture": "#0"},
				"down": {"uv": [6, 7, 12, 9], "texture": "#0"}
			}
		},
		{
			"from": [7, 2.625, 4.36058],
			"to": [7.25, 2.875, 4.86058],
			"rotation": {"angle": 0, "axis": "y", "origin": [6.75, 2.75, 4.36058]},
			"faces": {
				"north": {"uv": [6, 7, 12, 9], "texture": "#0"},
				"east": {"uv": [6, 7, 12, 9], "texture": "#0"},
				"south": {"uv": [6, 7, 12, 9], "texture": "#0"},
				"west": {"uv": [6, 7, 12, 9], "texture": "#0"},
				"up": {"uv": [2, 7, 4, 12], "texture": "#0"},
				"down": {"uv": [6, 7, 12, 9], "texture": "#0"}
			}
		},
		{
			"from": [7, 1.375, 4.36058],
			"to": [7.25, 1.625, 4.86058],
			"rotation": {"angle": 0, "axis": "y", "origin": [6.75, 1.5, 4.36058]},
			"faces": {
				"north": {"uv": [6, 7, 12, 9], "texture": "#0"},
				"east": {"uv": [6, 7, 12, 9], "texture": "#0"},
				"south": {"uv": [6, 7, 12, 9], "texture": "#0"},
				"west": {"uv": [6, 7, 12, 9], "texture": "#0"},
				"up": {"uv": [2, 7, 4, 12], "texture": "#0"},
				"down": {"uv": [6, 7, 12, 9], "texture": "#0"}
			}
		},
		{
			"from": [8.75, 1.375, 4.36058],
			"to": [9, 1.625, 4.86058],
			"rotation": {"angle": 0, "axis": "y", "origin": [8.5, 1.5, 4.36058]},
			"faces": {
				"north": {"uv": [6, 7, 12, 9], "texture": "#0"},
				"east": {"uv": [6, 7, 12, 9], "texture": "#0"},
				"south": {"uv": [6, 7, 12, 9], "texture": "#0"},
				"west": {"uv": [6, 7, 12, 9], "texture": "#0"},
				"up": {"uv": [2, 7, 4, 12], "texture": "#0"},
				"down": {"uv": [6, 7, 12, 9], "texture": "#0"}
			}
		},
		{
			"from": [6.75, 1.375, 4.36058],
			"to": [7, 2.875, 4.86058],
			"rotation": {"angle": 0, "axis": "y", "origin": [6.5, 2.5, 4.36058]},
			"faces": {
				"north": {"uv": [6, 7, 12, 9], "texture": "#0"},
				"east": {"uv": [6, 7, 12, 9], "texture": "#0"},
				"south": {"uv": [6, 7, 12, 9], "texture": "#0"},
				"west": {"uv": [6, 7, 12, 9], "texture": "#0"},
				"up": {"uv": [2, 7, 12, 12], "texture": "#0"},
				"down": {"uv": [6, 7, 12, 9], "texture": "#0"}
			}
		},
		{
			"from": [6.5, 1.375, 3.86058],
			"to": [6.75, 2.875, 4.36058],
			"rotation": {"angle": 0, "axis": "y", "origin": [6.25, 2.5, 3.86058]},
			"faces": {
				"north": {"uv": [6, 7, 12, 9], "texture": "#0"},
				"east": {"uv": [6, 7, 12, 9], "texture": "#0"},
				"south": {"uv": [6, 7, 12, 12], "texture": "#0"},
				"west": {"uv": [6, 7, 12, 9], "texture": "#0"},
				"up": {"uv": [2, 7, 12, 12], "texture": "#0"},
				"down": {"uv": [6, 7, 12, 9], "texture": "#0"}
			}
		},
		{
			"from": [6.25, 1.375, 1.36058],
			"to": [6.5, 2.875, 3.86058],
			"rotation": {"angle": 0, "axis": "y", "origin": [6, 2.5, 3.36058]},
			"faces": {
				"north": {"uv": [6, 7, 8, 16], "texture": "#0"},
				"east": {"uv": [4, 6, 16, 11], "texture": "#0"},
				"south": {"uv": [6, 7, 12, 9], "texture": "#0"},
				"west": {"uv": [4, 6, 16, 11], "texture": "#0"},
				"up": {"uv": [2, 7, 12, 12], "texture": "#0"},
				"down": {"uv": [6, 7, 12, 9], "texture": "#0"}
			}
		},
		{
			"from": [9.5, 1.375, 1.42308],
			"to": [9.75, 2.875, 3.86058],
			"rotation": {"angle": 0, "axis": "y", "origin": [9.25, 2.5, 3.36058]},
			"faces": {
				"north": {"uv": [6, 7, 8, 16], "texture": "#0"},
				"east": {"uv": [4, 6, 16, 11], "texture": "#0"},
				"south": {"uv": [6, 7, 12, 9], "texture": "#0"},
				"west": {"uv": [4, 6, 16, 11], "texture": "#0"},
				"up": {"uv": [2, 7, 12, 12], "texture": "#0"},
				"down": {"uv": [6, 7, 12, 9], "texture": "#0"}
			}
		},
		{
			"from": [9, 1.375, 4.36058],
			"to": [9.25, 2.875, 4.86058],
			"rotation": {"angle": 0, "axis": "y", "origin": [8.75, 2.5, 4.36058]},
			"faces": {
				"north": {"uv": [6, 7, 12, 9], "texture": "#0"},
				"east": {"uv": [6, 7, 12, 9], "texture": "#0"},
				"south": {"uv": [6, 7, 12, 9], "texture": "#0"},
				"west": {"uv": [6, 7, 12, 9], "texture": "#0"},
				"up": {"uv": [2, 7, 12, 12], "texture": "#0"},
				"down": {"uv": [6, 7, 12, 9], "texture": "#0"}
			}
		},
		{
			"from": [9.25, 1.375, 3.86058],
			"to": [9.5, 2.875, 4.36058],
			"rotation": {"angle": 0, "axis": "y", "origin": [9, 2.5, 3.86058]},
			"faces": {
				"north": {"uv": [6, 7, 12, 9], "texture": "#0"},
				"east": {"uv": [6, 7, 12, 9], "texture": "#0"},
				"south": {"uv": [6, 7, 12, 9], "texture": "#0"},
				"west": {"uv": [6, 7, 12, 9], "texture": "#0"},
				"up": {"uv": [2, 7, 12, 12], "texture": "#0"},
				"down": {"uv": [6, 7, 12, 9], "texture": "#0"}
			}
		},
		{
			"from": [7.5, 1.125, 6.36058],
			"to": [8.5, 1.375, 7.36058],
			"rotation": {"angle": 0, "axis": "y", "origin": [8, 1.25, 6.86058]},
			"faces": {
				"north": {"uv": [6, 7, 8, 9], "rotation": 180, "texture": "#1"},
				"east": {"uv": [6, 7, 8, 9], "texture": "#1"},
				"south": {"uv": [6, 7, 8, 9], "texture": "#1"},
				"west": {"uv": [6, 7, 8, 9], "texture": "#1"},
				"up": {"uv": [6, 7, 8, 9], "texture": "#1"},
				"down": {"uv": [6, 7, 8, 9], "texture": "#1"}
			}
		},
		{
			"from": [7.5, 1.125, 4.86058],
			"to": [8.5, 1.375, 6.36058],
			"rotation": {"angle": 0, "axis": "y", "origin": [8, 1.25, 5.86058]},
			"faces": {
				"north": {"uv": [6, 7, 8, 9], "rotation": 180, "texture": "#0"},
				"east": {"uv": [6, 7, 8, 9], "texture": "#0"},
				"south": {"uv": [6, 7, 8, 9], "texture": "#0"},
				"west": {"uv": [6, 7, 8, 9], "texture": "#0"},
				"up": {"uv": [6, 7, 8, 9], "texture": "#0"},
				"down": {"uv": [6, 7, 8, 9], "texture": "#0"}
			}
		},
		{
			"from": [7, 1.625, 6.36058],
			"to": [7.25, 2.625, 7.36058],
			"rotation": {"angle": 0, "axis": "y", "origin": [6.25, 2.125, 4.5625]},
			"faces": {
				"north": {"uv": [6, 7, 8, 9], "rotation": 270, "texture": "#1"},
				"east": {"uv": [6, 7, 8, 9], "rotation": 270, "texture": "#1"},
				"south": {"uv": [6, 7, 8, 9], "rotation": 270, "texture": "#1"},
				"west": {"uv": [6, 7, 8, 9], "rotation": 270, "texture": "#1"},
				"up": {"uv": [6, 7, 8, 9], "rotation": 270, "texture": "#1"},
				"down": {"uv": [6, 7, 8, 9], "rotation": 270, "texture": "#1"}
			}
		},
		{
			"from": [7, 1.625, 4.86058],
			"to": [7.25, 2.625, 6.36058],
			"rotation": {"angle": 0, "axis": "y", "origin": [6.25, 2.125, 3.5625]},
			"faces": {
				"north": {"uv": [6, 7, 8, 9], "rotation": 270, "texture": "#0"},
				"east": {"uv": [6, 7, 8, 9], "rotation": 270, "texture": "#0"},
				"south": {"uv": [6, 7, 8, 9], "rotation": 270, "texture": "#0"},
				"west": {"uv": [6, 7, 8, 9], "rotation": 270, "texture": "#0"},
				"up": {"uv": [6, 7, 8, 9], "rotation": 270, "texture": "#0"},
				"down": {"uv": [6, 7, 8, 9], "rotation": 270, "texture": "#0"}
			}
		},
		{
			"from": [7.25, 2.625, 6.36058],
			"to": [7.5, 2.875, 7.36058],
			"rotation": {"angle": 0, "axis": "y", "origin": [6.5, 2.375, 4.5625]},
			"faces": {
				"north": {"uv": [6, 7, 8, 9], "rotation": 270, "texture": "#1"},
				"east": {"uv": [6, 7, 8, 9], "rotation": 270, "texture": "#1"},
				"south": {"uv": [6, 7, 8, 9], "rotation": 270, "texture": "#1"},
				"west": {"uv": [6, 7, 8, 9], "rotation": 270, "texture": "#1"},
				"up": {"uv": [6, 7, 8, 9], "rotation": 270, "texture": "#1"},
				"down": {"uv": [6, 7, 8, 9], "rotation": 270, "texture": "#1"}
			}
		},
		{
			"from": [7.25, 2.625, 4.86058],
			"to": [7.5, 2.875, 6.36058],
			"rotation": {"angle": 0, "axis": "y", "origin": [6.5, 2.375, 3.5625]},
			"faces": {
				"north": {"uv": [6, 7, 8, 9], "rotation": 270, "texture": "#0"},
				"east": {"uv": [6, 7, 8, 9], "rotation": 270, "texture": "#0"},
				"south": {"uv": [6, 7, 8, 9], "rotation": 270, "texture": "#0"},
				"west": {"uv": [6, 7, 8, 9], "rotation": 270, "texture": "#0"},
				"up": {"uv": [6, 7, 8, 9], "rotation": 270, "texture": "#0"},
				"down": {"uv": [6, 7, 8, 9], "rotation": 270, "texture": "#0"}
			}
		},
		{
			"from": [7.25, 1.375, 6.36058],
			"to": [7.5, 1.625, 7.36058],
			"rotation": {"angle": 0, "axis": "y", "origin": [6.5, 1.125, 4.5625]},
			"faces": {
				"north": {"uv": [6, 7, 8, 9], "rotation": 270, "texture": "#1"},
				"east": {"uv": [6, 7, 8, 9], "rotation": 270, "texture": "#1"},
				"south": {"uv": [6, 7, 8, 9], "rotation": 270, "texture": "#1"},
				"west": {"uv": [6, 7, 8, 9], "rotation": 270, "texture": "#1"},
				"up": {"uv": [6, 7, 8, 9], "rotation": 270, "texture": "#1"},
				"down": {"uv": [6, 7, 8, 9], "rotation": 270, "texture": "#1"}
			}
		},
		{
			"from": [7.25, 1.375, 4.86058],
			"to": [7.5, 1.625, 6.36058],
			"rotation": {"angle": 0, "axis": "y", "origin": [6.5, 1.125, 3.5625]},
			"faces": {
				"north": {"uv": [6, 7, 8, 9], "rotation": 270, "texture": "#0"},
				"east": {"uv": [6, 7, 8, 9], "rotation": 270, "texture": "#0"},
				"south": {"uv": [6, 7, 8, 9], "rotation": 270, "texture": "#0"},
				"west": {"uv": [6, 7, 8, 9], "rotation": 270, "texture": "#0"},
				"up": {"uv": [6, 7, 8, 9], "rotation": 270, "texture": "#0"},
				"down": {"uv": [6, 7, 8, 9], "rotation": 270, "texture": "#0"}
			}
		},
		{
			"from": [8.5, 2.625, 6.36058],
			"to": [8.75, 2.875, 7.36058],
			"rotation": {"angle": 0, "axis": "y", "origin": [7.75, 2.375, 4.5625]},
			"faces": {
				"north": {"uv": [6, 7, 8, 9], "rotation": 270, "texture": "#1"},
				"east": {"uv": [6, 7, 8, 9], "rotation": 270, "texture": "#1"},
				"south": {"uv": [6, 7, 8, 9], "rotation": 270, "texture": "#1"},
				"west": {"uv": [6, 7, 8, 9], "rotation": 270, "texture": "#1"},
				"up": {"uv": [6, 7, 8, 9], "rotation": 270, "texture": "#1"},
				"down": {"uv": [6, 7, 8, 9], "rotation": 270, "texture": "#1"}
			}
		},
		{
			"from": [8.5, 2.625, 4.86058],
			"to": [8.75, 2.875, 6.36058],
			"rotation": {"angle": 0, "axis": "y", "origin": [7.75, 2.375, 3.5625]},
			"faces": {
				"north": {"uv": [6, 7, 8, 9], "rotation": 270, "texture": "#0"},
				"east": {"uv": [6, 7, 8, 9], "rotation": 270, "texture": "#0"},
				"south": {"uv": [6, 7, 8, 9], "rotation": 270, "texture": "#0"},
				"west": {"uv": [6, 7, 8, 9], "rotation": 270, "texture": "#0"},
				"up": {"uv": [6, 7, 8, 9], "rotation": 270, "texture": "#0"},
				"down": {"uv": [6, 7, 8, 9], "rotation": 270, "texture": "#0"}
			}
		},
		{
			"from": [8.5, 1.375, 6.36058],
			"to": [8.75, 1.625, 7.36058],
			"rotation": {"angle": 0, "axis": "y", "origin": [7.75, 1.125, 4.5625]},
			"faces": {
				"north": {"uv": [6, 7, 8, 9], "rotation": 270, "texture": "#1"},
				"east": {"uv": [6, 7, 8, 9], "rotation": 270, "texture": "#1"},
				"south": {"uv": [6, 7, 8, 9], "rotation": 270, "texture": "#1"},
				"west": {"uv": [6, 7, 8, 9], "rotation": 270, "texture": "#1"},
				"up": {"uv": [6, 7, 8, 9], "rotation": 270, "texture": "#1"},
				"down": {"uv": [6, 7, 8, 9], "rotation": 270, "texture": "#1"}
			}
		},
		{
			"from": [8.5, 1.375, 4.86058],
			"to": [8.75, 1.625, 6.36058],
			"rotation": {"angle": 0, "axis": "y", "origin": [7.75, 1.125, 3.5625]},
			"faces": {
				"north": {"uv": [6, 7, 8, 9], "rotation": 270, "texture": "#0"},
				"east": {"uv": [6, 7, 8, 9], "rotation": 270, "texture": "#0"},
				"south": {"uv": [6, 7, 8, 9], "rotation": 270, "texture": "#0"},
				"west": {"uv": [6, 7, 8, 9], "rotation": 270, "texture": "#0"},
				"up": {"uv": [6, 7, 8, 9], "rotation": 270, "texture": "#0"},
				"down": {"uv": [6, 7, 8, 9], "rotation": 270, "texture": "#0"}
			}
		},
		{
			"from": [7, 1.625, 7.36058],
			"to": [7.25, 2.625, 14.36058],
			"rotation": {"angle": 0, "axis": "y", "origin": [8, 2.125, 11.5625]},
			"faces": {
				"north": {"uv": [13, 13, 16, 16], "rotation": 90, "texture": "#0"},
				"east": {"uv": [13, 13, 16, 16], "rotation": 90, "texture": "#0"},
				"south": {"uv": [13, 13, 16, 16], "rotation": 90, "texture": "#0"},
				"west": {"uv": [7, 0, 10, 16], "rotation": 90, "texture": "#0"},
				"up": {"uv": [13, 13, 16, 16], "rotation": 90, "texture": "#0"},
				"down": {"uv": [13, 13, 16, 16], "rotation": 90, "texture": "#0"}
			}
		}
	],
	"display": {
		"thirdperson_righthand": {
			"translation": [0, 4, -0.5],
			"scale": [0.6, 0.6, 0.6]
		},
		"thirdperson_lefthand": {
			"scale": [0, 0, 0]
		},
		"firstperson_righthand": {
			"rotation": [-5, -5, 9],
			"translation": [4, 20, -4.25],
			"scale": [1.8, 1.8, 1.8]
		},
		"firstperson_lefthand": {
			"scale": [0, 0, 0]
		},
		"ground": {
			"translation": [0, 2, 0],
			"scale": [0.6, 0.6, 0.6]
		},
		"gui": {
			"rotation": [129, -34, 0],
			"translation": [-0.5, -5, 0],
			"scale": [1.25, 1.25, 1.25]
		}
	}
}